-- phpMyAdmin SQL Dump
-- version 5.2.0
-- https://www.phpmyadmin.net/
--
-- Host: localhost:3306
-- Generation Time: Jun 11, 2025 at 01:40 PM
-- Server version: 8.0.30
-- PHP Version: 8.2.20

SET SQL_MODE = "NO_AUTO_VALUE_ON_ZERO";
START TRANSACTION;
SET time_zone = "+00:00";


/*!40101 SET @OLD_CHARACTER_SET_CLIENT=@@CHARACTER_SET_CLIENT */;
/*!40101 SET @OLD_CHARACTER_SET_RESULTS=@@CHARACTER_SET_RESULTS */;
/*!40101 SET @OLD_COLLATION_CONNECTION=@@COLLATION_CONNECTION */;
/*!40101 SET NAMES utf8mb4 */;

--
-- Database: `datn-devfoods`
--

-- --------------------------------------------------------

--
-- Table structure for table `addresses`
--

CREATE TABLE `addresses` (
  `id` bigint UNSIGNED NOT NULL,
  `user_id` bigint UNSIGNED DEFAULT NULL,
  `address_line` varchar(191) COLLATE utf8mb4_unicode_ci NOT NULL,
  `city` varchar(191) COLLATE utf8mb4_unicode_ci NOT NULL,
  `district` varchar(191) COLLATE utf8mb4_unicode_ci NOT NULL,
  `ward` varchar(191) COLLATE utf8mb4_unicode_ci NOT NULL,
  `phone_number` varchar(191) COLLATE utf8mb4_unicode_ci NOT NULL,
  `is_default` tinyint(1) NOT NULL DEFAULT '0',
  `latitude` decimal(10,8) DEFAULT NULL,
  `longitude` decimal(11,8) DEFAULT NULL,
  `created_at` timestamp NULL DEFAULT NULL,
  `updated_at` timestamp NULL DEFAULT NULL
) ENGINE=InnoDB DEFAULT CHARSET=utf8mb4 COLLATE=utf8mb4_unicode_ci;

-- --------------------------------------------------------

--
-- Table structure for table `banners`
--

CREATE TABLE `banners` (
  `id` bigint UNSIGNED NOT NULL,
  `title` varchar(191) COLLATE utf8mb4_unicode_ci DEFAULT NULL,
  `image_path` varchar(191) COLLATE utf8mb4_unicode_ci NOT NULL,
  `position` varchar(191) COLLATE utf8mb4_unicode_ci NOT NULL DEFAULT 'homepage',
  `description` text COLLATE utf8mb4_unicode_ci,
  `link` varchar(191) COLLATE utf8mb4_unicode_ci DEFAULT NULL,
  `is_active` tinyint(1) NOT NULL DEFAULT '1',
  `start_at` timestamp NULL DEFAULT NULL,
  `end_at` timestamp NULL DEFAULT NULL,
  `order` int DEFAULT '0',
  `created_at` timestamp NULL DEFAULT NULL,
  `updated_at` timestamp NULL DEFAULT NULL
) ENGINE=InnoDB DEFAULT CHARSET=utf8mb4 COLLATE=utf8mb4_unicode_ci;

--
-- Dumping data for table `banners`
--

INSERT INTO `banners` (`id`, `title`, `image_path`, `position`, `description`, `link`, `is_active`, `start_at`, `end_at`, `order`, `created_at`, `updated_at`) VALUES
(1, 'Banner mẫu 1', 'https://datnsum2025.s3.ap-southeast-2.amazonaws.com/banners/85uaZecTolXsa4lLxJaBqOzAsMiEtNlqtZf2iiXy.png', 'homepage', 'Banner được tạo tự động từ ảnh mẫu', '/shop/products/15', 1, '2025-06-02 15:37:48', '2025-06-09 15:37:48', 0, '2025-06-02 15:37:48', '2025-06-02 15:37:48'),
(2, 'Banner chân trang', 'https://example.com/banners/footer.jpg', 'footers', 'Banner cho phần chân trang', '/footer/info', 1, '2025-06-02 15:37:48', '2025-06-09 15:37:48', NULL, '2025-06-02 15:37:48', '2025-06-02 15:37:48'),
(3, 'Banner khuyến mãi', 'https://example.com/banners/promotion.jpg', 'promotions', 'Banner chương trình khuyến mãi', '/promotions', 1, '2025-06-02 15:37:48', '2025-06-09 15:37:48', NULL, '2025-06-02 15:37:48', '2025-06-02 15:37:48'),
(4, 'Banner menu', 'https://example.com/banners/menu.jpg', 'menu', 'Banner cho thanh menu chính', '/menu', 1, '2025-06-02 15:37:48', '2025-06-09 15:37:48', NULL, '2025-06-02 15:37:48', '2025-06-02 15:37:48'),
(5, 'Banner chi nhánh', 'https://example.com/banners/branch.jpg', 'branch', 'Banner giới thiệu chi nhánh', '/branches', 1, '2025-06-02 15:37:48', '2025-06-09 15:37:48', NULL, '2025-06-02 15:37:48', '2025-06-02 15:37:48'),
(6, 'Banner giới thiệu', 'https://example.com/banners/about.jpg', 'abouts', 'Banner phần giới thiệu', '/about-us', 1, '2025-06-02 15:37:48', '2025-06-09 15:37:48', NULL, '2025-06-02 15:37:48', '2025-06-02 15:37:48'),
(7, 'Banner hỗ trợ', 'https://example.com/banners/support.jpg', 'supports', 'Banner phần hỗ trợ khách hàng', '/support', 1, '2025-06-02 15:37:48', '2025-06-09 15:37:48', NULL, '2025-06-02 15:37:48', '2025-06-02 15:37:48'),
(8, 'Banner liên hệ', 'https://example.com/banners/contact.jpg', 'contacts', 'Banner phần liên hệ', '/contact', 1, '2025-06-02 15:37:48', '2025-06-09 15:37:48', NULL, '2025-06-02 15:37:48', '2025-06-02 15:37:48');

-- --------------------------------------------------------

--
-- Table structure for table `branches`
--

CREATE TABLE `branches` (
  `id` bigint UNSIGNED NOT NULL,
  `branch_code` varchar(191) COLLATE utf8mb4_unicode_ci NOT NULL,
  `name` varchar(191) COLLATE utf8mb4_unicode_ci NOT NULL,
  `address` varchar(255) COLLATE utf8mb4_unicode_ci NOT NULL,
  `phone` varchar(191) COLLATE utf8mb4_unicode_ci NOT NULL,
  `email` varchar(191) COLLATE utf8mb4_unicode_ci NOT NULL,
  `manager_user_id` bigint UNSIGNED DEFAULT NULL,
  `latitude` decimal(10,8) DEFAULT NULL,
  `longitude` decimal(11,8) DEFAULT NULL,
  `opening_hour` time NOT NULL,
  `closing_hour` time NOT NULL,
  `active` tinyint(1) NOT NULL DEFAULT '1',
  `balance` decimal(10,2) NOT NULL DEFAULT '0.00',
  `rating` decimal(3,2) NOT NULL DEFAULT '5.00',
  `reliability_score` int NOT NULL DEFAULT '100',
  `created_at` timestamp NULL DEFAULT NULL,
  `updated_at` timestamp NULL DEFAULT NULL
) ENGINE=InnoDB DEFAULT CHARSET=utf8mb4 COLLATE=utf8mb4_unicode_ci;

--
-- Dumping data for table `branches`
--

INSERT INTO `branches` (`id`, `branch_code`, `name`, `address`, `phone`, `email`, `manager_user_id`, `latitude`, `longitude`, `opening_hour`, `closing_hour`, `active`, `balance`, `rating`, `reliability_score`, `created_at`, `updated_at`) VALUES
(1, 'HN001', 'Chi nhánh Hà Nội', '123 Đường Láng, Đống Đa, Hà Nội', '0243123456', 'hanoi@devfoods.com', 16, '21.02780000', '105.83420000', '07:30:00', '22:30:00', 1, '5450.00', '4.80', 91, '2025-06-02 15:34:10', '2025-06-02 15:34:10'),
(2, 'HN002', 'Chi nhánh Hồ Chí Minh', '456 Nguyễn Huệ, Quận 1, TP. Hồ Chí Minh', '0283456789', 'hcm@devfoods.com', 17, '10.77690000', '106.70090000', '07:00:00', '23:00:00', 1, '9507.00', '4.30', 99, '2025-06-02 15:34:10', '2025-06-02 15:34:10'),
(3, 'HN003', 'Chi nhánh Đà Nẵng', '789 Nguyễn Văn Linh, Hải Châu, Đà Nẵng', '0236789012', 'danang@devfoods.com', 18, '16.05440000', '108.20220000', '08:00:00', '22:00:00', 1, '6740.00', '4.90', 90, '2025-06-02 15:34:10', '2025-06-02 15:34:10');

-- --------------------------------------------------------

--
-- Table structure for table `branch_images`
--

CREATE TABLE `branch_images` (
  `id` bigint UNSIGNED NOT NULL,
  `branch_id` bigint UNSIGNED NOT NULL,
  `image_path` varchar(191) COLLATE utf8mb4_unicode_ci NOT NULL,
  `caption` varchar(191) COLLATE utf8mb4_unicode_ci DEFAULT NULL,
  `is_primary` tinyint(1) NOT NULL DEFAULT '0',
  `created_at` timestamp NULL DEFAULT NULL,
  `updated_at` timestamp NULL DEFAULT NULL
) ENGINE=InnoDB DEFAULT CHARSET=utf8mb4 COLLATE=utf8mb4_unicode_ci;

-- --------------------------------------------------------

--
-- Table structure for table `branch_stocks`
--

CREATE TABLE `branch_stocks` (
  `id` bigint UNSIGNED NOT NULL,
  `branch_id` bigint UNSIGNED NOT NULL,
  `product_variant_id` bigint UNSIGNED NOT NULL,
  `stock_quantity` int NOT NULL DEFAULT '0',
  `created_at` timestamp NULL DEFAULT NULL,
  `updated_at` timestamp NULL DEFAULT NULL
) ENGINE=InnoDB DEFAULT CHARSET=utf8mb4 COLLATE=utf8mb4_unicode_ci;

--
-- Dumping data for table `branch_stocks`
--

INSERT INTO `branch_stocks` (`id`, `branch_id`, `product_variant_id`, `stock_quantity`, `created_at`, `updated_at`) VALUES
(1, 1, 1, 8, NULL, NULL),
(2, 1, 2, 73, NULL, NULL),
(3, 1, 3, 17, NULL, NULL),
(4, 1, 4, 4, NULL, NULL),
(5, 1, 5, 4, NULL, NULL),
(6, 1, 6, 29, NULL, NULL),
(7, 1, 7, 51, NULL, NULL),
(8, 1, 8, 68, NULL, NULL),
(9, 1, 9, 55, NULL, NULL),
(10, 1, 10, 33, NULL, NULL),
(11, 1, 11, 58, NULL, NULL),
(12, 1, 12, 3, NULL, NULL),
(13, 1, 13, 32, NULL, NULL),
(14, 1, 14, 25, NULL, NULL),
(15, 1, 15, 84, NULL, NULL),
(16, 1, 16, 29, NULL, NULL),
(17, 1, 17, 58, NULL, NULL),
(18, 1, 18, 35, NULL, NULL),
(19, 1, 19, 4, NULL, NULL),
(20, 1, 20, 73, NULL, NULL),
(21, 1, 21, 92, NULL, NULL),
(22, 1, 22, 43, NULL, NULL),
(23, 1, 23, 12, NULL, NULL),
(24, 1, 24, 21, NULL, NULL),
(25, 1, 25, 8, NULL, NULL),
(26, 1, 26, 44, NULL, NULL),
(27, 1, 27, 61, NULL, NULL),
(28, 1, 28, 79, NULL, NULL),
(29, 1, 29, 30, NULL, NULL),
(30, 1, 30, 7, NULL, NULL),
(31, 1, 31, 35, NULL, NULL),
(32, 1, 32, 33, NULL, NULL),
(33, 1, 33, 69, NULL, NULL),
(34, 1, 34, 77, NULL, NULL),
(35, 1, 35, 32, NULL, NULL),
(36, 1, 36, 75, NULL, NULL),
(37, 1, 37, 81, NULL, NULL),
(38, 1, 38, 3, NULL, NULL),
(39, 1, 39, 53, NULL, NULL),
(40, 1, 40, 90, NULL, NULL),
(41, 1, 41, 76, NULL, NULL),
(42, 1, 42, 19, NULL, NULL),
(43, 1, 43, 12, NULL, NULL),
(44, 1, 44, 94, NULL, NULL),
(45, 1, 45, 81, NULL, NULL),
(46, 1, 46, 92, NULL, NULL),
(47, 1, 47, 96, NULL, NULL),
(48, 1, 48, 83, NULL, NULL),
(49, 1, 49, 46, NULL, NULL),
(50, 1, 50, 43, NULL, NULL),
(51, 1, 51, 96, NULL, NULL),
(52, 1, 52, 46, NULL, NULL),
(53, 1, 53, 3, NULL, NULL),
(54, 1, 54, 45, NULL, NULL),
(55, 1, 55, 94, NULL, NULL),
(56, 1, 56, 25, NULL, NULL),
(57, 1, 57, 32, NULL, NULL),
(58, 1, 58, 37, NULL, NULL),
(59, 1, 59, 47, NULL, NULL),
(60, 1, 60, 43, NULL, NULL),
(61, 1, 61, 41, NULL, NULL),
(62, 1, 62, 46, NULL, NULL),
(63, 1, 63, 48, NULL, NULL),
(64, 1, 64, 59, NULL, NULL),
(65, 1, 65, 64, NULL, NULL),
(66, 1, 66, 12, NULL, NULL),
(67, 1, 67, 78, NULL, NULL),
(68, 1, 68, 10, NULL, NULL),
(69, 1, 69, 49, NULL, NULL),
(70, 1, 70, 21, NULL, NULL),
(71, 1, 71, 100, NULL, NULL),
(72, 1, 72, 32, NULL, NULL),
(73, 1, 73, 16, NULL, NULL),
(74, 1, 74, 1, NULL, NULL),
(75, 1, 75, 49, NULL, NULL),
(76, 1, 76, 83, NULL, NULL),
(77, 1, 77, 45, NULL, NULL),
(78, 1, 78, 60, NULL, NULL),
(79, 1, 79, 64, NULL, NULL),
(80, 1, 80, 78, NULL, NULL),
(81, 1, 81, 66, NULL, NULL),
(82, 1, 82, 86, NULL, NULL),
(83, 1, 83, 2, NULL, NULL),
(84, 1, 84, 78, NULL, NULL),
(85, 1, 85, 75, NULL, NULL),
(86, 1, 86, 51, NULL, NULL),
(87, 1, 87, 41, NULL, NULL),
(88, 1, 88, 93, NULL, NULL),
(89, 1, 89, 89, NULL, NULL),
(90, 1, 90, 14, NULL, NULL),
(91, 1, 91, 3, NULL, NULL),
(92, 1, 92, 39, NULL, NULL),
(93, 1, 93, 4, NULL, NULL),
(94, 1, 94, 96, NULL, NULL),
(95, 1, 95, 11, NULL, NULL),
(96, 1, 96, 33, NULL, NULL),
(97, 1, 97, 12, NULL, NULL),
(98, 1, 98, 97, NULL, NULL),
(99, 1, 99, 21, NULL, NULL),
(100, 1, 100, 68, NULL, NULL),
(101, 1, 101, 93, NULL, NULL),
(102, 1, 102, 65, NULL, NULL),
(103, 1, 103, 86, NULL, NULL),
(104, 1, 104, 66, NULL, NULL),
(105, 1, 105, 69, NULL, NULL),
(106, 1, 106, 43, NULL, NULL),
(107, 1, 107, 26, NULL, NULL),
(108, 1, 108, 5, NULL, NULL),
(109, 1, 109, 60, NULL, NULL),
(110, 1, 110, 4, NULL, NULL),
(111, 1, 111, 33, NULL, NULL),
(112, 1, 112, 82, NULL, NULL),
(113, 1, 113, 74, NULL, NULL),
(114, 1, 114, 11, NULL, NULL),
(115, 1, 115, 7, NULL, NULL),
(116, 1, 116, 48, NULL, NULL),
(117, 1, 117, 86, NULL, NULL),
(118, 1, 118, 62, NULL, NULL),
(119, 1, 119, 44, NULL, NULL),
(120, 1, 120, 59, NULL, NULL),
(121, 1, 121, 0, NULL, NULL),
(122, 1, 122, 75, NULL, NULL),
(123, 1, 123, 62, NULL, NULL),
(124, 1, 124, 43, NULL, NULL),
(125, 1, 125, 44, NULL, NULL),
(126, 1, 126, 39, NULL, NULL),
(127, 1, 127, 0, NULL, NULL),
(128, 1, 128, 40, NULL, NULL),
(129, 1, 129, 55, NULL, NULL),
(130, 1, 130, 54, NULL, NULL),
(131, 1, 131, 43, NULL, NULL),
(132, 1, 132, 52, NULL, NULL),
(133, 1, 133, 98, NULL, NULL),
(134, 1, 134, 80, NULL, NULL),
(135, 1, 135, 34, NULL, NULL),
(136, 1, 136, 28, NULL, NULL),
(137, 1, 137, 68, NULL, NULL),
(138, 1, 138, 7, NULL, NULL),
(139, 1, 139, 8, NULL, NULL),
(140, 1, 140, 26, NULL, NULL),
(141, 1, 141, 100, NULL, NULL),
(142, 1, 142, 31, NULL, NULL),
(143, 1, 143, 93, NULL, NULL),
(144, 1, 144, 1, NULL, NULL),
(145, 1, 145, 73, NULL, NULL),
(146, 1, 146, 36, NULL, NULL),
(147, 1, 147, 65, NULL, NULL),
(148, 1, 148, 97, NULL, NULL),
(149, 1, 149, 30, NULL, NULL),
(150, 1, 150, 0, NULL, NULL),
(151, 1, 151, 0, NULL, NULL),
(152, 1, 152, 89, NULL, NULL),
(153, 1, 153, 97, NULL, NULL),
(154, 1, 154, 84, NULL, NULL),
(155, 1, 155, 43, NULL, NULL),
(156, 1, 156, 54, NULL, NULL),
(157, 1, 157, 40, NULL, NULL),
(158, 1, 158, 21, NULL, NULL),
(159, 1, 159, 51, NULL, NULL),
(160, 1, 160, 1, NULL, NULL),
(161, 1, 161, 93, NULL, NULL),
(162, 1, 162, 34, NULL, NULL),
(163, 1, 163, 87, NULL, NULL),
(164, 1, 164, 73, NULL, NULL),
(165, 1, 165, 77, NULL, NULL),
(166, 1, 166, 16, NULL, NULL),
(167, 1, 167, 47, NULL, NULL),
(168, 1, 168, 33, NULL, NULL),
(169, 1, 169, 24, NULL, NULL),
(170, 1, 170, 29, NULL, NULL),
(171, 1, 171, 12, NULL, NULL),
(172, 1, 172, 66, NULL, NULL),
(173, 1, 173, 61, NULL, NULL),
(174, 1, 174, 50, NULL, NULL),
(175, 1, 175, 46, NULL, NULL),
(176, 1, 176, 54, NULL, NULL),
(177, 1, 177, 50, NULL, NULL),
(178, 1, 178, 70, NULL, NULL),
(179, 1, 179, 26, NULL, NULL),
(180, 1, 180, 13, NULL, NULL),
(181, 1, 181, 83, NULL, NULL),
(182, 1, 182, 60, NULL, NULL),
(183, 1, 183, 74, NULL, NULL),
(184, 1, 184, 20, NULL, NULL),
(185, 1, 185, 77, NULL, NULL),
(186, 1, 186, 76, NULL, NULL),
(187, 1, 187, 36, NULL, NULL),
(188, 1, 188, 10, NULL, NULL),
(189, 1, 189, 76, NULL, NULL),
(190, 1, 190, 3, NULL, NULL),
(191, 1, 191, 44, NULL, NULL),
(192, 1, 192, 99, NULL, NULL),
(193, 1, 193, 99, NULL, NULL),
(194, 1, 194, 95, NULL, NULL),
(195, 1, 195, 14, NULL, NULL),
(196, 1, 196, 82, NULL, NULL),
(197, 1, 197, 29, NULL, NULL),
(198, 1, 198, 26, NULL, NULL),
(199, 1, 199, 65, NULL, NULL),
(200, 1, 200, 68, NULL, NULL),
(201, 1, 201, 92, NULL, NULL),
(202, 1, 202, 85, NULL, NULL),
(203, 1, 203, 27, NULL, NULL),
(204, 1, 204, 58, NULL, NULL),
(205, 1, 205, 46, NULL, NULL),
(206, 1, 206, 8, NULL, NULL),
(207, 1, 207, 98, NULL, NULL),
(208, 1, 208, 27, NULL, NULL),
(209, 1, 209, 19, NULL, NULL),
(210, 1, 210, 61, NULL, NULL),
(211, 1, 211, 65, NULL, NULL),
(212, 1, 212, 44, NULL, NULL),
(213, 1, 213, 68, NULL, NULL),
(214, 1, 214, 50, NULL, NULL),
(215, 1, 215, 48, NULL, NULL),
(216, 1, 216, 84, NULL, NULL),
(217, 1, 217, 99, NULL, NULL),
(218, 1, 218, 17, NULL, NULL),
(219, 1, 219, 78, NULL, NULL),
(220, 1, 220, 21, NULL, NULL),
(221, 1, 221, 26, NULL, NULL),
(222, 1, 222, 84, NULL, NULL),
(223, 1, 223, 57, NULL, NULL),
(224, 1, 224, 90, NULL, NULL),
(225, 1, 225, 76, NULL, NULL),
(226, 1, 226, 48, NULL, NULL),
(227, 1, 227, 24, NULL, NULL),
(228, 1, 228, 55, NULL, NULL),
(229, 1, 229, 20, NULL, NULL),
(230, 1, 230, 0, NULL, NULL),
(231, 1, 231, 52, NULL, NULL),
(232, 1, 232, 19, NULL, NULL),
(233, 1, 233, 28, NULL, NULL),
(234, 1, 234, 3, NULL, NULL),
(235, 1, 235, 79, NULL, NULL),
(236, 1, 236, 18, NULL, NULL),
(237, 1, 237, 65, NULL, NULL),
(238, 1, 238, 89, NULL, NULL),
(239, 1, 239, 97, NULL, NULL),
(240, 1, 240, 25, NULL, NULL),
(241, 1, 241, 18, NULL, NULL),
(242, 1, 242, 13, NULL, NULL),
(243, 1, 243, 71, NULL, NULL),
(244, 1, 244, 16, NULL, NULL),
(245, 1, 245, 82, NULL, NULL),
(246, 1, 246, 84, NULL, NULL),
(247, 1, 247, 34, NULL, NULL),
(248, 1, 248, 43, NULL, NULL),
(249, 1, 249, 97, NULL, NULL),
(250, 1, 250, 9, NULL, NULL),
(251, 1, 251, 65, NULL, NULL),
(252, 1, 252, 69, NULL, NULL),
(253, 1, 253, 85, NULL, NULL),
(254, 1, 254, 85, NULL, NULL),
(255, 1, 255, 77, NULL, NULL),
(256, 1, 256, 96, NULL, NULL),
(257, 1, 257, 57, NULL, NULL),
(258, 1, 258, 15, NULL, NULL),
(259, 1, 259, 63, NULL, NULL),
(260, 1, 260, 70, NULL, NULL),
(261, 1, 261, 41, NULL, NULL),
(262, 1, 262, 95, NULL, NULL),
(263, 1, 263, 55, NULL, NULL),
(264, 1, 264, 19, NULL, NULL),
(265, 1, 265, 3, NULL, NULL),
(266, 1, 266, 87, NULL, NULL),
(267, 1, 267, 73, NULL, NULL),
(268, 1, 268, 3, NULL, NULL),
(269, 1, 269, 44, NULL, NULL),
(270, 1, 270, 32, NULL, NULL),
(271, 1, 271, 52, NULL, NULL),
(272, 1, 272, 86, NULL, NULL),
(273, 1, 273, 55, NULL, NULL),
(274, 1, 274, 100, NULL, NULL),
(275, 1, 275, 28, NULL, NULL),
(276, 1, 276, 56, NULL, NULL),
(277, 1, 277, 84, NULL, NULL),
(278, 1, 278, 27, NULL, NULL),
(279, 1, 279, 12, NULL, NULL),
(280, 1, 280, 12, NULL, NULL),
(281, 1, 281, 49, NULL, NULL),
(282, 1, 282, 24, NULL, NULL),
(283, 1, 283, 81, NULL, NULL),
(284, 1, 284, 3, NULL, NULL),
(285, 1, 285, 43, NULL, NULL),
(286, 1, 286, 51, NULL, NULL),
(287, 1, 287, 85, NULL, NULL),
(288, 1, 288, 92, NULL, NULL),
(289, 1, 289, 40, NULL, NULL),
(290, 1, 290, 83, NULL, NULL),
(291, 1, 291, 57, NULL, NULL),
(292, 1, 292, 2, NULL, NULL),
(293, 1, 293, 89, NULL, NULL),
(294, 1, 294, 71, NULL, NULL),
(295, 1, 295, 21, NULL, NULL),
(296, 1, 296, 97, NULL, NULL),
(297, 1, 297, 68, NULL, NULL),
(298, 1, 298, 68, NULL, NULL),
(299, 1, 299, 40, NULL, NULL),
(300, 1, 300, 53, NULL, NULL),
(301, 1, 301, 61, NULL, NULL),
(302, 1, 302, 22, NULL, NULL),
(303, 1, 303, 38, NULL, NULL),
(304, 1, 304, 24, NULL, NULL),
(305, 1, 305, 3, NULL, NULL),
(306, 1, 306, 36, NULL, NULL),
(307, 1, 307, 83, NULL, NULL),
(308, 1, 308, 7, NULL, NULL),
(309, 1, 309, 27, NULL, NULL),
(310, 1, 310, 80, NULL, NULL),
(311, 1, 311, 69, NULL, NULL),
(312, 1, 312, 40, NULL, NULL),
(313, 1, 313, 38, NULL, NULL),
(314, 1, 314, 49, NULL, NULL),
(315, 1, 315, 3, NULL, NULL),
(316, 1, 316, 85, NULL, NULL),
(317, 1, 317, 79, NULL, NULL),
(318, 1, 318, 0, NULL, NULL),
(319, 1, 319, 89, NULL, NULL),
(320, 1, 320, 54, NULL, NULL),
(321, 1, 321, 38, NULL, NULL),
(322, 1, 322, 73, NULL, NULL),
(323, 1, 323, 76, NULL, NULL),
(324, 1, 324, 40, NULL, NULL),
(325, 1, 325, 53, NULL, NULL),
(326, 1, 326, 78, NULL, NULL),
(327, 1, 327, 50, NULL, NULL),
(328, 1, 328, 24, NULL, NULL),
(329, 1, 329, 13, NULL, NULL),
(330, 1, 330, 36, NULL, NULL),
(331, 1, 331, 62, NULL, NULL),
(332, 1, 332, 71, NULL, NULL),
(333, 1, 333, 49, NULL, NULL),
(334, 1, 334, 91, NULL, NULL),
(335, 1, 335, 70, NULL, NULL),
(336, 1, 336, 66, NULL, NULL),
(337, 1, 337, 43, NULL, NULL),
(338, 1, 338, 62, NULL, NULL),
(339, 1, 339, 28, NULL, NULL),
(340, 1, 340, 40, NULL, NULL),
(341, 1, 341, 89, NULL, NULL),
(342, 1, 342, 15, NULL, NULL),
(343, 1, 343, 44, NULL, NULL),
(344, 1, 344, 63, NULL, NULL),
(345, 1, 345, 78, NULL, NULL),
(346, 1, 346, 56, NULL, NULL),
(347, 1, 347, 81, NULL, NULL),
(348, 1, 348, 82, NULL, NULL),
(349, 1, 349, 54, NULL, NULL),
(350, 1, 350, 66, NULL, NULL),
(351, 1, 351, 40, NULL, NULL),
(352, 1, 352, 0, NULL, NULL),
(353, 1, 353, 2, NULL, NULL),
(354, 1, 354, 33, NULL, NULL),
(355, 1, 355, 4, NULL, NULL),
(356, 1, 356, 43, NULL, NULL),
(357, 1, 357, 93, NULL, NULL),
(358, 1, 358, 50, NULL, NULL),
(359, 1, 359, 10, NULL, NULL),
(360, 1, 360, 8, NULL, NULL),
(361, 1, 361, 87, NULL, NULL),
(362, 1, 362, 53, NULL, NULL),
(363, 1, 363, 66, NULL, NULL),
(364, 1, 364, 58, NULL, NULL),
(365, 1, 365, 81, NULL, NULL),
(366, 1, 366, 75, NULL, NULL),
(367, 1, 367, 41, NULL, NULL),
(368, 1, 368, 18, NULL, NULL),
(369, 1, 369, 92, NULL, NULL),
(370, 1, 370, 16, NULL, NULL),
(371, 1, 371, 64, NULL, NULL),
(372, 1, 372, 19, NULL, NULL),
(373, 1, 373, 39, NULL, NULL),
(374, 1, 374, 98, NULL, NULL),
(375, 1, 375, 97, NULL, NULL),
(376, 1, 376, 49, NULL, NULL),
(377, 1, 377, 37, NULL, NULL),
(378, 1, 378, 43, NULL, NULL),
(379, 1, 379, 65, NULL, NULL),
(380, 1, 380, 50, NULL, NULL),
(381, 1, 381, 73, NULL, NULL),
(382, 1, 382, 86, NULL, NULL),
(383, 1, 383, 65, NULL, NULL),
(384, 1, 384, 11, NULL, NULL),
(385, 1, 385, 41, NULL, NULL),
(386, 1, 386, 63, NULL, NULL),
(387, 1, 387, 81, NULL, NULL),
(388, 1, 388, 1, NULL, NULL),
(389, 1, 389, 36, NULL, NULL),
(390, 1, 390, 65, NULL, NULL),
(391, 1, 391, 30, NULL, NULL),
(392, 1, 392, 50, NULL, NULL),
(393, 1, 393, 80, NULL, NULL),
(394, 1, 394, 58, NULL, NULL),
(395, 1, 395, 35, NULL, NULL),
(396, 1, 396, 95, NULL, NULL),
(397, 1, 397, 41, NULL, NULL),
(398, 1, 398, 90, NULL, NULL),
(399, 1, 399, 44, NULL, NULL),
(400, 1, 400, 4, NULL, NULL),
(401, 1, 401, 8, NULL, NULL),
(402, 1, 402, 70, NULL, NULL),
(403, 1, 403, 42, NULL, NULL),
(404, 1, 404, 86, NULL, NULL),
(405, 1, 405, 2, NULL, NULL),
(406, 1, 406, 0, NULL, NULL),
(407, 1, 407, 57, NULL, NULL),
(408, 1, 408, 49, NULL, NULL),
(409, 1, 409, 21, NULL, NULL),
(410, 1, 410, 82, NULL, NULL),
(411, 1, 411, 44, NULL, NULL),
(412, 1, 412, 0, NULL, NULL),
(413, 1, 413, 92, NULL, NULL),
(414, 1, 414, 7, NULL, NULL),
(415, 1, 415, 61, NULL, NULL),
(416, 1, 416, 40, NULL, NULL),
(417, 1, 417, 25, NULL, NULL),
(418, 1, 418, 91, NULL, NULL),
(419, 1, 419, 21, NULL, NULL),
(420, 1, 420, 89, NULL, NULL),
(421, 1, 421, 17, NULL, NULL),
(422, 1, 422, 66, NULL, NULL),
(423, 1, 423, 88, NULL, NULL),
(424, 1, 424, 98, NULL, NULL),
(425, 1, 425, 96, NULL, NULL),
(426, 1, 426, 62, NULL, NULL),
(427, 1, 427, 6, NULL, NULL),
(428, 1, 428, 47, NULL, NULL),
(429, 1, 429, 93, NULL, NULL),
(430, 1, 430, 34, NULL, NULL),
(431, 1, 431, 84, NULL, NULL),
(432, 1, 432, 72, NULL, NULL),
(433, 1, 433, 71, NULL, NULL),
(434, 1, 434, 18, NULL, NULL),
(435, 1, 435, 73, NULL, NULL),
(436, 1, 436, 87, NULL, NULL),
(437, 1, 437, 59, NULL, NULL),
(438, 1, 438, 12, NULL, NULL),
(439, 1, 439, 25, NULL, NULL),
(440, 1, 440, 10, NULL, NULL),
(441, 1, 441, 52, NULL, NULL),
(442, 1, 442, 87, NULL, NULL),
(443, 1, 443, 59, NULL, NULL),
(444, 1, 444, 7, NULL, NULL),
(445, 1, 445, 27, NULL, NULL),
(446, 1, 446, 49, NULL, NULL),
(447, 1, 447, 69, NULL, NULL),
(448, 1, 448, 28, NULL, NULL),
(449, 1, 449, 75, NULL, NULL),
(450, 1, 450, 77, NULL, NULL),
(451, 1, 451, 21, NULL, NULL),
(452, 1, 452, 59, NULL, NULL),
(453, 1, 453, 66, NULL, NULL),
(454, 1, 454, 64, NULL, NULL),
(455, 1, 455, 68, NULL, NULL),
(456, 1, 456, 69, NULL, NULL),
(457, 1, 457, 97, NULL, NULL),
(458, 1, 458, 57, NULL, NULL),
(459, 1, 459, 100, NULL, NULL),
(460, 1, 460, 27, NULL, NULL),
(461, 1, 461, 43, NULL, NULL),
(462, 1, 462, 17, NULL, NULL),
(463, 1, 463, 3, NULL, NULL),
(464, 1, 464, 77, NULL, NULL),
(465, 1, 465, 45, NULL, NULL),
(466, 1, 466, 92, NULL, NULL),
(467, 1, 467, 62, NULL, NULL),
(468, 1, 468, 19, NULL, NULL),
(469, 1, 469, 41, NULL, NULL),
(470, 1, 470, 29, NULL, NULL),
(471, 1, 471, 13, NULL, NULL),
(472, 1, 472, 70, NULL, NULL),
(473, 1, 473, 11, NULL, NULL),
(474, 1, 474, 24, NULL, NULL),
(475, 1, 475, 29, NULL, NULL),
(476, 1, 476, 48, NULL, NULL),
(477, 1, 477, 88, NULL, NULL),
(478, 1, 478, 39, NULL, NULL),
(479, 1, 479, 43, NULL, NULL),
(480, 1, 480, 80, NULL, NULL),
(481, 1, 481, 72, NULL, NULL),
(482, 1, 482, 78, NULL, NULL),
(483, 1, 483, 30, NULL, NULL),
(484, 1, 484, 49, NULL, NULL),
(485, 1, 485, 70, NULL, NULL),
(486, 1, 486, 84, NULL, NULL),
(487, 1, 487, 61, NULL, NULL),
(488, 1, 488, 100, NULL, NULL),
(489, 1, 489, 76, NULL, NULL),
(490, 1, 490, 13, NULL, NULL),
(491, 1, 491, 90, NULL, NULL),
(492, 1, 492, 6, NULL, NULL),
(493, 1, 493, 71, NULL, NULL),
(494, 1, 494, 95, NULL, NULL),
(495, 1, 495, 43, NULL, NULL),
(496, 1, 496, 36, NULL, NULL),
(497, 1, 497, 63, NULL, NULL),
(498, 1, 498, 99, NULL, NULL),
(499, 1, 499, 56, NULL, NULL),
(500, 1, 500, 55, NULL, NULL),
(501, 1, 501, 17, NULL, NULL),
(502, 1, 502, 59, NULL, NULL),
(503, 1, 503, 97, NULL, NULL),
(504, 1, 504, 61, NULL, NULL),
(505, 1, 505, 40, NULL, NULL),
(506, 1, 506, 96, NULL, NULL),
(507, 1, 507, 92, NULL, NULL),
(508, 1, 508, 67, NULL, NULL),
(509, 1, 509, 73, NULL, NULL),
(510, 1, 510, 12, NULL, NULL),
(511, 1, 511, 14, NULL, NULL),
(512, 1, 512, 80, NULL, NULL),
(513, 1, 513, 92, NULL, NULL),
(514, 1, 514, 61, NULL, NULL),
(515, 1, 515, 92, NULL, NULL),
(516, 1, 516, 75, NULL, NULL),
(517, 1, 517, 29, NULL, NULL),
(518, 1, 518, 62, NULL, NULL),
(519, 1, 519, 19, NULL, NULL),
(520, 1, 520, 96, NULL, NULL),
(521, 1, 521, 94, NULL, NULL),
(522, 1, 522, 45, NULL, NULL),
(523, 1, 523, 67, NULL, NULL),
(524, 1, 524, 85, NULL, NULL),
(525, 1, 525, 6, NULL, NULL),
(526, 1, 526, 60, NULL, NULL),
(527, 1, 527, 8, NULL, NULL),
(528, 1, 528, 88, NULL, NULL),
(529, 1, 529, 57, NULL, NULL),
(530, 1, 530, 9, NULL, NULL),
(531, 1, 531, 73, NULL, NULL),
(532, 1, 532, 5, NULL, NULL),
(533, 1, 533, 85, NULL, NULL),
(534, 1, 534, 83, NULL, NULL),
(535, 1, 535, 38, NULL, NULL),
(536, 1, 536, 50, NULL, NULL),
(537, 1, 537, 92, NULL, NULL),
(538, 1, 538, 7, NULL, NULL),
(539, 1, 539, 5, NULL, NULL),
(540, 1, 540, 86, NULL, NULL),
(541, 1, 541, 51, NULL, NULL),
(542, 1, 542, 6, NULL, NULL),
(543, 1, 543, 97, NULL, NULL),
(544, 1, 544, 92, NULL, NULL),
(545, 1, 545, 11, NULL, NULL),
(546, 1, 546, 63, NULL, NULL),
(547, 1, 547, 41, NULL, NULL),
(548, 1, 548, 80, NULL, NULL),
(549, 1, 549, 60, NULL, NULL),
(550, 1, 550, 16, NULL, NULL),
(551, 1, 551, 63, NULL, NULL),
(552, 1, 552, 50, NULL, NULL),
(553, 1, 553, 12, NULL, NULL),
(554, 1, 554, 100, NULL, NULL),
(555, 1, 555, 66, NULL, NULL),
(556, 1, 556, 69, NULL, NULL),
(557, 1, 557, 53, NULL, NULL),
(558, 1, 558, 24, NULL, NULL),
(559, 1, 559, 26, NULL, NULL),
(560, 1, 560, 89, NULL, NULL),
(561, 1, 561, 62, NULL, NULL),
(562, 1, 562, 63, NULL, NULL),
(563, 1, 563, 62, NULL, NULL),
(564, 1, 564, 42, NULL, NULL),
(565, 1, 565, 10, NULL, NULL),
(566, 1, 566, 73, NULL, NULL),
(567, 1, 567, 23, NULL, NULL),
(568, 1, 568, 15, NULL, NULL),
(569, 1, 569, 100, NULL, NULL),
(570, 1, 570, 3, NULL, NULL),
(571, 1, 571, 30, NULL, NULL),
(572, 1, 572, 87, NULL, NULL),
(573, 1, 573, 45, NULL, NULL),
(574, 1, 574, 38, NULL, NULL),
(575, 1, 575, 90, NULL, NULL),
(576, 1, 576, 70, NULL, NULL),
(577, 1, 577, 88, NULL, NULL),
(578, 1, 578, 88, NULL, NULL),
(579, 1, 579, 81, NULL, NULL),
(580, 1, 580, 37, NULL, NULL),
(581, 1, 581, 70, NULL, NULL),
(582, 1, 582, 22, NULL, NULL),
(583, 1, 583, 11, NULL, NULL),
(584, 1, 584, 69, NULL, NULL),
(585, 1, 585, 27, NULL, NULL),
(586, 1, 586, 96, NULL, NULL),
(587, 1, 587, 62, NULL, NULL),
(588, 1, 588, 78, NULL, NULL),
(589, 1, 589, 13, NULL, NULL),
(590, 1, 590, 12, NULL, NULL),
(591, 1, 591, 56, NULL, NULL),
(592, 1, 592, 61, NULL, NULL),
(593, 1, 593, 77, NULL, NULL),
(594, 1, 594, 16, NULL, NULL),
(595, 1, 595, 1, NULL, NULL),
(596, 1, 596, 42, NULL, NULL),
(597, 1, 597, 76, NULL, NULL),
(598, 1, 598, 91, NULL, NULL),
(599, 1, 599, 90, NULL, NULL),
(600, 1, 600, 32, NULL, NULL),
(601, 1, 601, 44, NULL, NULL),
(602, 1, 602, 78, NULL, NULL),
(603, 1, 603, 2, NULL, NULL),
(604, 1, 604, 56, NULL, NULL),
(605, 1, 605, 46, NULL, NULL),
(606, 1, 606, 9, NULL, NULL),
(607, 1, 607, 24, NULL, NULL),
(608, 1, 608, 96, NULL, NULL),
(609, 1, 609, 3, NULL, NULL),
(610, 1, 610, 81, NULL, NULL),
(611, 1, 611, 34, NULL, NULL),
(612, 1, 612, 42, NULL, NULL),
(613, 1, 613, 42, NULL, NULL),
(614, 1, 614, 51, NULL, NULL),
(615, 1, 615, 73, NULL, NULL),
(616, 1, 616, 1, NULL, NULL),
(617, 1, 617, 100, NULL, NULL),
(618, 1, 618, 51, NULL, NULL),
(619, 1, 619, 33, NULL, NULL),
(620, 1, 620, 97, NULL, NULL),
(621, 1, 621, 37, NULL, NULL),
(622, 1, 622, 88, NULL, NULL),
(623, 1, 623, 80, NULL, NULL),
(624, 1, 624, 70, NULL, NULL),
(625, 1, 625, 54, NULL, NULL),
(626, 1, 626, 40, NULL, NULL),
(627, 1, 627, 0, NULL, NULL),
(628, 1, 628, 80, NULL, NULL),
(629, 1, 629, 49, NULL, NULL),
(630, 1, 630, 55, NULL, NULL),
(631, 1, 631, 59, NULL, NULL),
(632, 1, 632, 91, NULL, NULL),
(633, 1, 633, 39, NULL, NULL),
(634, 1, 634, 69, NULL, NULL),
(635, 1, 635, 71, NULL, NULL),
(636, 1, 636, 97, NULL, NULL),
(637, 1, 637, 50, NULL, NULL),
(638, 1, 638, 100, NULL, NULL),
(639, 1, 639, 70, NULL, NULL),
(640, 1, 640, 11, NULL, NULL),
(641, 1, 641, 16, NULL, NULL),
(642, 1, 642, 7, NULL, NULL),
(643, 1, 643, 20, NULL, NULL),
(644, 1, 644, 5, NULL, NULL),
(645, 1, 645, 29, NULL, NULL),
(646, 1, 646, 30, NULL, NULL),
(647, 1, 647, 51, NULL, NULL),
(648, 1, 648, 13, NULL, NULL),
(649, 1, 649, 43, NULL, NULL),
(650, 1, 650, 83, NULL, NULL),
(651, 1, 651, 70, NULL, NULL),
(652, 1, 652, 2, NULL, NULL),
(653, 1, 653, 80, NULL, NULL),
(654, 1, 654, 97, NULL, NULL),
(655, 1, 655, 12, NULL, NULL),
(656, 1, 656, 20, NULL, NULL),
(657, 1, 657, 51, NULL, NULL),
(658, 1, 658, 57, NULL, NULL),
(659, 1, 659, 18, NULL, NULL),
(660, 1, 660, 21, NULL, NULL),
(661, 1, 661, 7, NULL, NULL),
(662, 1, 662, 84, NULL, NULL),
(663, 1, 663, 41, NULL, NULL),
(664, 1, 664, 11, NULL, NULL),
(665, 1, 665, 62, NULL, NULL),
(666, 1, 666, 4, NULL, NULL),
(667, 1, 667, 49, NULL, NULL),
(668, 1, 668, 4, NULL, NULL),
(669, 1, 669, 24, NULL, NULL),
(670, 1, 670, 34, NULL, NULL),
(671, 1, 671, 15, NULL, NULL),
(672, 1, 672, 98, NULL, NULL),
(673, 1, 673, 6, NULL, NULL),
(674, 1, 674, 79, NULL, NULL),
(675, 1, 675, 26, NULL, NULL),
(676, 1, 676, 77, NULL, NULL),
(677, 1, 677, 64, NULL, NULL),
(678, 1, 678, 87, NULL, NULL),
(679, 1, 679, 94, NULL, NULL),
(680, 1, 680, 7, NULL, NULL),
(681, 1, 681, 1, NULL, NULL),
(682, 1, 682, 44, NULL, NULL),
(683, 1, 683, 53, NULL, NULL),
(684, 1, 684, 96, NULL, NULL),
(685, 1, 685, 4, NULL, NULL),
(686, 1, 686, 40, NULL, NULL),
(687, 1, 687, 26, NULL, NULL),
(688, 1, 688, 45, NULL, NULL),
(689, 1, 689, 15, NULL, NULL),
(690, 1, 690, 24, NULL, NULL),
(691, 1, 691, 46, NULL, NULL),
(692, 1, 692, 34, NULL, NULL),
(693, 1, 693, 69, NULL, NULL),
(694, 1, 694, 4, NULL, NULL),
(695, 1, 695, 65, NULL, NULL),
(696, 1, 696, 21, NULL, NULL),
(697, 1, 697, 1, NULL, NULL),
(698, 1, 698, 47, NULL, NULL),
(699, 1, 699, 21, NULL, NULL),
(700, 1, 700, 75, NULL, NULL),
(701, 1, 701, 2, NULL, NULL),
(702, 1, 702, 14, NULL, NULL),
(703, 1, 703, 8, NULL, NULL),
(704, 1, 704, 59, NULL, NULL),
(705, 1, 705, 33, NULL, NULL),
(706, 1, 706, 12, NULL, NULL),
(707, 1, 707, 35, NULL, NULL),
(708, 1, 708, 88, NULL, NULL),
(709, 1, 709, 71, NULL, NULL),
(710, 1, 710, 31, NULL, NULL),
(711, 1, 711, 72, NULL, NULL),
(712, 1, 712, 23, NULL, NULL),
(713, 1, 713, 35, NULL, NULL),
(714, 1, 714, 3, NULL, NULL),
(715, 1, 715, 7, NULL, NULL),
(716, 1, 716, 77, NULL, NULL),
(717, 1, 717, 86, NULL, NULL),
(718, 1, 718, 26, NULL, NULL),
(719, 1, 719, 53, NULL, NULL),
(720, 1, 720, 78, NULL, NULL),
(721, 1, 721, 14, NULL, NULL),
(722, 1, 722, 31, NULL, NULL),
(723, 1, 723, 71, NULL, NULL),
(724, 1, 724, 87, NULL, NULL),
(725, 1, 725, 2, NULL, NULL),
(726, 1, 726, 55, NULL, NULL),
(727, 1, 727, 26, NULL, NULL),
(728, 1, 728, 9, NULL, NULL),
(729, 1, 729, 87, NULL, NULL),
(730, 1, 730, 49, NULL, NULL),
(731, 1, 731, 23, NULL, NULL),
(732, 1, 732, 64, NULL, NULL),
(733, 1, 733, 84, NULL, NULL),
(734, 1, 734, 4, NULL, NULL),
(735, 1, 735, 34, NULL, NULL),
(736, 1, 736, 43, NULL, NULL),
(737, 1, 737, 62, NULL, NULL),
(738, 1, 738, 6, NULL, NULL),
(739, 1, 739, 17, NULL, NULL),
(740, 1, 740, 30, NULL, NULL),
(741, 1, 741, 91, NULL, NULL),
(742, 1, 742, 62, NULL, NULL),
(743, 1, 743, 29, NULL, NULL),
(744, 1, 744, 83, NULL, NULL),
(745, 1, 745, 0, NULL, NULL),
(746, 1, 746, 50, NULL, NULL),
(747, 1, 747, 2, NULL, NULL),
(748, 1, 748, 100, NULL, NULL),
(749, 1, 749, 38, NULL, NULL),
(750, 1, 750, 96, NULL, NULL),
(751, 1, 751, 15, NULL, NULL),
(752, 1, 752, 65, NULL, NULL),
(753, 1, 753, 4, NULL, NULL),
(754, 1, 754, 35, NULL, NULL),
(755, 1, 755, 52, NULL, NULL),
(756, 1, 756, 19, NULL, NULL),
(757, 1, 757, 84, NULL, NULL),
(758, 1, 758, 39, NULL, NULL),
(759, 1, 759, 77, NULL, NULL),
(760, 1, 760, 14, NULL, NULL),
(761, 1, 761, 74, NULL, NULL),
(762, 1, 762, 79, NULL, NULL),
(763, 1, 763, 39, NULL, NULL),
(764, 1, 764, 31, NULL, NULL),
(765, 1, 765, 65, NULL, NULL),
(766, 1, 766, 87, NULL, NULL),
(767, 1, 767, 14, NULL, NULL),
(768, 1, 768, 7, NULL, NULL),
(769, 1, 769, 79, NULL, NULL),
(770, 1, 770, 96, NULL, NULL),
(771, 1, 771, 86, NULL, NULL),
(772, 1, 772, 100, NULL, NULL),
(773, 1, 773, 81, NULL, NULL),
(774, 1, 774, 5, NULL, NULL),
(775, 1, 775, 78, NULL, NULL),
(776, 1, 776, 29, NULL, NULL),
(777, 1, 777, 64, NULL, NULL),
(778, 1, 778, 99, NULL, NULL),
(779, 1, 779, 6, NULL, NULL),
(780, 1, 780, 26, NULL, NULL),
(781, 1, 781, 49, NULL, NULL),
(782, 1, 782, 61, NULL, NULL),
(783, 1, 783, 82, NULL, NULL),
(784, 1, 784, 49, NULL, NULL),
(785, 1, 785, 15, NULL, NULL),
(786, 1, 786, 57, NULL, NULL),
(787, 1, 787, 25, NULL, NULL),
(788, 1, 788, 96, NULL, NULL),
(789, 1, 789, 21, NULL, NULL),
(790, 1, 790, 99, NULL, NULL),
(791, 1, 791, 89, NULL, NULL),
(792, 1, 792, 6, NULL, NULL),
(793, 1, 793, 30, NULL, NULL),
(794, 1, 794, 60, NULL, NULL),
(795, 1, 795, 17, NULL, NULL),
(796, 1, 796, 92, NULL, NULL),
(797, 1, 797, 9, NULL, NULL),
(798, 1, 798, 100, NULL, NULL),
(799, 1, 799, 60, NULL, NULL),
(800, 1, 800, 99, NULL, NULL),
(801, 1, 801, 49, NULL, NULL),
(802, 1, 802, 13, NULL, NULL),
(803, 1, 803, 1, NULL, NULL),
(804, 1, 804, 64, NULL, NULL),
(805, 1, 805, 80, NULL, NULL),
(806, 1, 806, 31, NULL, NULL),
(807, 1, 807, 70, NULL, NULL),
(808, 1, 808, 70, NULL, NULL),
(809, 1, 809, 63, NULL, NULL),
(810, 1, 810, 37, NULL, NULL),
(811, 2, 1, 22, NULL, NULL),
(812, 2, 2, 44, NULL, NULL),
(813, 2, 3, 2, NULL, NULL),
(814, 2, 4, 47, NULL, NULL),
(815, 2, 5, 21, NULL, NULL),
(816, 2, 6, 83, NULL, NULL),
(817, 2, 7, 73, NULL, NULL),
(818, 2, 8, 25, NULL, NULL),
(819, 2, 9, 35, NULL, NULL),
(820, 2, 10, 54, NULL, NULL),
(821, 2, 11, 99, NULL, NULL),
(822, 2, 12, 70, NULL, NULL),
(823, 2, 13, 10, NULL, NULL),
(824, 2, 14, 69, NULL, NULL),
(825, 2, 15, 71, NULL, NULL),
(826, 2, 16, 14, NULL, NULL),
(827, 2, 17, 53, NULL, NULL),
(828, 2, 18, 30, NULL, NULL),
(829, 2, 19, 58, NULL, NULL),
(830, 2, 20, 70, NULL, NULL),
(831, 2, 21, 16, NULL, NULL),
(832, 2, 22, 86, NULL, NULL),
(833, 2, 23, 64, NULL, NULL),
(834, 2, 24, 86, NULL, NULL),
(835, 2, 25, 30, NULL, NULL),
(836, 2, 26, 1, NULL, NULL),
(837, 2, 27, 24, NULL, NULL),
(838, 2, 28, 89, NULL, NULL),
(839, 2, 29, 95, NULL, NULL),
(840, 2, 30, 60, NULL, NULL),
(841, 2, 31, 65, NULL, NULL),
(842, 2, 32, 4, NULL, NULL),
(843, 2, 33, 24, NULL, NULL),
(844, 2, 34, 78, NULL, NULL),
(845, 2, 35, 80, NULL, NULL),
(846, 2, 36, 50, NULL, NULL),
(847, 2, 37, 82, NULL, NULL),
(848, 2, 38, 100, NULL, NULL),
(849, 2, 39, 34, NULL, NULL),
(850, 2, 40, 0, NULL, NULL),
(851, 2, 41, 50, NULL, NULL),
(852, 2, 42, 92, NULL, NULL),
(853, 2, 43, 63, NULL, NULL),
(854, 2, 44, 42, NULL, NULL),
(855, 2, 45, 4, NULL, NULL),
(856, 2, 46, 6, NULL, NULL),
(857, 2, 47, 17, NULL, NULL),
(858, 2, 48, 20, NULL, NULL),
(859, 2, 49, 33, NULL, NULL),
(860, 2, 50, 87, NULL, NULL),
(861, 2, 51, 92, NULL, NULL),
(862, 2, 52, 51, NULL, NULL),
(863, 2, 53, 65, NULL, NULL),
(864, 2, 54, 30, NULL, NULL),
(865, 2, 55, 16, NULL, NULL),
(866, 2, 56, 84, NULL, NULL),
(867, 2, 57, 73, NULL, NULL),
(868, 2, 58, 64, NULL, NULL),
(869, 2, 59, 22, NULL, NULL),
(870, 2, 60, 93, NULL, NULL),
(871, 2, 61, 2, NULL, NULL),
(872, 2, 62, 74, NULL, NULL),
(873, 2, 63, 71, NULL, NULL),
(874, 2, 64, 64, NULL, NULL),
(875, 2, 65, 29, NULL, NULL),
(876, 2, 66, 0, NULL, NULL),
(877, 2, 67, 53, NULL, NULL),
(878, 2, 68, 71, NULL, NULL),
(879, 2, 69, 76, NULL, NULL),
(880, 2, 70, 53, NULL, NULL),
(881, 2, 71, 3, NULL, NULL),
(882, 2, 72, 33, NULL, NULL),
(883, 2, 73, 83, NULL, NULL),
(884, 2, 74, 65, NULL, NULL),
(885, 2, 75, 26, NULL, NULL),
(886, 2, 76, 62, NULL, NULL),
(887, 2, 77, 52, NULL, NULL),
(888, 2, 78, 52, NULL, NULL),
(889, 2, 79, 88, NULL, NULL),
(890, 2, 80, 50, NULL, NULL),
(891, 2, 81, 0, NULL, NULL),
(892, 2, 82, 17, NULL, NULL),
(893, 2, 83, 24, NULL, NULL),
(894, 2, 84, 72, NULL, NULL),
(895, 2, 85, 67, NULL, NULL),
(896, 2, 86, 43, NULL, NULL),
(897, 2, 87, 98, NULL, NULL),
(898, 2, 88, 2, NULL, NULL),
(899, 2, 89, 16, NULL, NULL),
(900, 2, 90, 62, NULL, NULL),
(901, 2, 91, 0, NULL, NULL),
(902, 2, 92, 62, NULL, NULL),
(903, 2, 93, 32, NULL, NULL),
(904, 2, 94, 76, NULL, NULL),
(905, 2, 95, 59, NULL, NULL),
(906, 2, 96, 45, NULL, NULL),
(907, 2, 97, 76, NULL, NULL),
(908, 2, 98, 27, NULL, NULL),
(909, 2, 99, 72, NULL, NULL),
(910, 2, 100, 35, NULL, NULL),
(911, 2, 101, 39, NULL, NULL),
(912, 2, 102, 76, NULL, NULL),
(913, 2, 103, 34, NULL, NULL),
(914, 2, 104, 56, NULL, NULL),
(915, 2, 105, 53, NULL, NULL),
(916, 2, 106, 57, NULL, NULL),
(917, 2, 107, 92, NULL, NULL),
(918, 2, 108, 51, NULL, NULL),
(919, 2, 109, 24, NULL, NULL),
(920, 2, 110, 14, NULL, NULL),
(921, 2, 111, 8, NULL, NULL),
(922, 2, 112, 29, NULL, NULL),
(923, 2, 113, 15, NULL, NULL),
(924, 2, 114, 97, NULL, NULL),
(925, 2, 115, 15, NULL, NULL),
(926, 2, 116, 20, NULL, NULL),
(927, 2, 117, 27, NULL, NULL),
(928, 2, 118, 57, NULL, NULL),
(929, 2, 119, 47, NULL, NULL),
(930, 2, 120, 68, NULL, NULL),
(931, 2, 121, 13, NULL, NULL),
(932, 2, 122, 62, NULL, NULL),
(933, 2, 123, 2, NULL, NULL),
(934, 2, 124, 39, NULL, NULL),
(935, 2, 125, 67, NULL, NULL),
(936, 2, 126, 98, NULL, NULL),
(937, 2, 127, 85, NULL, NULL),
(938, 2, 128, 82, NULL, NULL),
(939, 2, 129, 98, NULL, NULL),
(940, 2, 130, 51, NULL, NULL),
(941, 2, 131, 96, NULL, NULL),
(942, 2, 132, 80, NULL, NULL),
(943, 2, 133, 13, NULL, NULL),
(944, 2, 134, 14, NULL, NULL),
(945, 2, 135, 51, NULL, NULL),
(946, 2, 136, 97, NULL, NULL),
(947, 2, 137, 34, NULL, NULL),
(948, 2, 138, 18, NULL, NULL),
(949, 2, 139, 19, NULL, NULL),
(950, 2, 140, 2, NULL, NULL),
(951, 2, 141, 33, NULL, NULL),
(952, 2, 142, 51, NULL, NULL),
(953, 2, 143, 11, NULL, NULL),
(954, 2, 144, 74, NULL, NULL),
(955, 2, 145, 70, NULL, NULL),
(956, 2, 146, 58, NULL, NULL),
(957, 2, 147, 77, NULL, NULL),
(958, 2, 148, 89, NULL, NULL),
(959, 2, 149, 41, NULL, NULL),
(960, 2, 150, 38, NULL, NULL),
(961, 2, 151, 33, NULL, NULL),
(962, 2, 152, 63, NULL, NULL),
(963, 2, 153, 77, NULL, NULL),
(964, 2, 154, 83, NULL, NULL),
(965, 2, 155, 91, NULL, NULL),
(966, 2, 156, 1, NULL, NULL),
(967, 2, 157, 43, NULL, NULL),
(968, 2, 158, 43, NULL, NULL),
(969, 2, 159, 10, NULL, NULL),
(970, 2, 160, 48, NULL, NULL),
(971, 2, 161, 29, NULL, NULL),
(972, 2, 162, 75, NULL, NULL),
(973, 2, 163, 36, NULL, NULL),
(974, 2, 164, 99, NULL, NULL),
(975, 2, 165, 76, NULL, NULL),
(976, 2, 166, 77, NULL, NULL),
(977, 2, 167, 37, NULL, NULL),
(978, 2, 168, 66, NULL, NULL),
(979, 2, 169, 69, NULL, NULL),
(980, 2, 170, 55, NULL, NULL),
(981, 2, 171, 23, NULL, NULL),
(982, 2, 172, 20, NULL, NULL),
(983, 2, 173, 13, NULL, NULL),
(984, 2, 174, 100, NULL, NULL),
(985, 2, 175, 17, NULL, NULL),
(986, 2, 176, 3, NULL, NULL),
(987, 2, 177, 12, NULL, NULL),
(988, 2, 178, 28, NULL, NULL),
(989, 2, 179, 60, NULL, NULL),
(990, 2, 180, 52, NULL, NULL),
(991, 2, 181, 31, NULL, NULL),
(992, 2, 182, 6, NULL, NULL),
(993, 2, 183, 48, NULL, NULL),
(994, 2, 184, 52, NULL, NULL),
(995, 2, 185, 83, NULL, NULL),
(996, 2, 186, 79, NULL, NULL),
(997, 2, 187, 29, NULL, NULL),
(998, 2, 188, 23, NULL, NULL),
(999, 2, 189, 40, NULL, NULL),
(1000, 2, 190, 43, NULL, NULL),
(1001, 2, 191, 89, NULL, NULL),
(1002, 2, 192, 59, NULL, NULL),
(1003, 2, 193, 36, NULL, NULL),
(1004, 2, 194, 39, NULL, NULL),
(1005, 2, 195, 17, NULL, NULL),
(1006, 2, 196, 58, NULL, NULL),
(1007, 2, 197, 73, NULL, NULL),
(1008, 2, 198, 7, NULL, NULL),
(1009, 2, 199, 13, NULL, NULL),
(1010, 2, 200, 17, NULL, NULL),
(1011, 2, 201, 23, NULL, NULL),
(1012, 2, 202, 8, NULL, NULL),
(1013, 2, 203, 11, NULL, NULL),
(1014, 2, 204, 75, NULL, NULL),
(1015, 2, 205, 24, NULL, NULL),
(1016, 2, 206, 82, NULL, NULL),
(1017, 2, 207, 96, NULL, NULL),
(1018, 2, 208, 40, NULL, NULL),
(1019, 2, 209, 15, NULL, NULL),
(1020, 2, 210, 62, NULL, NULL),
(1021, 2, 211, 69, NULL, NULL),
(1022, 2, 212, 98, NULL, NULL),
(1023, 2, 213, 84, NULL, NULL),
(1024, 2, 214, 64, NULL, NULL),
(1025, 2, 215, 70, NULL, NULL),
(1026, 2, 216, 51, NULL, NULL),
(1027, 2, 217, 32, NULL, NULL),
(1028, 2, 218, 41, NULL, NULL),
(1029, 2, 219, 77, NULL, NULL),
(1030, 2, 220, 21, NULL, NULL),
(1031, 2, 221, 79, NULL, NULL),
(1032, 2, 222, 53, NULL, NULL),
(1033, 2, 223, 43, NULL, NULL),
(1034, 2, 224, 74, NULL, NULL),
(1035, 2, 225, 74, NULL, NULL),
(1036, 2, 226, 21, NULL, NULL),
(1037, 2, 227, 19, NULL, NULL),
(1038, 2, 228, 76, NULL, NULL),
(1039, 2, 229, 6, NULL, NULL),
(1040, 2, 230, 52, NULL, NULL),
(1041, 2, 231, 22, NULL, NULL),
(1042, 2, 232, 30, NULL, NULL),
(1043, 2, 233, 30, NULL, NULL),
(1044, 2, 234, 19, NULL, NULL),
(1045, 2, 235, 40, NULL, NULL),
(1046, 2, 236, 48, NULL, NULL),
(1047, 2, 237, 19, NULL, NULL),
(1048, 2, 238, 72, NULL, NULL),
(1049, 2, 239, 66, NULL, NULL),
(1050, 2, 240, 71, NULL, NULL),
(1051, 2, 241, 85, NULL, NULL),
(1052, 2, 242, 53, NULL, NULL),
(1053, 2, 243, 71, NULL, NULL),
(1054, 2, 244, 86, NULL, NULL),
(1055, 2, 245, 91, NULL, NULL),
(1056, 2, 246, 29, NULL, NULL),
(1057, 2, 247, 70, NULL, NULL),
(1058, 2, 248, 51, NULL, NULL),
(1059, 2, 249, 87, NULL, NULL),
(1060, 2, 250, 50, NULL, NULL),
(1061, 2, 251, 36, NULL, NULL),
(1062, 2, 252, 24, NULL, NULL),
(1063, 2, 253, 74, NULL, NULL),
(1064, 2, 254, 51, NULL, NULL),
(1065, 2, 255, 42, NULL, NULL),
(1066, 2, 256, 2, NULL, NULL),
(1067, 2, 257, 37, NULL, NULL),
(1068, 2, 258, 41, NULL, NULL),
(1069, 2, 259, 32, NULL, NULL),
(1070, 2, 260, 50, NULL, NULL),
(1071, 2, 261, 1, NULL, NULL),
(1072, 2, 262, 56, NULL, NULL),
(1073, 2, 263, 55, NULL, NULL),
(1074, 2, 264, 57, NULL, NULL),
(1075, 2, 265, 96, NULL, NULL),
(1076, 2, 266, 36, NULL, NULL),
(1077, 2, 267, 16, NULL, NULL),
(1078, 2, 268, 26, NULL, NULL),
(1079, 2, 269, 58, NULL, NULL),
(1080, 2, 270, 27, NULL, NULL),
(1081, 2, 271, 30, NULL, NULL),
(1082, 2, 272, 38, NULL, NULL),
(1083, 2, 273, 59, NULL, NULL),
(1084, 2, 274, 74, NULL, NULL),
(1085, 2, 275, 90, NULL, NULL),
(1086, 2, 276, 49, NULL, NULL),
(1087, 2, 277, 8, NULL, NULL),
(1088, 2, 278, 15, NULL, NULL),
(1089, 2, 279, 31, NULL, NULL),
(1090, 2, 280, 40, NULL, NULL),
(1091, 2, 281, 53, NULL, NULL),
(1092, 2, 282, 71, NULL, NULL),
(1093, 2, 283, 85, NULL, NULL),
(1094, 2, 284, 0, NULL, NULL),
(1095, 2, 285, 98, NULL, NULL),
(1096, 2, 286, 13, NULL, NULL),
(1097, 2, 287, 63, NULL, NULL),
(1098, 2, 288, 6, NULL, NULL),
(1099, 2, 289, 25, NULL, NULL),
(1100, 2, 290, 9, NULL, NULL),
(1101, 2, 291, 8, NULL, NULL),
(1102, 2, 292, 58, NULL, NULL),
(1103, 2, 293, 64, NULL, NULL),
(1104, 2, 294, 20, NULL, NULL),
(1105, 2, 295, 12, NULL, NULL),
(1106, 2, 296, 19, NULL, NULL),
(1107, 2, 297, 92, NULL, NULL),
(1108, 2, 298, 80, NULL, NULL),
(1109, 2, 299, 72, NULL, NULL),
(1110, 2, 300, 48, NULL, NULL),
(1111, 2, 301, 86, NULL, NULL),
(1112, 2, 302, 13, NULL, NULL),
(1113, 2, 303, 99, NULL, NULL),
(1114, 2, 304, 21, NULL, NULL),
(1115, 2, 305, 17, NULL, NULL),
(1116, 2, 306, 94, NULL, NULL),
(1117, 2, 307, 24, NULL, NULL),
(1118, 2, 308, 99, NULL, NULL),
(1119, 2, 309, 11, NULL, NULL),
(1120, 2, 310, 0, NULL, NULL),
(1121, 2, 311, 80, NULL, NULL),
(1122, 2, 312, 10, NULL, NULL),
(1123, 2, 313, 52, NULL, NULL),
(1124, 2, 314, 50, NULL, NULL),
(1125, 2, 315, 32, NULL, NULL),
(1126, 2, 316, 6, NULL, NULL),
(1127, 2, 317, 21, NULL, NULL),
(1128, 2, 318, 61, NULL, NULL),
(1129, 2, 319, 55, NULL, NULL),
(1130, 2, 320, 2, NULL, NULL),
(1131, 2, 321, 51, NULL, NULL),
(1132, 2, 322, 96, NULL, NULL),
(1133, 2, 323, 18, NULL, NULL),
(1134, 2, 324, 4, NULL, NULL),
(1135, 2, 325, 11, NULL, NULL),
(1136, 2, 326, 74, NULL, NULL),
(1137, 2, 327, 44, NULL, NULL),
(1138, 2, 328, 74, NULL, NULL),
(1139, 2, 329, 38, NULL, NULL),
(1140, 2, 330, 72, NULL, NULL),
(1141, 2, 331, 33, NULL, NULL),
(1142, 2, 332, 70, NULL, NULL),
(1143, 2, 333, 9, NULL, NULL),
(1144, 2, 334, 61, NULL, NULL),
(1145, 2, 335, 84, NULL, NULL),
(1146, 2, 336, 48, NULL, NULL),
(1147, 2, 337, 64, NULL, NULL),
(1148, 2, 338, 54, NULL, NULL),
(1149, 2, 339, 0, NULL, NULL),
(1150, 2, 340, 78, NULL, NULL),
(1151, 2, 341, 39, NULL, NULL),
(1152, 2, 342, 56, NULL, NULL),
(1153, 2, 343, 72, NULL, NULL),
(1154, 2, 344, 2, NULL, NULL),
(1155, 2, 345, 52, NULL, NULL),
(1156, 2, 346, 57, NULL, NULL),
(1157, 2, 347, 56, NULL, NULL),
(1158, 2, 348, 13, NULL, NULL),
(1159, 2, 349, 76, NULL, NULL),
(1160, 2, 350, 12, NULL, NULL),
(1161, 2, 351, 31, NULL, NULL),
(1162, 2, 352, 24, NULL, NULL),
(1163, 2, 353, 20, NULL, NULL),
(1164, 2, 354, 97, NULL, NULL),
(1165, 2, 355, 67, NULL, NULL),
(1166, 2, 356, 11, NULL, NULL),
(1167, 2, 357, 37, NULL, NULL),
(1168, 2, 358, 35, NULL, NULL),
(1169, 2, 359, 65, NULL, NULL),
(1170, 2, 360, 92, NULL, NULL),
(1171, 2, 361, 97, NULL, NULL),
(1172, 2, 362, 65, NULL, NULL),
(1173, 2, 363, 82, NULL, NULL),
(1174, 2, 364, 56, NULL, NULL),
(1175, 2, 365, 67, NULL, NULL),
(1176, 2, 366, 38, NULL, NULL),
(1177, 2, 367, 45, NULL, NULL),
(1178, 2, 368, 1, NULL, NULL),
(1179, 2, 369, 79, NULL, NULL),
(1180, 2, 370, 95, NULL, NULL),
(1181, 2, 371, 5, NULL, NULL),
(1182, 2, 372, 76, NULL, NULL),
(1183, 2, 373, 73, NULL, NULL),
(1184, 2, 374, 83, NULL, NULL),
(1185, 2, 375, 97, NULL, NULL),
(1186, 2, 376, 88, NULL, NULL),
(1187, 2, 377, 2, NULL, NULL),
(1188, 2, 378, 3, NULL, NULL),
(1189, 2, 379, 41, NULL, NULL),
(1190, 2, 380, 27, NULL, NULL),
(1191, 2, 381, 91, NULL, NULL),
(1192, 2, 382, 19, NULL, NULL),
(1193, 2, 383, 81, NULL, NULL),
(1194, 2, 384, 2, NULL, NULL),
(1195, 2, 385, 36, NULL, NULL),
(1196, 2, 386, 12, NULL, NULL),
(1197, 2, 387, 11, NULL, NULL),
(1198, 2, 388, 77, NULL, NULL),
(1199, 2, 389, 48, NULL, NULL),
(1200, 2, 390, 40, NULL, NULL),
(1201, 2, 391, 53, NULL, NULL),
(1202, 2, 392, 56, NULL, NULL),
(1203, 2, 393, 57, NULL, NULL),
(1204, 2, 394, 11, NULL, NULL),
(1205, 2, 395, 1, NULL, NULL),
(1206, 2, 396, 89, NULL, NULL),
(1207, 2, 397, 51, NULL, NULL),
(1208, 2, 398, 32, NULL, NULL),
(1209, 2, 399, 71, NULL, NULL),
(1210, 2, 400, 100, NULL, NULL),
(1211, 2, 401, 100, NULL, NULL),
(1212, 2, 402, 52, NULL, NULL),
(1213, 2, 403, 77, NULL, NULL),
(1214, 2, 404, 88, NULL, NULL),
(1215, 2, 405, 57, NULL, NULL),
(1216, 2, 406, 11, NULL, NULL),
(1217, 2, 407, 35, NULL, NULL),
(1218, 2, 408, 73, NULL, NULL),
(1219, 2, 409, 10, NULL, NULL),
(1220, 2, 410, 71, NULL, NULL),
(1221, 2, 411, 69, NULL, NULL),
(1222, 2, 412, 39, NULL, NULL),
(1223, 2, 413, 66, NULL, NULL),
(1224, 2, 414, 63, NULL, NULL),
(1225, 2, 415, 43, NULL, NULL),
(1226, 2, 416, 28, NULL, NULL),
(1227, 2, 417, 86, NULL, NULL),
(1228, 2, 418, 10, NULL, NULL),
(1229, 2, 419, 91, NULL, NULL),
(1230, 2, 420, 21, NULL, NULL),
(1231, 2, 421, 11, NULL, NULL),
(1232, 2, 422, 20, NULL, NULL),
(1233, 2, 423, 70, NULL, NULL),
(1234, 2, 424, 84, NULL, NULL),
(1235, 2, 425, 85, NULL, NULL),
(1236, 2, 426, 31, NULL, NULL),
(1237, 2, 427, 70, NULL, NULL),
(1238, 2, 428, 57, NULL, NULL),
(1239, 2, 429, 8, NULL, NULL),
(1240, 2, 430, 48, NULL, NULL),
(1241, 2, 431, 97, NULL, NULL),
(1242, 2, 432, 69, NULL, NULL),
(1243, 2, 433, 74, NULL, NULL),
(1244, 2, 434, 8, NULL, NULL),
(1245, 2, 435, 28, NULL, NULL),
(1246, 2, 436, 43, NULL, NULL),
(1247, 2, 437, 49, NULL, NULL),
(1248, 2, 438, 87, NULL, NULL),
(1249, 2, 439, 13, NULL, NULL),
(1250, 2, 440, 65, NULL, NULL),
(1251, 2, 441, 94, NULL, NULL),
(1252, 2, 442, 2, NULL, NULL),
(1253, 2, 443, 3, NULL, NULL),
(1254, 2, 444, 93, NULL, NULL),
(1255, 2, 445, 25, NULL, NULL),
(1256, 2, 446, 91, NULL, NULL),
(1257, 2, 447, 95, NULL, NULL),
(1258, 2, 448, 98, NULL, NULL),
(1259, 2, 449, 69, NULL, NULL),
(1260, 2, 450, 28, NULL, NULL),
(1261, 2, 451, 7, NULL, NULL),
(1262, 2, 452, 65, NULL, NULL),
(1263, 2, 453, 37, NULL, NULL),
(1264, 2, 454, 42, NULL, NULL),
(1265, 2, 455, 33, NULL, NULL),
(1266, 2, 456, 61, NULL, NULL),
(1267, 2, 457, 78, NULL, NULL),
(1268, 2, 458, 78, NULL, NULL),
(1269, 2, 459, 30, NULL, NULL),
(1270, 2, 460, 67, NULL, NULL),
(1271, 2, 461, 42, NULL, NULL),
(1272, 2, 462, 42, NULL, NULL),
(1273, 2, 463, 52, NULL, NULL),
(1274, 2, 464, 96, NULL, NULL),
(1275, 2, 465, 58, NULL, NULL),
(1276, 2, 466, 86, NULL, NULL),
(1277, 2, 467, 75, NULL, NULL),
(1278, 2, 468, 83, NULL, NULL),
(1279, 2, 469, 35, NULL, NULL),
(1280, 2, 470, 0, NULL, NULL),
(1281, 2, 471, 69, NULL, NULL),
(1282, 2, 472, 97, NULL, NULL),
(1283, 2, 473, 41, NULL, NULL),
(1284, 2, 474, 30, NULL, NULL),
(1285, 2, 475, 2, NULL, NULL),
(1286, 2, 476, 99, NULL, NULL),
(1287, 2, 477, 92, NULL, NULL),
(1288, 2, 478, 72, NULL, NULL),
(1289, 2, 479, 9, NULL, NULL),
(1290, 2, 480, 90, NULL, NULL),
(1291, 2, 481, 85, NULL, NULL),
(1292, 2, 482, 53, NULL, NULL),
(1293, 2, 483, 44, NULL, NULL),
(1294, 2, 484, 83, NULL, NULL),
(1295, 2, 485, 82, NULL, NULL),
(1296, 2, 486, 96, NULL, NULL),
(1297, 2, 487, 94, NULL, NULL),
(1298, 2, 488, 56, NULL, NULL),
(1299, 2, 489, 26, NULL, NULL),
(1300, 2, 490, 57, NULL, NULL),
(1301, 2, 491, 14, NULL, NULL),
(1302, 2, 492, 50, NULL, NULL),
(1303, 2, 493, 76, NULL, NULL),
(1304, 2, 494, 36, NULL, NULL),
(1305, 2, 495, 11, NULL, NULL),
(1306, 2, 496, 89, NULL, NULL),
(1307, 2, 497, 94, NULL, NULL),
(1308, 2, 498, 34, NULL, NULL),
(1309, 2, 499, 73, NULL, NULL),
(1310, 2, 500, 5, NULL, NULL),
(1311, 2, 501, 96, NULL, NULL),
(1312, 2, 502, 92, NULL, NULL),
(1313, 2, 503, 13, NULL, NULL),
(1314, 2, 504, 55, NULL, NULL),
(1315, 2, 505, 64, NULL, NULL),
(1316, 2, 506, 24, NULL, NULL),
(1317, 2, 507, 22, NULL, NULL),
(1318, 2, 508, 73, NULL, NULL),
(1319, 2, 509, 27, NULL, NULL),
(1320, 2, 510, 11, NULL, NULL),
(1321, 2, 511, 93, NULL, NULL),
(1322, 2, 512, 99, NULL, NULL),
(1323, 2, 513, 89, NULL, NULL),
(1324, 2, 514, 5, NULL, NULL),
(1325, 2, 515, 82, NULL, NULL),
(1326, 2, 516, 78, NULL, NULL),
(1327, 2, 517, 83, NULL, NULL),
(1328, 2, 518, 83, NULL, NULL),
(1329, 2, 519, 30, NULL, NULL),
(1330, 2, 520, 5, NULL, NULL),
(1331, 2, 521, 92, NULL, NULL),
(1332, 2, 522, 71, NULL, NULL),
(1333, 2, 523, 21, NULL, NULL),
(1334, 2, 524, 37, NULL, NULL),
(1335, 2, 525, 28, NULL, NULL),
(1336, 2, 526, 86, NULL, NULL),
(1337, 2, 527, 65, NULL, NULL),
(1338, 2, 528, 33, NULL, NULL),
(1339, 2, 529, 28, NULL, NULL),
(1340, 2, 530, 27, NULL, NULL),
(1341, 2, 531, 100, NULL, NULL),
(1342, 2, 532, 67, NULL, NULL),
(1343, 2, 533, 38, NULL, NULL),
(1344, 2, 534, 73, NULL, NULL),
(1345, 2, 535, 42, NULL, NULL),
(1346, 2, 536, 9, NULL, NULL),
(1347, 2, 537, 56, NULL, NULL),
(1348, 2, 538, 87, NULL, NULL),
(1349, 2, 539, 30, NULL, NULL),
(1350, 2, 540, 71, NULL, NULL),
(1351, 2, 541, 14, NULL, NULL),
(1352, 2, 542, 79, NULL, NULL),
(1353, 2, 543, 91, NULL, NULL),
(1354, 2, 544, 35, NULL, NULL),
(1355, 2, 545, 51, NULL, NULL),
(1356, 2, 546, 47, NULL, NULL),
(1357, 2, 547, 83, NULL, NULL),
(1358, 2, 548, 85, NULL, NULL),
(1359, 2, 549, 96, NULL, NULL),
(1360, 2, 550, 47, NULL, NULL),
(1361, 2, 551, 69, NULL, NULL),
(1362, 2, 552, 32, NULL, NULL),
(1363, 2, 553, 55, NULL, NULL),
(1364, 2, 554, 81, NULL, NULL),
(1365, 2, 555, 89, NULL, NULL),
(1366, 2, 556, 87, NULL, NULL),
(1367, 2, 557, 79, NULL, NULL),
(1368, 2, 558, 88, NULL, NULL),
(1369, 2, 559, 70, NULL, NULL),
(1370, 2, 560, 91, NULL, NULL),
(1371, 2, 561, 10, NULL, NULL),
(1372, 2, 562, 57, NULL, NULL),
(1373, 2, 563, 41, NULL, NULL),
(1374, 2, 564, 97, NULL, NULL),
(1375, 2, 565, 66, NULL, NULL),
(1376, 2, 566, 57, NULL, NULL),
(1377, 2, 567, 86, NULL, NULL),
(1378, 2, 568, 25, NULL, NULL),
(1379, 2, 569, 30, NULL, NULL),
(1380, 2, 570, 98, NULL, NULL),
(1381, 2, 571, 12, NULL, NULL),
(1382, 2, 572, 51, NULL, NULL),
(1383, 2, 573, 71, NULL, NULL),
(1384, 2, 574, 69, NULL, NULL),
(1385, 2, 575, 68, NULL, NULL),
(1386, 2, 576, 27, NULL, NULL),
(1387, 2, 577, 59, NULL, NULL),
(1388, 2, 578, 30, NULL, NULL),
(1389, 2, 579, 53, NULL, NULL),
(1390, 2, 580, 23, NULL, NULL),
(1391, 2, 581, 50, NULL, NULL),
(1392, 2, 582, 90, NULL, NULL),
(1393, 2, 583, 55, NULL, NULL),
(1394, 2, 584, 67, NULL, NULL),
(1395, 2, 585, 12, NULL, NULL),
(1396, 2, 586, 42, NULL, NULL),
(1397, 2, 587, 4, NULL, NULL),
(1398, 2, 588, 58, NULL, NULL),
(1399, 2, 589, 22, NULL, NULL),
(1400, 2, 590, 1, NULL, NULL),
(1401, 2, 591, 90, NULL, NULL),
(1402, 2, 592, 99, NULL, NULL),
(1403, 2, 593, 32, NULL, NULL),
(1404, 2, 594, 9, NULL, NULL),
(1405, 2, 595, 74, NULL, NULL),
(1406, 2, 596, 51, NULL, NULL),
(1407, 2, 597, 92, NULL, NULL),
(1408, 2, 598, 60, NULL, NULL),
(1409, 2, 599, 55, NULL, NULL),
(1410, 2, 600, 69, NULL, NULL),
(1411, 2, 601, 88, NULL, NULL),
(1412, 2, 602, 43, NULL, NULL),
(1413, 2, 603, 90, NULL, NULL),
(1414, 2, 604, 80, NULL, NULL),
(1415, 2, 605, 37, NULL, NULL),
(1416, 2, 606, 56, NULL, NULL),
(1417, 2, 607, 27, NULL, NULL),
(1418, 2, 608, 87, NULL, NULL),
(1419, 2, 609, 42, NULL, NULL),
(1420, 2, 610, 10, NULL, NULL),
(1421, 2, 611, 90, NULL, NULL),
(1422, 2, 612, 9, NULL, NULL),
(1423, 2, 613, 6, NULL, NULL),
(1424, 2, 614, 51, NULL, NULL),
(1425, 2, 615, 96, NULL, NULL),
(1426, 2, 616, 82, NULL, NULL),
(1427, 2, 617, 75, NULL, NULL),
(1428, 2, 618, 53, NULL, NULL),
(1429, 2, 619, 80, NULL, NULL),
(1430, 2, 620, 82, NULL, NULL),
(1431, 2, 621, 31, NULL, NULL),
(1432, 2, 622, 60, NULL, NULL),
(1433, 2, 623, 21, NULL, NULL),
(1434, 2, 624, 64, NULL, NULL),
(1435, 2, 625, 29, NULL, NULL),
(1436, 2, 626, 65, NULL, NULL),
(1437, 2, 627, 29, NULL, NULL),
(1438, 2, 628, 18, NULL, NULL),
(1439, 2, 629, 48, NULL, NULL),
(1440, 2, 630, 56, NULL, NULL),
(1441, 2, 631, 64, NULL, NULL),
(1442, 2, 632, 38, NULL, NULL),
(1443, 2, 633, 50, NULL, NULL),
(1444, 2, 634, 62, NULL, NULL),
(1445, 2, 635, 45, NULL, NULL),
(1446, 2, 636, 13, NULL, NULL),
(1447, 2, 637, 3, NULL, NULL),
(1448, 2, 638, 80, NULL, NULL),
(1449, 2, 639, 52, NULL, NULL),
(1450, 2, 640, 67, NULL, NULL),
(1451, 2, 641, 18, NULL, NULL),
(1452, 2, 642, 99, NULL, NULL),
(1453, 2, 643, 43, NULL, NULL),
(1454, 2, 644, 13, NULL, NULL),
(1455, 2, 645, 84, NULL, NULL),
(1456, 2, 646, 3, NULL, NULL),
(1457, 2, 647, 48, NULL, NULL),
(1458, 2, 648, 88, NULL, NULL),
(1459, 2, 649, 21, NULL, NULL),
(1460, 2, 650, 25, NULL, NULL),
(1461, 2, 651, 60, NULL, NULL),
(1462, 2, 652, 25, NULL, NULL),
(1463, 2, 653, 8, NULL, NULL),
(1464, 2, 654, 96, NULL, NULL),
(1465, 2, 655, 77, NULL, NULL),
(1466, 2, 656, 52, NULL, NULL),
(1467, 2, 657, 36, NULL, NULL),
(1468, 2, 658, 67, NULL, NULL),
(1469, 2, 659, 69, NULL, NULL),
(1470, 2, 660, 70, NULL, NULL),
(1471, 2, 661, 92, NULL, NULL),
(1472, 2, 662, 56, NULL, NULL),
(1473, 2, 663, 57, NULL, NULL),
(1474, 2, 664, 41, NULL, NULL),
(1475, 2, 665, 79, NULL, NULL),
(1476, 2, 666, 59, NULL, NULL),
(1477, 2, 667, 90, NULL, NULL),
(1478, 2, 668, 37, NULL, NULL),
(1479, 2, 669, 72, NULL, NULL),
(1480, 2, 670, 72, NULL, NULL),
(1481, 2, 671, 86, NULL, NULL),
(1482, 2, 672, 30, NULL, NULL),
(1483, 2, 673, 36, NULL, NULL),
(1484, 2, 674, 20, NULL, NULL),
(1485, 2, 675, 95, NULL, NULL),
(1486, 2, 676, 25, NULL, NULL),
(1487, 2, 677, 87, NULL, NULL),
(1488, 2, 678, 41, NULL, NULL),
(1489, 2, 679, 96, NULL, NULL),
(1490, 2, 680, 63, NULL, NULL),
(1491, 2, 681, 32, NULL, NULL),
(1492, 2, 682, 47, NULL, NULL),
(1493, 2, 683, 83, NULL, NULL),
(1494, 2, 684, 51, NULL, NULL),
(1495, 2, 685, 58, NULL, NULL),
(1496, 2, 686, 91, NULL, NULL),
(1497, 2, 687, 33, NULL, NULL),
(1498, 2, 688, 73, NULL, NULL),
(1499, 2, 689, 4, NULL, NULL),
(1500, 2, 690, 56, NULL, NULL),
(1501, 2, 691, 58, NULL, NULL),
(1502, 2, 692, 33, NULL, NULL),
(1503, 2, 693, 49, NULL, NULL),
(1504, 2, 694, 40, NULL, NULL),
(1505, 2, 695, 80, NULL, NULL),
(1506, 2, 696, 56, NULL, NULL),
(1507, 2, 697, 51, NULL, NULL),
(1508, 2, 698, 91, NULL, NULL),
(1509, 2, 699, 22, NULL, NULL),
(1510, 2, 700, 1, NULL, NULL),
(1511, 2, 701, 64, NULL, NULL),
(1512, 2, 702, 80, NULL, NULL),
(1513, 2, 703, 81, NULL, NULL),
(1514, 2, 704, 4, NULL, NULL),
(1515, 2, 705, 95, NULL, NULL),
(1516, 2, 706, 40, NULL, NULL),
(1517, 2, 707, 73, NULL, NULL),
(1518, 2, 708, 68, NULL, NULL),
(1519, 2, 709, 68, NULL, NULL),
(1520, 2, 710, 66, NULL, NULL),
(1521, 2, 711, 0, NULL, NULL),
(1522, 2, 712, 35, NULL, NULL),
(1523, 2, 713, 63, NULL, NULL),
(1524, 2, 714, 30, NULL, NULL),
(1525, 2, 715, 53, NULL, NULL),
(1526, 2, 716, 83, NULL, NULL),
(1527, 2, 717, 44, NULL, NULL),
(1528, 2, 718, 52, NULL, NULL),
(1529, 2, 719, 65, NULL, NULL),
(1530, 2, 720, 8, NULL, NULL),
(1531, 2, 721, 69, NULL, NULL),
(1532, 2, 722, 70, NULL, NULL),
(1533, 2, 723, 58, NULL, NULL),
(1534, 2, 724, 83, NULL, NULL),
(1535, 2, 725, 9, NULL, NULL),
(1536, 2, 726, 56, NULL, NULL),
(1537, 2, 727, 1, NULL, NULL),
(1538, 2, 728, 81, NULL, NULL),
(1539, 2, 729, 53, NULL, NULL),
(1540, 2, 730, 77, NULL, NULL),
(1541, 2, 731, 79, NULL, NULL),
(1542, 2, 732, 55, NULL, NULL),
(1543, 2, 733, 94, NULL, NULL),
(1544, 2, 734, 70, NULL, NULL),
(1545, 2, 735, 26, NULL, NULL),
(1546, 2, 736, 83, NULL, NULL),
(1547, 2, 737, 54, NULL, NULL),
(1548, 2, 738, 11, NULL, NULL),
(1549, 2, 739, 0, NULL, NULL),
(1550, 2, 740, 21, NULL, NULL),
(1551, 2, 741, 73, NULL, NULL),
(1552, 2, 742, 75, NULL, NULL),
(1553, 2, 743, 87, NULL, NULL),
(1554, 2, 744, 18, NULL, NULL),
(1555, 2, 745, 97, NULL, NULL),
(1556, 2, 746, 43, NULL, NULL),
(1557, 2, 747, 29, NULL, NULL),
(1558, 2, 748, 22, NULL, NULL),
(1559, 2, 749, 76, NULL, NULL),
(1560, 2, 750, 39, NULL, NULL),
(1561, 2, 751, 2, NULL, NULL),
(1562, 2, 752, 53, NULL, NULL),
(1563, 2, 753, 25, NULL, NULL),
(1564, 2, 754, 93, NULL, NULL),
(1565, 2, 755, 35, NULL, NULL),
(1566, 2, 756, 59, NULL, NULL),
(1567, 2, 757, 20, NULL, NULL),
(1568, 2, 758, 0, NULL, NULL),
(1569, 2, 759, 20, NULL, NULL),
(1570, 2, 760, 24, NULL, NULL),
(1571, 2, 761, 23, NULL, NULL),
(1572, 2, 762, 98, NULL, NULL),
(1573, 2, 763, 85, NULL, NULL),
(1574, 2, 764, 89, NULL, NULL),
(1575, 2, 765, 95, NULL, NULL),
(1576, 2, 766, 37, NULL, NULL),
(1577, 2, 767, 86, NULL, NULL),
(1578, 2, 768, 95, NULL, NULL),
(1579, 2, 769, 78, NULL, NULL),
(1580, 2, 770, 92, NULL, NULL),
(1581, 2, 771, 23, NULL, NULL),
(1582, 2, 772, 31, NULL, NULL),
(1583, 2, 773, 17, NULL, NULL),
(1584, 2, 774, 57, NULL, NULL),
(1585, 2, 775, 27, NULL, NULL),
(1586, 2, 776, 5, NULL, NULL),
(1587, 2, 777, 15, NULL, NULL),
(1588, 2, 778, 74, NULL, NULL),
(1589, 2, 779, 3, NULL, NULL),
(1590, 2, 780, 87, NULL, NULL),
(1591, 2, 781, 80, NULL, NULL),
(1592, 2, 782, 26, NULL, NULL),
(1593, 2, 783, 26, NULL, NULL),
(1594, 2, 784, 14, NULL, NULL),
(1595, 2, 785, 1, NULL, NULL),
(1596, 2, 786, 72, NULL, NULL),
(1597, 2, 787, 17, NULL, NULL),
(1598, 2, 788, 66, NULL, NULL),
(1599, 2, 789, 47, NULL, NULL),
(1600, 2, 790, 44, NULL, NULL),
(1601, 2, 791, 86, NULL, NULL),
(1602, 2, 792, 23, NULL, NULL),
(1603, 2, 793, 0, NULL, NULL),
(1604, 2, 794, 100, NULL, NULL),
(1605, 2, 795, 49, NULL, NULL),
(1606, 2, 796, 98, NULL, NULL),
(1607, 2, 797, 63, NULL, NULL),
(1608, 2, 798, 44, NULL, NULL),
(1609, 2, 799, 12, NULL, NULL),
(1610, 2, 800, 17, NULL, NULL),
(1611, 2, 801, 78, NULL, NULL),
(1612, 2, 802, 53, NULL, NULL),
(1613, 2, 803, 2, NULL, NULL),
(1614, 2, 804, 53, NULL, NULL),
(1615, 2, 805, 11, NULL, NULL),
(1616, 2, 806, 96, NULL, NULL),
(1617, 2, 807, 19, NULL, NULL),
(1618, 2, 808, 87, NULL, NULL),
(1619, 2, 809, 65, NULL, NULL),
(1620, 2, 810, 6, NULL, NULL),
(1621, 3, 1, 75, NULL, NULL),
(1622, 3, 2, 59, NULL, NULL),
(1623, 3, 3, 78, NULL, NULL),
(1624, 3, 4, 28, NULL, NULL),
(1625, 3, 5, 64, NULL, NULL),
(1626, 3, 6, 30, NULL, NULL),
(1627, 3, 7, 44, NULL, NULL),
(1628, 3, 8, 100, NULL, NULL),
(1629, 3, 9, 14, NULL, NULL),
(1630, 3, 10, 58, NULL, NULL),
(1631, 3, 11, 51, NULL, NULL),
(1632, 3, 12, 70, NULL, NULL),
(1633, 3, 13, 67, NULL, NULL),
(1634, 3, 14, 81, NULL, NULL),
(1635, 3, 15, 25, NULL, NULL),
(1636, 3, 16, 56, NULL, NULL),
(1637, 3, 17, 3, NULL, NULL),
(1638, 3, 18, 45, NULL, NULL),
(1639, 3, 19, 99, NULL, NULL),
(1640, 3, 20, 23, NULL, NULL),
(1641, 3, 21, 57, NULL, NULL),
(1642, 3, 22, 2, NULL, NULL),
(1643, 3, 23, 86, NULL, NULL),
(1644, 3, 24, 2, NULL, NULL),
(1645, 3, 25, 8, NULL, NULL),
(1646, 3, 26, 47, NULL, NULL),
(1647, 3, 27, 47, NULL, NULL),
(1648, 3, 28, 8, NULL, NULL),
(1649, 3, 29, 20, NULL, NULL),
(1650, 3, 30, 34, NULL, NULL),
(1651, 3, 31, 98, NULL, NULL),
(1652, 3, 32, 57, NULL, NULL),
(1653, 3, 33, 72, NULL, NULL),
(1654, 3, 34, 11, NULL, NULL),
(1655, 3, 35, 48, NULL, NULL),
(1656, 3, 36, 12, NULL, NULL),
(1657, 3, 37, 47, NULL, NULL),
(1658, 3, 38, 82, NULL, NULL),
(1659, 3, 39, 36, NULL, NULL),
(1660, 3, 40, 68, NULL, NULL),
(1661, 3, 41, 40, NULL, NULL),
(1662, 3, 42, 55, NULL, NULL),
(1663, 3, 43, 40, NULL, NULL),
(1664, 3, 44, 8, NULL, NULL),
(1665, 3, 45, 97, NULL, NULL),
(1666, 3, 46, 100, NULL, NULL),
(1667, 3, 47, 5, NULL, NULL),
(1668, 3, 48, 14, NULL, NULL),
(1669, 3, 49, 88, NULL, NULL),
(1670, 3, 50, 16, NULL, NULL),
(1671, 3, 51, 19, NULL, NULL),
(1672, 3, 52, 39, NULL, NULL),
(1673, 3, 53, 62, NULL, NULL),
(1674, 3, 54, 21, NULL, NULL),
(1675, 3, 55, 100, NULL, NULL),
(1676, 3, 56, 57, NULL, NULL),
(1677, 3, 57, 91, NULL, NULL),
(1678, 3, 58, 46, NULL, NULL),
(1679, 3, 59, 98, NULL, NULL),
(1680, 3, 60, 49, NULL, NULL),
(1681, 3, 61, 68, NULL, NULL),
(1682, 3, 62, 93, NULL, NULL),
(1683, 3, 63, 80, NULL, NULL),
(1684, 3, 64, 98, NULL, NULL),
(1685, 3, 65, 12, NULL, NULL),
(1686, 3, 66, 55, NULL, NULL),
(1687, 3, 67, 56, NULL, NULL),
(1688, 3, 68, 81, NULL, NULL),
(1689, 3, 69, 3, NULL, NULL),
(1690, 3, 70, 7, NULL, NULL),
(1691, 3, 71, 75, NULL, NULL),
(1692, 3, 72, 61, NULL, NULL),
(1693, 3, 73, 2, NULL, NULL),
(1694, 3, 74, 58, NULL, NULL),
(1695, 3, 75, 65, NULL, NULL),
(1696, 3, 76, 37, NULL, NULL),
(1697, 3, 77, 13, NULL, NULL),
(1698, 3, 78, 86, NULL, NULL),
(1699, 3, 79, 71, NULL, NULL),
(1700, 3, 80, 63, NULL, NULL),
(1701, 3, 81, 89, NULL, NULL),
(1702, 3, 82, 2, NULL, NULL),
(1703, 3, 83, 6, NULL, NULL),
(1704, 3, 84, 39, NULL, NULL),
(1705, 3, 85, 40, NULL, NULL),
(1706, 3, 86, 15, NULL, NULL),
(1707, 3, 87, 8, NULL, NULL),
(1708, 3, 88, 28, NULL, NULL),
(1709, 3, 89, 25, NULL, NULL),
(1710, 3, 90, 52, NULL, NULL),
(1711, 3, 91, 55, NULL, NULL),
(1712, 3, 92, 6, NULL, NULL),
(1713, 3, 93, 60, NULL, NULL),
(1714, 3, 94, 98, NULL, NULL),
(1715, 3, 95, 5, NULL, NULL);
INSERT INTO `branch_stocks` (`id`, `branch_id`, `product_variant_id`, `stock_quantity`, `created_at`, `updated_at`) VALUES
(1716, 3, 96, 63, NULL, NULL),
(1717, 3, 97, 26, NULL, NULL),
(1718, 3, 98, 85, NULL, NULL),
(1719, 3, 99, 58, NULL, NULL),
(1720, 3, 100, 19, NULL, NULL),
(1721, 3, 101, 35, NULL, NULL),
(1722, 3, 102, 6, NULL, NULL),
(1723, 3, 103, 78, NULL, NULL),
(1724, 3, 104, 75, NULL, NULL),
(1725, 3, 105, 39, NULL, NULL),
(1726, 3, 106, 28, NULL, NULL),
(1727, 3, 107, 34, NULL, NULL),
(1728, 3, 108, 0, NULL, NULL),
(1729, 3, 109, 77, NULL, NULL),
(1730, 3, 110, 81, NULL, NULL),
(1731, 3, 111, 90, NULL, NULL),
(1732, 3, 112, 13, NULL, NULL),
(1733, 3, 113, 51, NULL, NULL),
(1734, 3, 114, 94, NULL, NULL),
(1735, 3, 115, 97, NULL, NULL),
(1736, 3, 116, 80, NULL, NULL),
(1737, 3, 117, 68, NULL, NULL),
(1738, 3, 118, 82, NULL, NULL),
(1739, 3, 119, 80, NULL, NULL),
(1740, 3, 120, 43, NULL, NULL),
(1741, 3, 121, 96, NULL, NULL),
(1742, 3, 122, 68, NULL, NULL),
(1743, 3, 123, 74, NULL, NULL),
(1744, 3, 124, 52, NULL, NULL),
(1745, 3, 125, 20, NULL, NULL),
(1746, 3, 126, 27, NULL, NULL),
(1747, 3, 127, 90, NULL, NULL),
(1748, 3, 128, 10, NULL, NULL),
(1749, 3, 129, 57, NULL, NULL),
(1750, 3, 130, 47, NULL, NULL),
(1751, 3, 131, 75, NULL, NULL),
(1752, 3, 132, 99, NULL, NULL),
(1753, 3, 133, 45, NULL, NULL),
(1754, 3, 134, 29, NULL, NULL),
(1755, 3, 135, 100, NULL, NULL),
(1756, 3, 136, 29, NULL, NULL),
(1757, 3, 137, 60, NULL, NULL),
(1758, 3, 138, 98, NULL, NULL),
(1759, 3, 139, 95, NULL, NULL),
(1760, 3, 140, 6, NULL, NULL),
(1761, 3, 141, 94, NULL, NULL),
(1762, 3, 142, 86, NULL, NULL),
(1763, 3, 143, 9, NULL, NULL),
(1764, 3, 144, 8, NULL, NULL),
(1765, 3, 145, 56, NULL, NULL),
(1766, 3, 146, 61, NULL, NULL),
(1767, 3, 147, 44, NULL, NULL),
(1768, 3, 148, 16, NULL, NULL),
(1769, 3, 149, 73, NULL, NULL),
(1770, 3, 150, 68, NULL, NULL),
(1771, 3, 151, 23, NULL, NULL),
(1772, 3, 152, 35, NULL, NULL),
(1773, 3, 153, 20, NULL, NULL),
(1774, 3, 154, 41, NULL, NULL),
(1775, 3, 155, 38, NULL, NULL),
(1776, 3, 156, 19, NULL, NULL),
(1777, 3, 157, 92, NULL, NULL),
(1778, 3, 158, 31, NULL, NULL),
(1779, 3, 159, 26, NULL, NULL),
(1780, 3, 160, 96, NULL, NULL),
(1781, 3, 161, 42, NULL, NULL),
(1782, 3, 162, 12, NULL, NULL),
(1783, 3, 163, 36, NULL, NULL),
(1784, 3, 164, 63, NULL, NULL),
(1785, 3, 165, 31, NULL, NULL),
(1786, 3, 166, 79, NULL, NULL),
(1787, 3, 167, 71, NULL, NULL),
(1788, 3, 168, 28, NULL, NULL),
(1789, 3, 169, 93, NULL, NULL),
(1790, 3, 170, 55, NULL, NULL),
(1791, 3, 171, 39, NULL, NULL),
(1792, 3, 172, 39, NULL, NULL),
(1793, 3, 173, 14, NULL, NULL),
(1794, 3, 174, 63, NULL, NULL),
(1795, 3, 175, 51, NULL, NULL),
(1796, 3, 176, 24, NULL, NULL),
(1797, 3, 177, 54, NULL, NULL),
(1798, 3, 178, 55, NULL, NULL),
(1799, 3, 179, 44, NULL, NULL),
(1800, 3, 180, 28, NULL, NULL),
(1801, 3, 181, 16, NULL, NULL),
(1802, 3, 182, 33, NULL, NULL),
(1803, 3, 183, 19, NULL, NULL),
(1804, 3, 184, 51, NULL, NULL),
(1805, 3, 185, 7, NULL, NULL),
(1806, 3, 186, 3, NULL, NULL),
(1807, 3, 187, 87, NULL, NULL),
(1808, 3, 188, 82, NULL, NULL),
(1809, 3, 189, 29, NULL, NULL),
(1810, 3, 190, 11, NULL, NULL),
(1811, 3, 191, 4, NULL, NULL),
(1812, 3, 192, 66, NULL, NULL),
(1813, 3, 193, 92, NULL, NULL),
(1814, 3, 194, 24, NULL, NULL),
(1815, 3, 195, 66, NULL, NULL),
(1816, 3, 196, 99, NULL, NULL),
(1817, 3, 197, 52, NULL, NULL),
(1818, 3, 198, 61, NULL, NULL),
(1819, 3, 199, 43, NULL, NULL),
(1820, 3, 200, 23, NULL, NULL),
(1821, 3, 201, 30, NULL, NULL),
(1822, 3, 202, 97, NULL, NULL),
(1823, 3, 203, 57, NULL, NULL),
(1824, 3, 204, 58, NULL, NULL),
(1825, 3, 205, 51, NULL, NULL),
(1826, 3, 206, 14, NULL, NULL),
(1827, 3, 207, 4, NULL, NULL),
(1828, 3, 208, 22, NULL, NULL),
(1829, 3, 209, 83, NULL, NULL),
(1830, 3, 210, 31, NULL, NULL),
(1831, 3, 211, 4, NULL, NULL),
(1832, 3, 212, 54, NULL, NULL),
(1833, 3, 213, 25, NULL, NULL),
(1834, 3, 214, 72, NULL, NULL),
(1835, 3, 215, 78, NULL, NULL),
(1836, 3, 216, 81, NULL, NULL),
(1837, 3, 217, 72, NULL, NULL),
(1838, 3, 218, 42, NULL, NULL),
(1839, 3, 219, 64, NULL, NULL),
(1840, 3, 220, 13, NULL, NULL),
(1841, 3, 221, 85, NULL, NULL),
(1842, 3, 222, 85, NULL, NULL),
(1843, 3, 223, 12, NULL, NULL),
(1844, 3, 224, 30, NULL, NULL),
(1845, 3, 225, 31, NULL, NULL),
(1846, 3, 226, 35, NULL, NULL),
(1847, 3, 227, 9, NULL, NULL),
(1848, 3, 228, 31, NULL, NULL),
(1849, 3, 229, 71, NULL, NULL),
(1850, 3, 230, 25, NULL, NULL),
(1851, 3, 231, 49, NULL, NULL),
(1852, 3, 232, 40, NULL, NULL),
(1853, 3, 233, 50, NULL, NULL),
(1854, 3, 234, 31, NULL, NULL),
(1855, 3, 235, 73, NULL, NULL),
(1856, 3, 236, 51, NULL, NULL),
(1857, 3, 237, 60, NULL, NULL),
(1858, 3, 238, 17, NULL, NULL),
(1859, 3, 239, 99, NULL, NULL),
(1860, 3, 240, 94, NULL, NULL),
(1861, 3, 241, 51, NULL, NULL),
(1862, 3, 242, 78, NULL, NULL),
(1863, 3, 243, 84, NULL, NULL),
(1864, 3, 244, 95, NULL, NULL),
(1865, 3, 245, 4, NULL, NULL),
(1866, 3, 246, 83, NULL, NULL),
(1867, 3, 247, 77, NULL, NULL),
(1868, 3, 248, 90, NULL, NULL),
(1869, 3, 249, 8, NULL, NULL),
(1870, 3, 250, 33, NULL, NULL),
(1871, 3, 251, 71, NULL, NULL),
(1872, 3, 252, 16, NULL, NULL),
(1873, 3, 253, 70, NULL, NULL),
(1874, 3, 254, 54, NULL, NULL),
(1875, 3, 255, 83, NULL, NULL),
(1876, 3, 256, 94, NULL, NULL),
(1877, 3, 257, 26, NULL, NULL),
(1878, 3, 258, 81, NULL, NULL),
(1879, 3, 259, 65, NULL, NULL),
(1880, 3, 260, 50, NULL, NULL),
(1881, 3, 261, 100, NULL, NULL),
(1882, 3, 262, 56, NULL, NULL),
(1883, 3, 263, 14, NULL, NULL),
(1884, 3, 264, 14, NULL, NULL),
(1885, 3, 265, 16, NULL, NULL),
(1886, 3, 266, 46, NULL, NULL),
(1887, 3, 267, 88, NULL, NULL),
(1888, 3, 268, 42, NULL, NULL),
(1889, 3, 269, 32, NULL, NULL),
(1890, 3, 270, 27, NULL, NULL),
(1891, 3, 271, 39, NULL, NULL),
(1892, 3, 272, 25, NULL, NULL),
(1893, 3, 273, 69, NULL, NULL),
(1894, 3, 274, 22, NULL, NULL),
(1895, 3, 275, 81, NULL, NULL),
(1896, 3, 276, 96, NULL, NULL),
(1897, 3, 277, 58, NULL, NULL),
(1898, 3, 278, 87, NULL, NULL),
(1899, 3, 279, 99, NULL, NULL),
(1900, 3, 280, 51, NULL, NULL),
(1901, 3, 281, 8, NULL, NULL),
(1902, 3, 282, 10, NULL, NULL),
(1903, 3, 283, 49, NULL, NULL),
(1904, 3, 284, 82, NULL, NULL),
(1905, 3, 285, 4, NULL, NULL),
(1906, 3, 286, 16, NULL, NULL),
(1907, 3, 287, 64, NULL, NULL),
(1908, 3, 288, 87, NULL, NULL),
(1909, 3, 289, 100, NULL, NULL),
(1910, 3, 290, 19, NULL, NULL),
(1911, 3, 291, 97, NULL, NULL),
(1912, 3, 292, 77, NULL, NULL),
(1913, 3, 293, 8, NULL, NULL),
(1914, 3, 294, 60, NULL, NULL),
(1915, 3, 295, 4, NULL, NULL),
(1916, 3, 296, 10, NULL, NULL),
(1917, 3, 297, 67, NULL, NULL),
(1918, 3, 298, 7, NULL, NULL),
(1919, 3, 299, 3, NULL, NULL),
(1920, 3, 300, 2, NULL, NULL),
(1921, 3, 301, 80, NULL, NULL),
(1922, 3, 302, 59, NULL, NULL),
(1923, 3, 303, 7, NULL, NULL),
(1924, 3, 304, 28, NULL, NULL),
(1925, 3, 305, 47, NULL, NULL),
(1926, 3, 306, 28, NULL, NULL),
(1927, 3, 307, 50, NULL, NULL),
(1928, 3, 308, 11, NULL, NULL),
(1929, 3, 309, 91, NULL, NULL),
(1930, 3, 310, 42, NULL, NULL),
(1931, 3, 311, 3, NULL, NULL),
(1932, 3, 312, 1, NULL, NULL),
(1933, 3, 313, 76, NULL, NULL),
(1934, 3, 314, 56, NULL, NULL),
(1935, 3, 315, 1, NULL, NULL),
(1936, 3, 316, 57, NULL, NULL),
(1937, 3, 317, 46, NULL, NULL),
(1938, 3, 318, 94, NULL, NULL),
(1939, 3, 319, 64, NULL, NULL),
(1940, 3, 320, 68, NULL, NULL),
(1941, 3, 321, 64, NULL, NULL),
(1942, 3, 322, 78, NULL, NULL),
(1943, 3, 323, 92, NULL, NULL),
(1944, 3, 324, 48, NULL, NULL),
(1945, 3, 325, 57, NULL, NULL),
(1946, 3, 326, 0, NULL, NULL),
(1947, 3, 327, 93, NULL, NULL),
(1948, 3, 328, 50, NULL, NULL),
(1949, 3, 329, 86, NULL, NULL),
(1950, 3, 330, 5, NULL, NULL),
(1951, 3, 331, 47, NULL, NULL),
(1952, 3, 332, 62, NULL, NULL),
(1953, 3, 333, 71, NULL, NULL),
(1954, 3, 334, 44, NULL, NULL),
(1955, 3, 335, 61, NULL, NULL),
(1956, 3, 336, 69, NULL, NULL),
(1957, 3, 337, 52, NULL, NULL),
(1958, 3, 338, 72, NULL, NULL),
(1959, 3, 339, 7, NULL, NULL),
(1960, 3, 340, 50, NULL, NULL),
(1961, 3, 341, 68, NULL, NULL),
(1962, 3, 342, 45, NULL, NULL),
(1963, 3, 343, 84, NULL, NULL),
(1964, 3, 344, 53, NULL, NULL),
(1965, 3, 345, 64, NULL, NULL),
(1966, 3, 346, 3, NULL, NULL),
(1967, 3, 347, 76, NULL, NULL),
(1968, 3, 348, 45, NULL, NULL),
(1969, 3, 349, 88, NULL, NULL),
(1970, 3, 350, 61, NULL, NULL),
(1971, 3, 351, 29, NULL, NULL),
(1972, 3, 352, 59, NULL, NULL),
(1973, 3, 353, 71, NULL, NULL),
(1974, 3, 354, 20, NULL, NULL),
(1975, 3, 355, 78, NULL, NULL),
(1976, 3, 356, 0, NULL, NULL),
(1977, 3, 357, 48, NULL, NULL),
(1978, 3, 358, 39, NULL, NULL),
(1979, 3, 359, 70, NULL, NULL),
(1980, 3, 360, 30, NULL, NULL),
(1981, 3, 361, 38, NULL, NULL),
(1982, 3, 362, 98, NULL, NULL),
(1983, 3, 363, 76, NULL, NULL),
(1984, 3, 364, 78, NULL, NULL),
(1985, 3, 365, 86, NULL, NULL),
(1986, 3, 366, 22, NULL, NULL),
(1987, 3, 367, 8, NULL, NULL),
(1988, 3, 368, 48, NULL, NULL),
(1989, 3, 369, 18, NULL, NULL),
(1990, 3, 370, 73, NULL, NULL),
(1991, 3, 371, 58, NULL, NULL),
(1992, 3, 372, 29, NULL, NULL),
(1993, 3, 373, 4, NULL, NULL),
(1994, 3, 374, 18, NULL, NULL),
(1995, 3, 375, 64, NULL, NULL),
(1996, 3, 376, 97, NULL, NULL),
(1997, 3, 377, 34, NULL, NULL),
(1998, 3, 378, 10, NULL, NULL),
(1999, 3, 379, 77, NULL, NULL),
(2000, 3, 380, 42, NULL, NULL),
(2001, 3, 381, 87, NULL, NULL),
(2002, 3, 382, 29, NULL, NULL),
(2003, 3, 383, 4, NULL, NULL),
(2004, 3, 384, 13, NULL, NULL),
(2005, 3, 385, 13, NULL, NULL),
(2006, 3, 386, 25, NULL, NULL),
(2007, 3, 387, 64, NULL, NULL),
(2008, 3, 388, 96, NULL, NULL),
(2009, 3, 389, 32, NULL, NULL),
(2010, 3, 390, 29, NULL, NULL),
(2011, 3, 391, 33, NULL, NULL),
(2012, 3, 392, 20, NULL, NULL),
(2013, 3, 393, 14, NULL, NULL),
(2014, 3, 394, 27, NULL, NULL),
(2015, 3, 395, 29, NULL, NULL),
(2016, 3, 396, 96, NULL, NULL),
(2017, 3, 397, 45, NULL, NULL),
(2018, 3, 398, 38, NULL, NULL),
(2019, 3, 399, 17, NULL, NULL),
(2020, 3, 400, 46, NULL, NULL),
(2021, 3, 401, 61, NULL, NULL),
(2022, 3, 402, 13, NULL, NULL),
(2023, 3, 403, 55, NULL, NULL),
(2024, 3, 404, 76, NULL, NULL),
(2025, 3, 405, 27, NULL, NULL),
(2026, 3, 406, 88, NULL, NULL),
(2027, 3, 407, 5, NULL, NULL),
(2028, 3, 408, 59, NULL, NULL),
(2029, 3, 409, 46, NULL, NULL),
(2030, 3, 410, 52, NULL, NULL),
(2031, 3, 411, 95, NULL, NULL),
(2032, 3, 412, 83, NULL, NULL),
(2033, 3, 413, 10, NULL, NULL),
(2034, 3, 414, 53, NULL, NULL),
(2035, 3, 415, 81, NULL, NULL),
(2036, 3, 416, 17, NULL, NULL),
(2037, 3, 417, 15, NULL, NULL),
(2038, 3, 418, 82, NULL, NULL),
(2039, 3, 419, 52, NULL, NULL),
(2040, 3, 420, 46, NULL, NULL),
(2041, 3, 421, 23, NULL, NULL),
(2042, 3, 422, 68, NULL, NULL),
(2043, 3, 423, 82, NULL, NULL),
(2044, 3, 424, 41, NULL, NULL),
(2045, 3, 425, 51, NULL, NULL),
(2046, 3, 426, 88, NULL, NULL),
(2047, 3, 427, 42, NULL, NULL),
(2048, 3, 428, 95, NULL, NULL),
(2049, 3, 429, 11, NULL, NULL),
(2050, 3, 430, 25, NULL, NULL),
(2051, 3, 431, 71, NULL, NULL),
(2052, 3, 432, 75, NULL, NULL),
(2053, 3, 433, 35, NULL, NULL),
(2054, 3, 434, 100, NULL, NULL),
(2055, 3, 435, 71, NULL, NULL),
(2056, 3, 436, 7, NULL, NULL),
(2057, 3, 437, 78, NULL, NULL),
(2058, 3, 438, 70, NULL, NULL),
(2059, 3, 439, 42, NULL, NULL),
(2060, 3, 440, 19, NULL, NULL),
(2061, 3, 441, 94, NULL, NULL),
(2062, 3, 442, 3, NULL, NULL),
(2063, 3, 443, 42, NULL, NULL),
(2064, 3, 444, 27, NULL, NULL),
(2065, 3, 445, 75, NULL, NULL),
(2066, 3, 446, 84, NULL, NULL),
(2067, 3, 447, 29, NULL, NULL),
(2068, 3, 448, 2, NULL, NULL),
(2069, 3, 449, 28, NULL, NULL),
(2070, 3, 450, 41, NULL, NULL),
(2071, 3, 451, 56, NULL, NULL),
(2072, 3, 452, 66, NULL, NULL),
(2073, 3, 453, 85, NULL, NULL),
(2074, 3, 454, 54, NULL, NULL),
(2075, 3, 455, 51, NULL, NULL),
(2076, 3, 456, 49, NULL, NULL),
(2077, 3, 457, 96, NULL, NULL),
(2078, 3, 458, 5, NULL, NULL),
(2079, 3, 459, 84, NULL, NULL),
(2080, 3, 460, 51, NULL, NULL),
(2081, 3, 461, 55, NULL, NULL),
(2082, 3, 462, 47, NULL, NULL),
(2083, 3, 463, 58, NULL, NULL),
(2084, 3, 464, 14, NULL, NULL),
(2085, 3, 465, 90, NULL, NULL),
(2086, 3, 466, 81, NULL, NULL),
(2087, 3, 467, 65, NULL, NULL),
(2088, 3, 468, 90, NULL, NULL),
(2089, 3, 469, 54, NULL, NULL),
(2090, 3, 470, 76, NULL, NULL),
(2091, 3, 471, 52, NULL, NULL),
(2092, 3, 472, 93, NULL, NULL),
(2093, 3, 473, 56, NULL, NULL),
(2094, 3, 474, 35, NULL, NULL),
(2095, 3, 475, 12, NULL, NULL),
(2096, 3, 476, 93, NULL, NULL),
(2097, 3, 477, 34, NULL, NULL),
(2098, 3, 478, 94, NULL, NULL),
(2099, 3, 479, 14, NULL, NULL),
(2100, 3, 480, 25, NULL, NULL),
(2101, 3, 481, 24, NULL, NULL),
(2102, 3, 482, 77, NULL, NULL),
(2103, 3, 483, 47, NULL, NULL),
(2104, 3, 484, 67, NULL, NULL),
(2105, 3, 485, 42, NULL, NULL),
(2106, 3, 486, 90, NULL, NULL),
(2107, 3, 487, 76, NULL, NULL),
(2108, 3, 488, 21, NULL, NULL),
(2109, 3, 489, 98, NULL, NULL),
(2110, 3, 490, 93, NULL, NULL),
(2111, 3, 491, 49, NULL, NULL),
(2112, 3, 492, 0, NULL, NULL),
(2113, 3, 493, 68, NULL, NULL),
(2114, 3, 494, 17, NULL, NULL),
(2115, 3, 495, 3, NULL, NULL),
(2116, 3, 496, 73, NULL, NULL),
(2117, 3, 497, 33, NULL, NULL),
(2118, 3, 498, 82, NULL, NULL),
(2119, 3, 499, 69, NULL, NULL),
(2120, 3, 500, 35, NULL, NULL),
(2121, 3, 501, 98, NULL, NULL),
(2122, 3, 502, 63, NULL, NULL),
(2123, 3, 503, 0, NULL, NULL),
(2124, 3, 504, 74, NULL, NULL),
(2125, 3, 505, 79, NULL, NULL),
(2126, 3, 506, 81, NULL, NULL),
(2127, 3, 507, 95, NULL, NULL),
(2128, 3, 508, 79, NULL, NULL),
(2129, 3, 509, 16, NULL, NULL),
(2130, 3, 510, 91, NULL, NULL),
(2131, 3, 511, 74, NULL, NULL),
(2132, 3, 512, 19, NULL, NULL),
(2133, 3, 513, 58, NULL, NULL),
(2134, 3, 514, 61, NULL, NULL),
(2135, 3, 515, 73, NULL, NULL),
(2136, 3, 516, 16, NULL, NULL),
(2137, 3, 517, 99, NULL, NULL),
(2138, 3, 518, 9, NULL, NULL),
(2139, 3, 519, 68, NULL, NULL),
(2140, 3, 520, 59, NULL, NULL),
(2141, 3, 521, 28, NULL, NULL),
(2142, 3, 522, 72, NULL, NULL),
(2143, 3, 523, 54, NULL, NULL),
(2144, 3, 524, 61, NULL, NULL),
(2145, 3, 525, 31, NULL, NULL),
(2146, 3, 526, 98, NULL, NULL),
(2147, 3, 527, 27, NULL, NULL),
(2148, 3, 528, 18, NULL, NULL),
(2149, 3, 529, 27, NULL, NULL),
(2150, 3, 530, 23, NULL, NULL),
(2151, 3, 531, 48, NULL, NULL),
(2152, 3, 532, 17, NULL, NULL),
(2153, 3, 533, 77, NULL, NULL),
(2154, 3, 534, 57, NULL, NULL),
(2155, 3, 535, 5, NULL, NULL),
(2156, 3, 536, 62, NULL, NULL),
(2157, 3, 537, 69, NULL, NULL),
(2158, 3, 538, 46, NULL, NULL),
(2159, 3, 539, 86, NULL, NULL),
(2160, 3, 540, 62, NULL, NULL),
(2161, 3, 541, 29, NULL, NULL),
(2162, 3, 542, 32, NULL, NULL),
(2163, 3, 543, 35, NULL, NULL),
(2164, 3, 544, 48, NULL, NULL),
(2165, 3, 545, 96, NULL, NULL),
(2166, 3, 546, 97, NULL, NULL),
(2167, 3, 547, 31, NULL, NULL),
(2168, 3, 548, 64, NULL, NULL),
(2169, 3, 549, 15, NULL, NULL),
(2170, 3, 550, 72, NULL, NULL),
(2171, 3, 551, 71, NULL, NULL),
(2172, 3, 552, 31, NULL, NULL),
(2173, 3, 553, 37, NULL, NULL),
(2174, 3, 554, 100, NULL, NULL),
(2175, 3, 555, 55, NULL, NULL),
(2176, 3, 556, 37, NULL, NULL),
(2177, 3, 557, 96, NULL, NULL),
(2178, 3, 558, 25, NULL, NULL),
(2179, 3, 559, 91, NULL, NULL),
(2180, 3, 560, 57, NULL, NULL),
(2181, 3, 561, 100, NULL, NULL),
(2182, 3, 562, 93, NULL, NULL),
(2183, 3, 563, 18, NULL, NULL),
(2184, 3, 564, 81, NULL, NULL),
(2185, 3, 565, 68, NULL, NULL),
(2186, 3, 566, 80, NULL, NULL),
(2187, 3, 567, 67, NULL, NULL),
(2188, 3, 568, 4, NULL, NULL),
(2189, 3, 569, 31, NULL, NULL),
(2190, 3, 570, 12, NULL, NULL),
(2191, 3, 571, 71, NULL, NULL),
(2192, 3, 572, 29, NULL, NULL),
(2193, 3, 573, 12, NULL, NULL),
(2194, 3, 574, 8, NULL, NULL),
(2195, 3, 575, 12, NULL, NULL),
(2196, 3, 576, 42, NULL, NULL),
(2197, 3, 577, 69, NULL, NULL),
(2198, 3, 578, 85, NULL, NULL),
(2199, 3, 579, 38, NULL, NULL),
(2200, 3, 580, 75, NULL, NULL),
(2201, 3, 581, 74, NULL, NULL),
(2202, 3, 582, 56, NULL, NULL),
(2203, 3, 583, 34, NULL, NULL),
(2204, 3, 584, 58, NULL, NULL),
(2205, 3, 585, 12, NULL, NULL),
(2206, 3, 586, 23, NULL, NULL),
(2207, 3, 587, 83, NULL, NULL),
(2208, 3, 588, 7, NULL, NULL),
(2209, 3, 589, 85, NULL, NULL),
(2210, 3, 590, 26, NULL, NULL),
(2211, 3, 591, 44, NULL, NULL),
(2212, 3, 592, 56, NULL, NULL),
(2213, 3, 593, 73, NULL, NULL),
(2214, 3, 594, 51, NULL, NULL),
(2215, 3, 595, 64, NULL, NULL),
(2216, 3, 596, 12, NULL, NULL),
(2217, 3, 597, 83, NULL, NULL),
(2218, 3, 598, 50, NULL, NULL),
(2219, 3, 599, 32, NULL, NULL),
(2220, 3, 600, 44, NULL, NULL),
(2221, 3, 601, 88, NULL, NULL),
(2222, 3, 602, 85, NULL, NULL),
(2223, 3, 603, 71, NULL, NULL),
(2224, 3, 604, 14, NULL, NULL),
(2225, 3, 605, 49, NULL, NULL),
(2226, 3, 606, 45, NULL, NULL),
(2227, 3, 607, 84, NULL, NULL),
(2228, 3, 608, 35, NULL, NULL),
(2229, 3, 609, 58, NULL, NULL),
(2230, 3, 610, 70, NULL, NULL),
(2231, 3, 611, 34, NULL, NULL),
(2232, 3, 612, 86, NULL, NULL),
(2233, 3, 613, 36, NULL, NULL),
(2234, 3, 614, 37, NULL, NULL),
(2235, 3, 615, 81, NULL, NULL),
(2236, 3, 616, 41, NULL, NULL),
(2237, 3, 617, 39, NULL, NULL),
(2238, 3, 618, 73, NULL, NULL),
(2239, 3, 619, 92, NULL, NULL),
(2240, 3, 620, 11, NULL, NULL),
(2241, 3, 621, 1, NULL, NULL),
(2242, 3, 622, 0, NULL, NULL),
(2243, 3, 623, 96, NULL, NULL),
(2244, 3, 624, 81, NULL, NULL),
(2245, 3, 625, 61, NULL, NULL),
(2246, 3, 626, 48, NULL, NULL),
(2247, 3, 627, 68, NULL, NULL),
(2248, 3, 628, 67, NULL, NULL),
(2249, 3, 629, 44, NULL, NULL),
(2250, 3, 630, 69, NULL, NULL),
(2251, 3, 631, 7, NULL, NULL),
(2252, 3, 632, 11, NULL, NULL),
(2253, 3, 633, 13, NULL, NULL),
(2254, 3, 634, 46, NULL, NULL),
(2255, 3, 635, 17, NULL, NULL),
(2256, 3, 636, 53, NULL, NULL),
(2257, 3, 637, 73, NULL, NULL),
(2258, 3, 638, 55, NULL, NULL),
(2259, 3, 639, 66, NULL, NULL),
(2260, 3, 640, 8, NULL, NULL),
(2261, 3, 641, 73, NULL, NULL),
(2262, 3, 642, 98, NULL, NULL),
(2263, 3, 643, 87, NULL, NULL),
(2264, 3, 644, 77, NULL, NULL),
(2265, 3, 645, 9, NULL, NULL),
(2266, 3, 646, 96, NULL, NULL),
(2267, 3, 647, 33, NULL, NULL),
(2268, 3, 648, 32, NULL, NULL),
(2269, 3, 649, 64, NULL, NULL),
(2270, 3, 650, 21, NULL, NULL),
(2271, 3, 651, 56, NULL, NULL),
(2272, 3, 652, 44, NULL, NULL),
(2273, 3, 653, 40, NULL, NULL),
(2274, 3, 654, 97, NULL, NULL),
(2275, 3, 655, 8, NULL, NULL),
(2276, 3, 656, 27, NULL, NULL),
(2277, 3, 657, 95, NULL, NULL),
(2278, 3, 658, 47, NULL, NULL),
(2279, 3, 659, 42, NULL, NULL),
(2280, 3, 660, 52, NULL, NULL),
(2281, 3, 661, 32, NULL, NULL),
(2282, 3, 662, 22, NULL, NULL),
(2283, 3, 663, 73, NULL, NULL),
(2284, 3, 664, 37, NULL, NULL),
(2285, 3, 665, 45, NULL, NULL),
(2286, 3, 666, 44, NULL, NULL),
(2287, 3, 667, 57, NULL, NULL),
(2288, 3, 668, 34, NULL, NULL),
(2289, 3, 669, 95, NULL, NULL),
(2290, 3, 670, 52, NULL, NULL),
(2291, 3, 671, 18, NULL, NULL),
(2292, 3, 672, 24, NULL, NULL),
(2293, 3, 673, 97, NULL, NULL),
(2294, 3, 674, 35, NULL, NULL),
(2295, 3, 675, 16, NULL, NULL),
(2296, 3, 676, 42, NULL, NULL),
(2297, 3, 677, 46, NULL, NULL),
(2298, 3, 678, 56, NULL, NULL),
(2299, 3, 679, 97, NULL, NULL),
(2300, 3, 680, 16, NULL, NULL),
(2301, 3, 681, 53, NULL, NULL),
(2302, 3, 682, 89, NULL, NULL),
(2303, 3, 683, 93, NULL, NULL),
(2304, 3, 684, 22, NULL, NULL),
(2305, 3, 685, 26, NULL, NULL),
(2306, 3, 686, 36, NULL, NULL),
(2307, 3, 687, 40, NULL, NULL),
(2308, 3, 688, 82, NULL, NULL),
(2309, 3, 689, 9, NULL, NULL),
(2310, 3, 690, 5, NULL, NULL),
(2311, 3, 691, 85, NULL, NULL),
(2312, 3, 692, 11, NULL, NULL),
(2313, 3, 693, 69, NULL, NULL),
(2314, 3, 694, 73, NULL, NULL),
(2315, 3, 695, 69, NULL, NULL),
(2316, 3, 696, 55, NULL, NULL),
(2317, 3, 697, 32, NULL, NULL),
(2318, 3, 698, 45, NULL, NULL),
(2319, 3, 699, 66, NULL, NULL),
(2320, 3, 700, 55, NULL, NULL),
(2321, 3, 701, 15, NULL, NULL),
(2322, 3, 702, 93, NULL, NULL),
(2323, 3, 703, 70, NULL, NULL),
(2324, 3, 704, 7, NULL, NULL),
(2325, 3, 705, 55, NULL, NULL),
(2326, 3, 706, 18, NULL, NULL),
(2327, 3, 707, 17, NULL, NULL),
(2328, 3, 708, 72, NULL, NULL),
(2329, 3, 709, 63, NULL, NULL),
(2330, 3, 710, 62, NULL, NULL),
(2331, 3, 711, 43, NULL, NULL),
(2332, 3, 712, 2, NULL, NULL),
(2333, 3, 713, 63, NULL, NULL),
(2334, 3, 714, 99, NULL, NULL),
(2335, 3, 715, 66, NULL, NULL),
(2336, 3, 716, 41, NULL, NULL),
(2337, 3, 717, 36, NULL, NULL),
(2338, 3, 718, 38, NULL, NULL),
(2339, 3, 719, 74, NULL, NULL),
(2340, 3, 720, 17, NULL, NULL),
(2341, 3, 721, 52, NULL, NULL),
(2342, 3, 722, 45, NULL, NULL),
(2343, 3, 723, 34, NULL, NULL),
(2344, 3, 724, 0, NULL, NULL),
(2345, 3, 725, 22, NULL, NULL),
(2346, 3, 726, 34, NULL, NULL),
(2347, 3, 727, 86, NULL, NULL),
(2348, 3, 728, 79, NULL, NULL),
(2349, 3, 729, 25, NULL, NULL),
(2350, 3, 730, 99, NULL, NULL),
(2351, 3, 731, 96, NULL, NULL),
(2352, 3, 732, 23, NULL, NULL),
(2353, 3, 733, 35, NULL, NULL),
(2354, 3, 734, 23, NULL, NULL),
(2355, 3, 735, 28, NULL, NULL),
(2356, 3, 736, 89, NULL, NULL),
(2357, 3, 737, 40, NULL, NULL),
(2358, 3, 738, 82, NULL, NULL),
(2359, 3, 739, 58, NULL, NULL),
(2360, 3, 740, 54, NULL, NULL),
(2361, 3, 741, 28, NULL, NULL),
(2362, 3, 742, 43, NULL, NULL),
(2363, 3, 743, 100, NULL, NULL),
(2364, 3, 744, 75, NULL, NULL),
(2365, 3, 745, 8, NULL, NULL),
(2366, 3, 746, 3, NULL, NULL),
(2367, 3, 747, 41, NULL, NULL),
(2368, 3, 748, 49, NULL, NULL),
(2369, 3, 749, 66, NULL, NULL),
(2370, 3, 750, 64, NULL, NULL),
(2371, 3, 751, 20, NULL, NULL),
(2372, 3, 752, 100, NULL, NULL),
(2373, 3, 753, 32, NULL, NULL),
(2374, 3, 754, 66, NULL, NULL),
(2375, 3, 755, 16, NULL, NULL),
(2376, 3, 756, 14, NULL, NULL),
(2377, 3, 757, 26, NULL, NULL),
(2378, 3, 758, 89, NULL, NULL),
(2379, 3, 759, 99, NULL, NULL),
(2380, 3, 760, 25, NULL, NULL),
(2381, 3, 761, 1, NULL, NULL),
(2382, 3, 762, 63, NULL, NULL),
(2383, 3, 763, 99, NULL, NULL),
(2384, 3, 764, 40, NULL, NULL),
(2385, 3, 765, 4, NULL, NULL),
(2386, 3, 766, 45, NULL, NULL),
(2387, 3, 767, 76, NULL, NULL),
(2388, 3, 768, 45, NULL, NULL),
(2389, 3, 769, 3, NULL, NULL),
(2390, 3, 770, 7, NULL, NULL),
(2391, 3, 771, 88, NULL, NULL),
(2392, 3, 772, 10, NULL, NULL),
(2393, 3, 773, 68, NULL, NULL),
(2394, 3, 774, 28, NULL, NULL),
(2395, 3, 775, 57, NULL, NULL),
(2396, 3, 776, 63, NULL, NULL),
(2397, 3, 777, 7, NULL, NULL),
(2398, 3, 778, 14, NULL, NULL),
(2399, 3, 779, 15, NULL, NULL),
(2400, 3, 780, 45, NULL, NULL),
(2401, 3, 781, 18, NULL, NULL),
(2402, 3, 782, 32, NULL, NULL),
(2403, 3, 783, 61, NULL, NULL),
(2404, 3, 784, 5, NULL, NULL),
(2405, 3, 785, 28, NULL, NULL),
(2406, 3, 786, 40, NULL, NULL),
(2407, 3, 787, 63, NULL, NULL),
(2408, 3, 788, 40, NULL, NULL),
(2409, 3, 789, 59, NULL, NULL),
(2410, 3, 790, 32, NULL, NULL),
(2411, 3, 791, 78, NULL, NULL),
(2412, 3, 792, 98, NULL, NULL),
(2413, 3, 793, 97, NULL, NULL),
(2414, 3, 794, 63, NULL, NULL),
(2415, 3, 795, 29, NULL, NULL),
(2416, 3, 796, 76, NULL, NULL),
(2417, 3, 797, 69, NULL, NULL),
(2418, 3, 798, 66, NULL, NULL),
(2419, 3, 799, 23, NULL, NULL),
(2420, 3, 800, 82, NULL, NULL),
(2421, 3, 801, 55, NULL, NULL),
(2422, 3, 802, 20, NULL, NULL),
(2423, 3, 803, 66, NULL, NULL),
(2424, 3, 804, 83, NULL, NULL),
(2425, 3, 805, 10, NULL, NULL),
(2426, 3, 806, 1, NULL, NULL),
(2427, 3, 807, 27, NULL, NULL),
(2428, 3, 808, 59, NULL, NULL),
(2429, 3, 809, 66, NULL, NULL),
(2430, 3, 810, 45, NULL, NULL);

-- --------------------------------------------------------

--
-- Table structure for table `cache`
--

CREATE TABLE `cache` (
  `key` varchar(191) COLLATE utf8mb4_unicode_ci NOT NULL,
  `value` mediumtext COLLATE utf8mb4_unicode_ci NOT NULL,
  `expiration` int NOT NULL
) ENGINE=InnoDB DEFAULT CHARSET=utf8mb4 COLLATE=utf8mb4_unicode_ci;

-- --------------------------------------------------------

--
-- Table structure for table `cache_locks`
--

CREATE TABLE `cache_locks` (
  `key` varchar(191) COLLATE utf8mb4_unicode_ci NOT NULL,
  `owner` varchar(191) COLLATE utf8mb4_unicode_ci NOT NULL,
  `expiration` int NOT NULL
) ENGINE=InnoDB DEFAULT CHARSET=utf8mb4 COLLATE=utf8mb4_unicode_ci;

-- --------------------------------------------------------

--
-- Table structure for table `carts`
--

CREATE TABLE `carts` (
  `id` bigint UNSIGNED NOT NULL,
  `session_id` varchar(191) COLLATE utf8mb4_unicode_ci DEFAULT NULL,
  `user_id` bigint UNSIGNED DEFAULT NULL,
  `status` varchar(191) COLLATE utf8mb4_unicode_ci NOT NULL,
  `created_at` timestamp NULL DEFAULT NULL,
  `updated_at` timestamp NULL DEFAULT NULL
) ENGINE=InnoDB DEFAULT CHARSET=utf8mb4 COLLATE=utf8mb4_unicode_ci;

-- --------------------------------------------------------

--
-- Table structure for table `cart_items`
--

CREATE TABLE `cart_items` (
  `id` bigint UNSIGNED NOT NULL,
  `cart_id` bigint UNSIGNED NOT NULL,
  `product_variant_id` bigint UNSIGNED DEFAULT NULL,
  `combo_id` bigint UNSIGNED DEFAULT NULL,
  `quantity` int NOT NULL DEFAULT '1',
  `notes` text COLLATE utf8mb4_unicode_ci,
  `created_at` timestamp NULL DEFAULT NULL,
  `updated_at` timestamp NULL DEFAULT NULL
) ENGINE=InnoDB DEFAULT CHARSET=utf8mb4 COLLATE=utf8mb4_unicode_ci;

-- --------------------------------------------------------

--
-- Table structure for table `cart_item_toppings`
--

CREATE TABLE `cart_item_toppings` (
  `id` bigint UNSIGNED NOT NULL,
  `cart_item_id` bigint UNSIGNED NOT NULL,
  `topping_id` bigint UNSIGNED NOT NULL,
  `quantity` int NOT NULL DEFAULT '1',
  `created_at` timestamp NULL DEFAULT NULL,
  `updated_at` timestamp NULL DEFAULT NULL
) ENGINE=InnoDB DEFAULT CHARSET=utf8mb4 COLLATE=utf8mb4_unicode_ci;

-- --------------------------------------------------------

--
-- Table structure for table `categories`
--

CREATE TABLE `categories` (
  `id` bigint UNSIGNED NOT NULL,
  `name` varchar(191) COLLATE utf8mb4_unicode_ci NOT NULL,
  `description` text COLLATE utf8mb4_unicode_ci,
  `image` varchar(191) COLLATE utf8mb4_unicode_ci DEFAULT NULL,
  `status` tinyint(1) NOT NULL DEFAULT '1',
  `created_at` timestamp NULL DEFAULT NULL,
  `updated_at` timestamp NULL DEFAULT NULL
) ENGINE=InnoDB DEFAULT CHARSET=utf8mb4 COLLATE=utf8mb4_unicode_ci;

--
-- Dumping data for table `categories`
--

INSERT INTO `categories` (`id`, `name`, `description`, `image`, `status`, `created_at`, `updated_at`) VALUES
(1, 'Burger', 'Burger với nhiều lớp nhân thịt và rau củ tươi ngon', 'categories/burger.jpg', 1, '2025-06-02 15:34:12', '2025-06-02 15:34:12'),
(2, 'Pizza', 'Pizza đa dạng hương vị', 'categories/pizza.jpg', 1, '2025-06-02 15:34:31', '2025-06-02 15:34:31'),
(3, 'Gà Rán', 'Gà rán giòn rụm, thơm ngon', 'categories/chicken.jpg', 1, '2025-06-02 15:34:52', '2025-06-02 15:34:52'),
(4, 'Cơm', 'Các món cơm đặc sắc', 'categories/rice.jpg', 1, '2025-06-02 15:35:10', '2025-06-02 15:35:10'),
(5, 'Mì', 'Các loại mì ngon', 'categories/noodles.jpg', 1, '2025-06-02 15:35:28', '2025-06-02 15:35:28'),
(6, 'Đồ Uống', 'Đồ uống giải khát', 'categories/drinks.jpg', 1, '2025-06-02 15:35:48', '2025-06-02 15:35:48');

-- --------------------------------------------------------

--
-- Table structure for table `chat_messages`
--

CREATE TABLE `chat_messages` (
  `id` bigint UNSIGNED NOT NULL,
  `sender_id` bigint UNSIGNED NOT NULL,
  `receiver_id` bigint UNSIGNED NOT NULL,
  `branch_id` bigint UNSIGNED DEFAULT NULL,
  `message` text COLLATE utf8mb4_unicode_ci NOT NULL,
  `attachment` varchar(191) COLLATE utf8mb4_unicode_ci DEFAULT NULL,
  `attachment_type` varchar(191) COLLATE utf8mb4_unicode_ci DEFAULT NULL,
  `sent_at` datetime NOT NULL,
  `status` enum('sent','delivered','read') COLLATE utf8mb4_unicode_ci NOT NULL DEFAULT 'sent',
  `read_at` datetime DEFAULT NULL,
  `is_deleted` tinyint(1) NOT NULL DEFAULT '0',
  `is_system_message` tinyint(1) NOT NULL DEFAULT '0',
  `related_order_id` bigint UNSIGNED DEFAULT NULL,
  `sender_type` enum('customer','branch_admin','super_admin') COLLATE utf8mb4_unicode_ci NOT NULL,
  `receiver_type` enum('customer','branch_admin','super_admin') COLLATE utf8mb4_unicode_ci NOT NULL,
  `created_at` timestamp NULL DEFAULT NULL,
  `updated_at` timestamp NULL DEFAULT NULL
) ENGINE=InnoDB DEFAULT CHARSET=utf8mb4 COLLATE=utf8mb4_unicode_ci;

-- --------------------------------------------------------

--
-- Table structure for table `combos`
--

CREATE TABLE `combos` (
  `id` bigint UNSIGNED NOT NULL,
  `name` varchar(191) COLLATE utf8mb4_unicode_ci NOT NULL,
  `image` varchar(191) COLLATE utf8mb4_unicode_ci DEFAULT NULL,
  `description` text COLLATE utf8mb4_unicode_ci,
  `price` decimal(12,2) NOT NULL,
  `active` tinyint(1) NOT NULL DEFAULT '1',
  `created_at` timestamp NULL DEFAULT NULL,
  `updated_at` timestamp NULL DEFAULT NULL
) ENGINE=InnoDB DEFAULT CHARSET=utf8mb4 COLLATE=utf8mb4_unicode_ci;

--
-- Dumping data for table `combos`
--

INSERT INTO `combos` (`id`, `name`, `image`, `description`, `price`, `active`, `created_at`, `updated_at`) VALUES
(1, 'nemo tempore', 'https://via.placeholder.com/640x480.png/00ff55?text=food+deleniti', 'Eos sunt molestiae assumenda ab similique nulla laudantium.', '445938.00', 1, '2025-06-02 15:37:44', '2025-06-02 15:37:44'),
(2, 'illum voluptates', 'https://via.placeholder.com/640x480.png/00ff55?text=food+in', 'Quia voluptatem sunt eum eum rerum pariatur.', '351804.00', 1, '2025-06-02 15:37:44', '2025-06-02 15:37:44'),
(3, 'qui officia', 'https://via.placeholder.com/640x480.png/00ff55?text=food+id', 'Omnis qui tempore cum vel vel reprehenderit.', '107387.00', 1, '2025-06-02 15:37:44', '2025-06-02 15:37:44'),
(4, 'consequatur quaerat', 'https://via.placeholder.com/640x480.png/00ff55?text=food+tenetur', 'Molestias sit veniam quia accusamus nulla cum ducimus cupiditate.', '274113.00', 1, '2025-06-02 15:37:44', '2025-06-02 15:37:44'),
(5, 'consectetur maiores', 'https://via.placeholder.com/640x480.png/00ff55?text=food+iure', 'Labore sed possimus deleniti vel sequi.', '171320.00', 1, '2025-06-02 15:37:44', '2025-06-02 15:37:44'),
(6, 'labore culpa', 'https://via.placeholder.com/640x480.png/00ff55?text=food+tempora', 'Et sequi est aspernatur optio ea sit maiores.', '234675.00', 1, '2025-06-02 15:37:44', '2025-06-02 15:37:44'),
(7, 'tempora expedita', 'https://via.placeholder.com/640x480.png/00ff55?text=food+accusantium', 'Voluptatem minima voluptatem ipsa similique assumenda dolorem dolor.', '221357.00', 1, '2025-06-02 15:37:44', '2025-06-02 15:37:44'),
(8, 'deleniti unde', 'https://via.placeholder.com/640x480.png/00ff55?text=food+perferendis', 'Qui vero et ut ut odio laborum enim eveniet.', '268597.00', 1, '2025-06-02 15:37:44', '2025-06-02 15:37:44'),
(9, 'similique sunt', 'https://via.placeholder.com/640x480.png/00ff55?text=food+inventore', 'Sunt omnis fugit illum esse pariatur sed provident.', '240831.00', 1, '2025-06-02 15:37:44', '2025-06-02 15:37:44'),
(10, 'et reprehenderit', 'https://via.placeholder.com/640x480.png/00ff55?text=food+assumenda', 'Quibusdam deserunt nobis aut aut totam explicabo sapiente.', '478565.00', 1, '2025-06-02 15:37:44', '2025-06-02 15:37:44');

-- --------------------------------------------------------

--
-- Table structure for table `combo_items`
--

CREATE TABLE `combo_items` (
  `id` bigint UNSIGNED NOT NULL,
  `combo_id` bigint UNSIGNED NOT NULL,
  `product_variant_id` bigint UNSIGNED NOT NULL,
  `quantity` int NOT NULL DEFAULT '1',
  `created_at` timestamp NULL DEFAULT NULL,
  `updated_at` timestamp NULL DEFAULT NULL
) ENGINE=InnoDB DEFAULT CHARSET=utf8mb4 COLLATE=utf8mb4_unicode_ci;

--
-- Dumping data for table `combo_items`
--

INSERT INTO `combo_items` (`id`, `combo_id`, `product_variant_id`, `quantity`, `created_at`, `updated_at`) VALUES
(1, 1, 527, 1, '2025-06-02 15:37:44', '2025-06-02 15:37:44'),
(2, 1, 51, 3, '2025-06-02 15:37:44', '2025-06-02 15:37:44'),
(3, 1, 248, 3, '2025-06-02 15:37:44', '2025-06-02 15:37:44'),
(4, 1, 564, 3, '2025-06-02 15:37:44', '2025-06-02 15:37:44'),
(5, 2, 334, 1, '2025-06-02 15:37:44', '2025-06-02 15:37:44'),
(6, 2, 316, 3, '2025-06-02 15:37:44', '2025-06-02 15:37:44'),
(7, 3, 780, 1, '2025-06-02 15:37:44', '2025-06-02 15:37:44'),
(8, 3, 96, 1, '2025-06-02 15:37:44', '2025-06-02 15:37:44'),
(9, 4, 19, 3, '2025-06-02 15:37:44', '2025-06-02 15:37:44'),
(10, 4, 498, 1, '2025-06-02 15:37:44', '2025-06-02 15:37:44'),
(11, 5, 122, 3, '2025-06-02 15:37:44', '2025-06-02 15:37:44'),
(12, 5, 661, 1, '2025-06-02 15:37:44', '2025-06-02 15:37:44'),
(13, 5, 200, 2, '2025-06-02 15:37:44', '2025-06-02 15:37:44'),
(14, 6, 525, 2, '2025-06-02 15:37:44', '2025-06-02 15:37:44'),
(15, 6, 92, 1, '2025-06-02 15:37:44', '2025-06-02 15:37:44'),
(16, 6, 772, 3, '2025-06-02 15:37:44', '2025-06-02 15:37:44'),
(17, 7, 621, 3, '2025-06-02 15:37:44', '2025-06-02 15:37:44'),
(18, 7, 711, 1, '2025-06-02 15:37:44', '2025-06-02 15:37:44'),
(19, 7, 57, 2, '2025-06-02 15:37:44', '2025-06-02 15:37:44'),
(20, 7, 403, 3, '2025-06-02 15:37:44', '2025-06-02 15:37:44'),
(21, 8, 390, 1, '2025-06-02 15:37:44', '2025-06-02 15:37:44'),
(22, 8, 309, 3, '2025-06-02 15:37:44', '2025-06-02 15:37:44'),
(23, 9, 526, 1, '2025-06-02 15:37:44', '2025-06-02 15:37:44'),
(24, 9, 433, 2, '2025-06-02 15:37:44', '2025-06-02 15:37:44'),
(25, 9, 160, 2, '2025-06-02 15:37:44', '2025-06-02 15:37:44'),
(26, 9, 415, 1, '2025-06-02 15:37:44', '2025-06-02 15:37:44'),
(27, 10, 542, 1, '2025-06-02 15:37:44', '2025-06-02 15:37:44'),
(28, 10, 657, 3, '2025-06-02 15:37:44', '2025-06-02 15:37:44'),
(29, 10, 72, 1, '2025-06-02 15:37:44', '2025-06-02 15:37:44');

-- --------------------------------------------------------

--
-- Table structure for table `contacts`
--

CREATE TABLE `contacts` (
  `id` bigint UNSIGNED NOT NULL,
  `full_name` varchar(191) COLLATE utf8mb4_unicode_ci NOT NULL,
  `email` varchar(191) COLLATE utf8mb4_unicode_ci DEFAULT NULL,
  `phone` varchar(191) COLLATE utf8mb4_unicode_ci DEFAULT NULL,
  `subject` varchar(191) COLLATE utf8mb4_unicode_ci NOT NULL,
  `message` text COLLATE utf8mb4_unicode_ci NOT NULL,
  `created_at` timestamp NULL DEFAULT NULL,
  `updated_at` timestamp NULL DEFAULT NULL
) ENGINE=InnoDB DEFAULT CHARSET=utf8mb4 COLLATE=utf8mb4_unicode_ci;

-- --------------------------------------------------------

--
-- Table structure for table `discount_codes`
--

CREATE TABLE `discount_codes` (
  `id` bigint UNSIGNED NOT NULL,
  `code` varchar(50) COLLATE utf8mb4_unicode_ci NOT NULL,
  `name` varchar(191) COLLATE utf8mb4_unicode_ci NOT NULL,
  `description` text COLLATE utf8mb4_unicode_ci,
  `image` varchar(191) COLLATE utf8mb4_unicode_ci DEFAULT NULL,
  `discount_type` enum('percentage','fixed_amount','free_shipping') COLLATE utf8mb4_unicode_ci NOT NULL,
  `discount_value` decimal(12,2) NOT NULL,
  `min_order_amount` decimal(12,2) NOT NULL DEFAULT '0.00',
  `max_discount_amount` decimal(12,2) DEFAULT NULL,
  `applicable_scope` enum('all_branches','specific_branches') COLLATE utf8mb4_unicode_ci NOT NULL DEFAULT 'all_branches',
  `applicable_items` enum('all_items','specific_products','specific_categories','combos_only') COLLATE utf8mb4_unicode_ci NOT NULL DEFAULT 'all_items',
  `applicable_ranks` json DEFAULT NULL,
  `rank_exclusive` tinyint(1) NOT NULL DEFAULT '0',
  `valid_days_of_week` json DEFAULT NULL,
  `valid_from_time` time DEFAULT NULL,
  `valid_to_time` time DEFAULT NULL,
  `usage_type` enum('public','personal') COLLATE utf8mb4_unicode_ci NOT NULL DEFAULT 'public',
  `max_total_usage` int DEFAULT NULL,
  `max_usage_per_user` int NOT NULL DEFAULT '1',
  `current_usage_count` int NOT NULL DEFAULT '0',
  `start_date` timestamp NOT NULL,
  `end_date` timestamp NOT NULL,
  `is_active` tinyint(1) NOT NULL DEFAULT '1',
  `is_featured` tinyint(1) NOT NULL DEFAULT '0',
  `display_order` int NOT NULL DEFAULT '0',
  `created_by` bigint UNSIGNED NOT NULL,
  `created_at` timestamp NULL DEFAULT NULL,
  `updated_at` timestamp NULL DEFAULT NULL
) ENGINE=InnoDB DEFAULT CHARSET=utf8mb4 COLLATE=utf8mb4_unicode_ci;

--
-- Dumping data for table `discount_codes`
--

INSERT INTO `discount_codes` (`id`, `code`, `name`, `description`, `image`, `discount_type`, `discount_value`, `min_order_amount`, `max_discount_amount`, `applicable_scope`, `applicable_items`, `applicable_ranks`, `rank_exclusive`, `valid_days_of_week`, `valid_from_time`, `valid_to_time`, `usage_type`, `max_total_usage`, `max_usage_per_user`, `current_usage_count`, `start_date`, `end_date`, `is_active`, `is_featured`, `display_order`, `created_by`, `created_at`, `updated_at`) VALUES
(1, 'OUCTMC', 'quod suscipit nihil', 'Dolorum aut voluptas harum molestiae enim.', NULL, 'fixed_amount', '44.66', '57.28', NULL, 'all_branches', 'specific_categories', '\"[1,3]\"', 1, '\"[4,5,3]\"', '08:21:37', '04:20:14', 'public', 787, 2, 18, '2025-06-02 15:37:48', '2025-07-02 15:37:48', 0, 0, 10, 39, '2025-06-02 15:37:48', '2025-06-08 05:21:30'),
(2, 'RURSUY', 'laborum asperiores sunt', 'Minima non molestiae quod minus sunt quia.', NULL, 'fixed_amount', '69.23', '36.57', NULL, 'specific_branches', 'combos_only', '[\"3\"]', 0, '[\"1\", \"3\", \"4\", \"5\", \"6\", \"0\"]', '10:00:00', '13:18:00', 'personal', 5, 1, 18, '2025-06-02 15:37:00', '2025-07-02 15:37:00', 0, 1, 6, 40, '2025-06-02 15:37:48', '2025-06-08 05:36:16'),
(3, 'LOYZYQ', 'fugiat corrupti quia', 'Repudiandae ipsam id recusandae aut.', 'https://via.placeholder.com/300x300.png/00cc77?text=earum', 'percentage', '39.00', '83.92', '56.99', 'specific_branches', 'all_items', '\"[1,5]\"', 1, '\"[3]\"', '12:07:19', '17:16:35', 'personal', 429, 4, 26, '2025-06-02 15:37:48', '2025-07-02 15:37:48', 0, 0, 7, 41, '2025-06-02 15:37:48', '2025-06-08 05:21:30'),
(4, 'FXXAAT', 'culpa aliquam omnis', 'Qui est eum qui.', NULL, 'free_shipping', '0.00', '47.62', NULL, 'all_branches', 'all_items', '\"[1,5]\"', 1, '\"[1,0,3,6,5]\"', '18:59:18', '05:17:24', 'public', 720, 5, 21, '2025-06-02 15:37:48', '2025-07-02 15:37:48', 0, 0, 7, 42, '2025-06-02 15:37:48', '2025-06-08 05:21:30'),
(5, 'OOQBVB', 'voluptatem impedit ut', 'Consequatur aperiam qui veniam eveniet dolorem qui neque.', 'https://via.placeholder.com/300x300.png/005599?text=temporibus', 'free_shipping', '0.00', '57.58', NULL, 'specific_branches', 'specific_categories', '\"[4,2,1]\"', 0, '\"[1,5,2,4,3,0]\"', '18:24:16', '01:43:45', 'public', NULL, 2, 36, '2025-06-02 15:37:48', '2025-07-02 15:37:48', 0, 1, 9, 43, '2025-06-02 15:37:48', '2025-06-08 05:21:30'),
(6, 'PBYNDF', 'expedita blanditiis magnam', 'Aliquam enim recusandae non beatae error saepe animi.', 'https://via.placeholder.com/300x300.png/0044ff?text=illum', 'fixed_amount', '97.80', '5.41', NULL, 'all_branches', 'specific_products', '\"[3]\"', 0, '\"[6,5,2,3,4,1]\"', '22:13:43', '22:40:16', 'public', NULL, 4, 40, '2025-06-02 15:37:48', '2025-07-02 15:37:48', 0, 0, 8, 44, '2025-06-02 15:37:48', '2025-06-08 05:21:30'),
(7, 'WXJJCM', 'quo eos nobis', 'Ut laudantium ab ut numquam.', NULL, 'percentage', '32.00', '41.02', '52.89', 'specific_branches', 'combos_only', '\"[5]\"', 0, '\"[3,5,6,2,1]\"', '23:16:40', '10:07:29', 'public', 842, 5, 8, '2025-06-02 15:37:48', '2025-07-02 15:37:48', 0, 1, 10, 45, '2025-06-02 15:37:48', '2025-06-08 05:21:30'),
(8, 'LIXPKG', 'sit quia et', 'Temporibus temporibus et tempore possimus ipsa.', NULL, 'percentage', '39.00', '54.91', '148.55', 'specific_branches', 'combos_only', '\"[1,5,4]\"', 0, '\"[1,3]\"', '01:56:18', '00:18:05', 'public', 607, 5, 34, '2025-06-02 15:37:48', '2025-07-02 15:37:48', 1, 0, 4, 46, '2025-06-02 15:37:48', '2025-06-08 19:51:26'),
(9, 'YBZKSC', 'dignissimos vero ducimus', 'Cupiditate recusandae ratione facere natus officia doloribus voluptas.', NULL, 'percentage', '10.00', '96.67', '140.56', 'all_branches', 'combos_only', '\"[2]\"', 1, '\"[6,0,5,1,3,4,2]\"', '11:43:43', '21:49:00', 'public', 642, 3, 5, '2025-06-02 15:37:48', '2025-07-02 15:37:48', 1, 0, 2, 47, '2025-06-02 15:37:48', '2025-06-08 19:51:26'),
(10, 'YUZMRY', 'voluptas impedit ullam', 'Architecto reprehenderit recusandae molestiae alias ratione aut.', NULL, 'fixed_amount', '49000.00', '65.94', NULL, 'specific_branches', 'all_items', '[\"2\"]', 0, '[\"3\", \"4\", \"5\", \"6\", \"0\"]', '07:01:00', '07:59:00', 'public', NULL, 1, 20, '2025-06-02 15:37:00', '2025-07-02 15:37:00', 1, 0, 5, 48, '2025-06-02 15:37:48', '2025-06-08 19:55:44'),
(11, 'HDGPGG', 'at vitae doloribus', 'Debitis molestias aliquam est quasi aperiam.', NULL, 'free_shipping', '0.00', '22.96', NULL, 'all_branches', 'all_items', '\"[3,4,1]\"', 0, '\"[2,1,0,5,6,4]\"', '02:00:12', '12:46:07', 'personal', 981, 2, 48, '2025-06-02 15:37:48', '2025-07-02 15:37:48', 0, 0, 9, 49, '2025-06-02 15:37:48', '2025-06-08 05:21:30'),
(12, 'SWOHIM', 'quae corporis totam', 'Non velit magnam laboriosam consequatur.', 'https://via.placeholder.com/300x300.png/009977?text=quas', 'free_shipping', '0.00', '70.75', NULL, 'all_branches', 'all_items', '\"[5]\"', 1, '\"[0,5,3,1,2,4,6]\"', '22:22:35', '02:38:44', 'personal', NULL, 2, 40, '2025-06-02 15:37:48', '2025-07-02 15:37:48', 1, 0, 4, 50, '2025-06-02 15:37:48', '2025-06-08 19:51:26'),
(13, 'VUVGXB', 'sint neque nulla', 'Unde molestias qui porro eos nostrum.', 'https://via.placeholder.com/300x300.png/002233?text=id', 'free_shipping', '0.00', '95.45', NULL, 'all_branches', 'combos_only', '\"[5,4]\"', 0, '\"[0]\"', '13:19:06', '06:43:43', 'public', 679, 2, 25, '2025-06-02 15:37:48', '2025-07-02 15:37:48', 1, 1, 5, 51, '2025-06-02 15:37:48', '2025-06-08 19:51:26'),
(14, 'TNWDWI', 'cum nostrum voluptatem', 'Id rerum perferendis nisi repellendus.', NULL, 'free_shipping', '0.00', '18.75', NULL, 'specific_branches', 'all_items', '\"[2,1,4]\"', 1, '\"[0]\"', '12:38:44', '02:14:58', 'personal', 353, 4, 47, '2025-06-02 15:37:48', '2025-07-02 15:37:48', 1, 0, 2, 52, '2025-06-02 15:37:48', '2025-06-08 19:51:26'),
(15, 'XHPMKX', 'expedita minus enim', 'Quo molestiae accusamus voluptas omnis laudantium non.', NULL, 'fixed_amount', '54000.00', '19.41', NULL, 'specific_branches', 'specific_products', '[\"2\", \"3\", \"5\"]', 1, '[\"1\", \"2\", \"3\", \"4\", \"5\"]', '15:20:00', '20:04:00', 'personal', 5, 1, 10, '2025-06-01 17:00:00', '2025-06-30 17:00:00', 1, 1, 1, 53, '2025-06-02 15:37:48', '2025-06-08 19:51:26'),
(16, 'UJKPLE', 'rerum reiciendis voluptatem', 'Debitis maiores ut quia repellat tempora ea voluptatum.', NULL, 'fixed_amount', '85.38', '79.94', NULL, 'all_branches', 'all_items', '\"[2,4]\"', 1, '\"[6,2,3,5,4]\"', '04:06:35', '14:56:12', 'personal', NULL, 2, 47, '2025-06-02 15:37:48', '2025-07-02 15:37:48', 0, 1, 6, 54, '2025-06-02 15:37:48', '2025-06-08 05:21:30'),
(17, 'GAYOYG', 'quis perspiciatis quia', 'Pariatur fugit et occaecati quasi.', NULL, 'percentage', '37.00', '59.14', '185.00', 'specific_branches', 'combos_only', '\"[5]\"', 0, '\"[2,4,3,6]\"', '11:41:08', '20:39:03', 'personal', NULL, 2, 45, '2025-06-02 15:37:48', '2025-07-02 15:37:48', 0, 0, 6, 55, '2025-06-02 15:37:48', '2025-06-08 05:21:30'),
(18, 'MSYJPT', 'est aut iure', 'Numquam ducimus non expedita autem numquam error.', NULL, 'percentage', '6.00', '9.45', '153.75', 'all_branches', 'specific_products', '\"[4]\"', 0, '\"[2]\"', '02:31:10', '06:17:19', 'personal', 599, 4, 30, '2025-06-02 15:37:48', '2025-07-02 15:37:48', 1, 1, 5, 56, '2025-06-02 15:37:48', '2025-06-08 19:51:26'),
(19, 'LJNOAV', 'quae fuga voluptates', 'Autem sed nostrum sapiente repellendus voluptatem.', NULL, 'percentage', '19.00', '9.98', '67.27', 'all_branches', 'all_items', '\"[4,1]\"', 0, '\"[2,6,3,5]\"', '20:22:45', '05:06:12', 'public', 882, 5, 22, '2025-06-02 15:37:48', '2025-07-02 15:37:48', 1, 1, 5, 57, '2025-06-02 15:37:48', '2025-06-08 19:51:26'),
(20, 'JWZKNQ', 'suscipit esse autem', 'Architecto dolorem quo perferendis natus et sed suscipit.', 'https://via.placeholder.com/300x300.png/0055bb?text=ut', 'percentage', '41.00', '73.24', '65.17', 'specific_branches', 'combos_only', '\"[3]\"', 0, '\"[3]\"', '10:19:32', '06:33:23', 'personal', 354, 1, 8, '2025-06-02 15:37:48', '2025-07-02 15:37:48', 1, 0, 3, 58, '2025-06-02 15:37:48', '2025-06-08 19:51:26');

-- --------------------------------------------------------

--
-- Table structure for table `discount_code_branches`
--

CREATE TABLE `discount_code_branches` (
  `id` bigint UNSIGNED NOT NULL,
  `discount_code_id` bigint UNSIGNED NOT NULL,
  `branch_id` bigint UNSIGNED NOT NULL,
  `created_at` timestamp NULL DEFAULT NULL,
  `updated_at` timestamp NULL DEFAULT NULL
) ENGINE=InnoDB DEFAULT CHARSET=utf8mb4 COLLATE=utf8mb4_unicode_ci;

--
-- Dumping data for table `discount_code_branches`
--

INSERT INTO `discount_code_branches` (`id`, `discount_code_id`, `branch_id`, `created_at`, `updated_at`) VALUES
(3, 3, 1, '2025-06-02 15:37:48', '2025-06-02 15:37:48'),
(4, 3, 2, '2025-06-02 15:37:48', '2025-06-02 15:37:48'),
(5, 3, 3, '2025-06-02 15:37:48', '2025-06-02 15:37:48'),
(6, 5, 1, '2025-06-02 15:37:48', '2025-06-02 15:37:48'),
(7, 5, 3, '2025-06-02 15:37:48', '2025-06-02 15:37:48'),
(8, 7, 2, '2025-06-02 15:37:48', '2025-06-02 15:37:48'),
(9, 8, 1, '2025-06-02 15:37:48', '2025-06-02 15:37:48'),
(10, 8, 2, '2025-06-02 15:37:48', '2025-06-02 15:37:48'),
(11, 8, 3, '2025-06-02 15:37:48', '2025-06-02 15:37:48'),
(15, 14, 1, '2025-06-02 15:37:48', '2025-06-02 15:37:48'),
(16, 14, 2, '2025-06-02 15:37:48', '2025-06-02 15:37:48'),
(17, 14, 3, '2025-06-02 15:37:48', '2025-06-02 15:37:48'),
(18, 17, 1, '2025-06-02 15:37:48', '2025-06-02 15:37:48'),
(19, 20, 1, '2025-06-02 15:37:48', '2025-06-02 15:37:48'),
(20, 20, 2, '2025-06-02 15:37:48', '2025-06-02 15:37:48'),
(49, 2, 3, '2025-06-08 05:36:16', '2025-06-08 05:36:16'),
(50, 2, 1, '2025-06-08 05:36:16', '2025-06-08 05:36:16'),
(63, 15, 3, '2025-06-08 06:46:17', '2025-06-08 06:46:17'),
(64, 15, 1, '2025-06-08 06:46:17', '2025-06-08 06:46:17'),
(65, 15, 2, '2025-06-08 06:46:17', '2025-06-08 06:46:17'),
(66, 10, 3, '2025-06-08 19:55:44', '2025-06-08 19:55:44'),
(67, 10, 1, '2025-06-08 19:55:44', '2025-06-08 19:55:44'),
(68, 10, 2, '2025-06-08 19:55:44', '2025-06-08 19:55:44');

-- --------------------------------------------------------

--
-- Table structure for table `discount_code_products`
--

CREATE TABLE `discount_code_products` (
  `id` bigint UNSIGNED NOT NULL,
  `discount_code_id` bigint UNSIGNED NOT NULL,
  `product_id` bigint UNSIGNED DEFAULT NULL,
  `category_id` bigint UNSIGNED DEFAULT NULL,
  `combo_id` bigint UNSIGNED DEFAULT NULL,
  `created_at` timestamp NULL DEFAULT NULL,
  `updated_at` timestamp NULL DEFAULT NULL
) ENGINE=InnoDB DEFAULT CHARSET=utf8mb4 COLLATE=utf8mb4_unicode_ci;

--
-- Dumping data for table `discount_code_products`
--

INSERT INTO `discount_code_products` (`id`, `discount_code_id`, `product_id`, `category_id`, `combo_id`, `created_at`, `updated_at`) VALUES
(1, 1, NULL, NULL, 5, '2025-06-02 15:37:48', '2025-06-02 15:37:48'),
(5, 5, 7, NULL, NULL, '2025-06-02 15:37:48', '2025-06-02 15:37:48'),
(6, 6, NULL, NULL, 3, '2025-06-02 15:37:48', '2025-06-02 15:37:48'),
(7, 6, NULL, NULL, 9, '2025-06-02 15:37:48', '2025-06-02 15:37:48'),
(8, 7, NULL, NULL, 3, '2025-06-02 15:37:48', '2025-06-02 15:37:48'),
(9, 8, NULL, 6, NULL, '2025-06-02 15:37:48', '2025-06-02 15:37:48'),
(10, 9, NULL, NULL, 7, '2025-06-02 15:37:48', '2025-06-02 15:37:48'),
(11, 9, NULL, NULL, 5, '2025-06-02 15:37:48', '2025-06-02 15:37:48'),
(12, 13, NULL, 1, NULL, '2025-06-02 15:37:48', '2025-06-02 15:37:48'),
(13, 17, NULL, 5, NULL, '2025-06-02 15:37:48', '2025-06-02 15:37:48'),
(14, 17, NULL, 3, NULL, '2025-06-02 15:37:48', '2025-06-02 15:37:48'),
(15, 17, NULL, 4, NULL, '2025-06-02 15:37:48', '2025-06-02 15:37:48'),
(16, 18, 87, NULL, NULL, '2025-06-02 15:37:48', '2025-06-02 15:37:48'),
(17, 20, NULL, NULL, 8, '2025-06-02 15:37:48', '2025-06-02 15:37:48'),
(18, 20, NULL, NULL, 1, '2025-06-02 15:37:48', '2025-06-02 15:37:48'),
(44, 2, NULL, NULL, 4, '2025-06-08 05:36:16', '2025-06-08 05:36:16'),
(45, 2, NULL, NULL, 3, '2025-06-08 05:36:16', '2025-06-08 05:36:16'),
(46, 2, NULL, NULL, 5, '2025-06-08 05:36:16', '2025-06-08 05:36:16'),
(59, 15, 6, NULL, NULL, '2025-06-08 06:46:17', '2025-06-08 06:46:17'),
(60, 15, 15, NULL, NULL, '2025-06-08 06:46:17', '2025-06-08 06:46:17'),
(61, 15, 85, NULL, NULL, '2025-06-08 06:46:17', '2025-06-08 06:46:17');

-- --------------------------------------------------------

--
-- Table structure for table `discount_usage_history`
--

CREATE TABLE `discount_usage_history` (
  `id` bigint UNSIGNED NOT NULL,
  `discount_code_id` bigint UNSIGNED NOT NULL,
  `order_id` bigint UNSIGNED NOT NULL,
  `user_id` bigint UNSIGNED DEFAULT NULL,
  `branch_id` bigint UNSIGNED NOT NULL,
  `guest_phone` varchar(191) COLLATE utf8mb4_unicode_ci DEFAULT NULL,
  `original_amount` decimal(12,2) NOT NULL,
  `discount_amount` decimal(12,2) NOT NULL,
  `used_at` timestamp NOT NULL DEFAULT CURRENT_TIMESTAMP
) ENGINE=InnoDB DEFAULT CHARSET=utf8mb4 COLLATE=utf8mb4_unicode_ci;

--
-- Dumping data for table `discount_usage_history`
--

INSERT INTO `discount_usage_history` (`id`, `discount_code_id`, `order_id`, `user_id`, `branch_id`, `guest_phone`, `original_amount`, `discount_amount`, `used_at`) VALUES
(1, 1, 68, 48, 1, NULL, '175.13', '23.35', '2025-06-02 15:37:48'),
(2, 1, 68, 56, 2, NULL, '62.50', '86.87', '2025-06-02 15:37:48'),
(3, 2, 35, 26, 3, '+12729468941', '388.91', '27.92', '2025-06-02 15:37:48'),
(4, 3, 88, NULL, 3, NULL, '89.79', '35.83', '2025-06-02 15:37:49'),
(5, 3, 99, 54, 3, '(623) 975-4007', '207.65', '23.88', '2025-06-02 15:37:49'),
(6, 4, 100, 51, 2, NULL, '158.08', '47.54', '2025-06-02 15:37:49'),
(7, 4, 27, 13, 1, '+19732165554', '380.22', '15.47', '2025-06-02 15:37:49'),
(8, 4, 43, 15, 3, NULL, '206.61', '92.68', '2025-06-02 15:37:49'),
(9, 4, 37, 12, 2, NULL, '345.70', '70.44', '2025-06-02 15:37:49'),
(10, 5, 32, 4, 2, NULL, '481.93', '74.45', '2025-06-02 15:37:49'),
(11, 6, 92, 38, 3, NULL, '351.28', '76.64', '2025-06-02 15:37:49'),
(12, 6, 58, 39, 1, NULL, '205.92', '47.86', '2025-06-02 15:37:49'),
(13, 6, 57, 26, 1, NULL, '312.38', '76.90', '2025-06-02 15:37:49'),
(14, 7, 81, 28, 1, NULL, '419.08', '95.98', '2025-06-02 15:37:49'),
(15, 7, 64, 24, 2, NULL, '221.86', '45.04', '2025-06-02 15:37:49'),
(16, 8, 67, 58, 2, NULL, '285.40', '12.95', '2025-06-02 15:37:49'),
(17, 9, 11, 30, 1, NULL, '354.72', '57.23', '2025-06-02 15:37:49'),
(18, 10, 44, 54, 1, NULL, '233.73', '48.77', '2025-06-02 15:37:49'),
(19, 10, 96, NULL, 2, NULL, '412.19', '49.47', '2025-06-02 15:37:49'),
(20, 10, 93, 42, 2, NULL, '176.97', '83.35', '2025-06-02 15:37:49'),
(21, 10, 15, 57, 2, NULL, '86.43', '98.88', '2025-06-02 15:37:49'),
(22, 11, 29, NULL, 3, NULL, '209.70', '16.23', '2025-06-02 15:37:49'),
(23, 11, 42, 11, 2, NULL, '483.88', '83.16', '2025-06-02 15:37:49'),
(24, 11, 75, 18, 2, '1-762-385-5205', '338.61', '20.70', '2025-06-02 15:37:49'),
(25, 12, 68, 52, 3, NULL, '73.44', '31.65', '2025-06-02 15:37:49'),
(26, 12, 68, NULL, 2, '(862) 900-8035', '321.85', '70.22', '2025-06-02 15:37:49'),
(27, 13, 11, 53, 2, NULL, '253.06', '30.56', '2025-06-02 15:37:49'),
(28, 13, 93, 24, 3, '+1-318-219-3915', '296.67', '25.28', '2025-06-02 15:37:49'),
(29, 13, 40, 40, 3, NULL, '72.13', '18.18', '2025-06-02 15:37:49'),
(30, 14, 16, 41, 1, NULL, '323.05', '7.88', '2025-06-02 15:37:49'),
(31, 14, 20, 52, 2, NULL, '482.55', '18.38', '2025-06-02 15:37:49'),
(32, 15, 96, 48, 2, '586.693.1152', '286.72', '84.18', '2025-06-02 15:37:49'),
(33, 15, 27, NULL, 3, NULL, '360.80', '51.67', '2025-06-02 15:37:49'),
(34, 15, 20, NULL, 2, NULL, '179.64', '10.21', '2025-06-02 15:37:49'),
(35, 15, 35, 15, 3, NULL, '381.34', '9.82', '2025-06-02 15:37:49'),
(36, 15, 21, 21, 1, '+1.352.813.0785', '238.88', '92.10', '2025-06-02 15:37:49'),
(37, 16, 89, 44, 3, NULL, '148.43', '49.69', '2025-06-02 15:37:49'),
(38, 16, 63, 12, 3, '(806) 407-3610', '200.81', '54.04', '2025-06-02 15:37:49'),
(39, 17, 12, 32, 3, '+1-331-557-1440', '271.96', '87.75', '2025-06-02 15:37:49'),
(40, 17, 98, 34, 2, NULL, '363.30', '52.37', '2025-06-02 15:37:49'),
(41, 17, 52, 53, 1, NULL, '116.15', '59.31', '2025-06-02 15:37:49'),
(42, 17, 39, 37, 1, NULL, '470.43', '66.19', '2025-06-02 15:37:49'),
(43, 18, 55, 16, 1, NULL, '83.10', '21.73', '2025-06-02 15:37:49'),
(44, 18, 59, 9, 1, '740-672-0290', '240.32', '12.31', '2025-06-02 15:37:49'),
(45, 18, 78, 27, 1, NULL, '365.57', '58.16', '2025-06-02 15:37:49'),
(46, 18, 3, 58, 1, NULL, '439.81', '11.36', '2025-06-02 15:37:49'),
(47, 18, 46, 32, 2, NULL, '274.71', '88.25', '2025-06-02 15:37:49'),
(48, 19, 17, NULL, 1, NULL, '411.08', '75.33', '2025-06-02 15:37:49'),
(49, 19, 94, 47, 2, NULL, '440.60', '77.40', '2025-06-02 15:37:49'),
(50, 20, 2, 2, 1, NULL, '309.27', '5.15', '2025-06-02 15:37:49'),
(51, 20, 79, 10, 1, NULL, '377.84', '14.66', '2025-06-02 15:37:49'),
(52, 20, 79, NULL, 3, NULL, '389.48', '82.64', '2025-06-02 15:37:49'),
(53, 20, 97, 18, 1, NULL, '110.62', '10.03', '2025-06-02 15:37:49');

-- --------------------------------------------------------

--
-- Table structure for table `drivers`
--

CREATE TABLE `drivers` (
  `id` bigint UNSIGNED NOT NULL,
  `email` varchar(191) COLLATE utf8mb4_unicode_ci NOT NULL,
  `password` varchar(191) COLLATE utf8mb4_unicode_ci NOT NULL,
  `full_name` varchar(191) COLLATE utf8mb4_unicode_ci NOT NULL,
  `phone_number` varchar(191) COLLATE utf8mb4_unicode_ci NOT NULL,
  `address` text COLLATE utf8mb4_unicode_ci,
  `application_id` bigint UNSIGNED NOT NULL,
  `license_number` varchar(191) COLLATE utf8mb4_unicode_ci NOT NULL,
  `license_class` varchar(10) COLLATE utf8mb4_unicode_ci DEFAULT NULL,
  `license_expiry` date DEFAULT NULL,
  `license_plate` varchar(20) COLLATE utf8mb4_unicode_ci DEFAULT NULL,
  `id_card_front` varchar(191) COLLATE utf8mb4_unicode_ci DEFAULT NULL,
  `id_card_back` varchar(191) COLLATE utf8mb4_unicode_ci DEFAULT NULL,
  `license_front` varchar(191) COLLATE utf8mb4_unicode_ci DEFAULT NULL,
  `license_back` varchar(191) COLLATE utf8mb4_unicode_ci DEFAULT NULL,
  `vehicle_type` varchar(191) COLLATE utf8mb4_unicode_ci DEFAULT NULL,
  `vehicle_registration` varchar(191) COLLATE utf8mb4_unicode_ci DEFAULT NULL,
  `vehicle_color` varchar(191) COLLATE utf8mb4_unicode_ci DEFAULT NULL,
  `status` varchar(191) COLLATE utf8mb4_unicode_ci NOT NULL,
  `is_available` tinyint(1) NOT NULL DEFAULT '1',
  `current_latitude` decimal(10,7) DEFAULT NULL,
  `current_longitude` decimal(10,7) DEFAULT NULL,
  `balance` decimal(12,2) NOT NULL DEFAULT '0.00',
  `rating` decimal(3,2) NOT NULL DEFAULT '0.00',
  `cancellation_count` int NOT NULL DEFAULT '0',
  `reliability_score` decimal(5,2) NOT NULL DEFAULT '0.00',
  `penalty_count` int NOT NULL DEFAULT '0',
  `auto_deposit_earnings` tinyint(1) NOT NULL DEFAULT '0',
  `admin_notes` text COLLATE utf8mb4_unicode_ci,
  `locked_at` timestamp NULL DEFAULT NULL,
  `locked_until` timestamp NULL DEFAULT NULL,
  `password_reset_at` timestamp NULL DEFAULT NULL,
  `password_changed_at` timestamp NULL DEFAULT NULL,
  `must_change_password` tinyint(1) NOT NULL DEFAULT '0',
  `updated_by` bigint UNSIGNED DEFAULT NULL,
  `otp` varchar(6) COLLATE utf8mb4_unicode_ci DEFAULT NULL,
  `expires_at` timestamp NULL DEFAULT NULL,
  `created_at` timestamp NULL DEFAULT NULL,
  `updated_at` timestamp NULL DEFAULT NULL,
  `locked_by` bigint UNSIGNED DEFAULT NULL,
  `lock_reason` text COLLATE utf8mb4_unicode_ci,
  `unlocked_at` timestamp NULL DEFAULT NULL,
  `unlocked_by` bigint UNSIGNED DEFAULT NULL,
  `status_changed_at` timestamp NULL DEFAULT NULL,
  `status_changed_by` bigint UNSIGNED DEFAULT NULL
) ENGINE=InnoDB DEFAULT CHARSET=utf8mb4 COLLATE=utf8mb4_unicode_ci;

--
-- Dumping data for table `drivers`
--

INSERT INTO `drivers` (`id`, `email`, `password`, `full_name`, `phone_number`, `address`, `application_id`, `license_number`, `license_class`, `license_expiry`, `license_plate`, `id_card_front`, `id_card_back`, `license_front`, `license_back`, `vehicle_type`, `vehicle_registration`, `vehicle_color`, `status`, `is_available`, `current_latitude`, `current_longitude`, `balance`, `rating`, `cancellation_count`, `reliability_score`, `penalty_count`, `auto_deposit_earnings`, `admin_notes`, `locked_at`, `locked_until`, `password_reset_at`, `password_changed_at`, `must_change_password`, `updated_by`, `otp`, `expires_at`, `created_at`, `updated_at`, `locked_by`, `lock_reason`, `unlocked_at`, `unlocked_by`, `status_changed_at`, `status_changed_by`) VALUES
(1, 'uhessel@example.com', '$2y$10$/0iUzDzBBUQ1Zi6MiViY1.P2rfhint4sVGNOxUGZGyOPG/LrkfiX2', 'Toby Herzog', '0355032605', NULL, 8, 'DL5202287114', NULL, NULL, NULL, NULL, NULL, NULL, NULL, 'car', 'sl-146-10', 'IndianRed', 'active', 0, '43.5048210', '-23.4539590', '903.48', '3.55', 5, '99.00', 2, 0, NULL, NULL, NULL, NULL, NULL, 0, NULL, NULL, NULL, '2025-06-01 15:34:12', '2025-06-02 15:34:12', NULL, NULL, NULL, NULL, NULL, NULL),
(2, 'jbaumbach@example.net', '$2y$12$Is1obyXXI/N5iYJPDxSnb..mPmQpnHD.Xb5sNfsU18K94WlOLrv5m', 'Elsie Veum', '+1-351-992-8339', NULL, 7, 'DL3648487018', NULL, NULL, NULL, NULL, NULL, NULL, NULL, 'bicycle', 'yy-859-52', 'Khaki', 'active', 1, '-85.2334530', '-161.7008580', '425.99', '3.84', 9, '76.00', 0, 0, NULL, NULL, NULL, NULL, NULL, 0, NULL, NULL, NULL, '2025-06-02 15:34:12', '2025-06-02 15:34:12', NULL, NULL, NULL, NULL, NULL, NULL),
(3, 'bernice.turner@example.org', '$2y$12$I2Q4ObokM2iUZ18cppIzPOjQ.j3v7vomooDNpmvbSkIBIiQ9CX3nS', 'Raquel Waelchi', '+1 (574) 454-9709', NULL, 8, 'DL7221314048', NULL, NULL, NULL, NULL, NULL, NULL, NULL, 'car', 'sl-146-10', 'IndianRed', 'active', 1, '-40.0476490', '-100.3135140', '53.24', '3.74', 1, '93.00', 5, 1, NULL, NULL, NULL, NULL, NULL, 0, NULL, NULL, NULL, '2025-06-02 15:34:12', '2025-06-02 15:34:12', NULL, NULL, NULL, NULL, NULL, NULL),
(4, 'aliyah32@example.org', '$2y$12$GYti7xHrnbp/de5TYuP0E.VnG29mbBl34gD4x0tmcarU/Y80GtLfa', 'Corine Beer', '570.615.6506', NULL, 9, 'DL3338735006', NULL, NULL, NULL, NULL, NULL, NULL, NULL, 'bicycle', 'se-323-68', 'OldLace', 'active', 1, '59.9584330', '114.5219340', '41.41', '4.86', 1, '99.00', 3, 0, NULL, NULL, NULL, NULL, NULL, 0, NULL, NULL, NULL, '2025-06-02 15:34:12', '2025-06-02 15:34:12', NULL, NULL, NULL, NULL, NULL, NULL),
(5, 'ignacio80@example.org', '$2y$12$R1LXCMiaBk6g4pOHjD6gxOPkoubMc4bQmyJuxYOrfBe69YZqxgrMy', 'Carmela Yost', '+1-585-605-1818', NULL, 9, 'DL9588321578', NULL, NULL, NULL, NULL, NULL, NULL, NULL, 'bicycle', 'se-323-68', 'OldLace', 'active', 1, '48.7107330', '169.7542090', '527.37', '3.77', 5, '71.00', 5, 0, NULL, NULL, NULL, NULL, NULL, 0, NULL, NULL, NULL, '2025-06-02 15:34:12', '2025-06-02 15:34:12', NULL, NULL, NULL, NULL, NULL, NULL),
(6, 'blanche.tromp@example.com', '$2y$12$lW/J8T7y2KYkNl2wwwtXUuSHUAzT/PHst8uAAa2T5WTsaYtUoIC6W', 'Nathan Cummings', '+1-321-432-6334', NULL, 3, 'DL6531363480', NULL, NULL, NULL, NULL, NULL, NULL, NULL, 'bicycle', 'wr-609-44', 'BlanchedAlmond', 'active', 1, '-71.9656860', '-67.9614890', '148.13', '3.18', 7, '88.00', 2, 0, NULL, NULL, NULL, NULL, NULL, 0, NULL, NULL, NULL, '2025-06-02 15:34:12', '2025-06-02 15:34:12', NULL, NULL, NULL, NULL, NULL, NULL),
(7, 'lockman.kristin@example.net', '$2y$12$0COXMNVvNR8QrxUbGnr68Ou7eUPErKkd9/j8KJ1IyfnVxox6BPesq', 'Cory Spencer Jr.', '(781) 964-8060', NULL, 10, 'DL7641217737', NULL, NULL, NULL, NULL, NULL, NULL, NULL, 'car', 'oz-491-26', 'Salmon', 'active', 1, '-27.1492320', '81.4762380', '585.24', '4.62', 1, '90.00', 2, 0, NULL, NULL, NULL, NULL, NULL, 0, NULL, NULL, NULL, '2025-06-02 15:34:12', '2025-06-02 15:34:12', NULL, NULL, NULL, NULL, NULL, NULL),
(8, 'edwardo.adams@example.org', '$2y$12$Ju2oS9hr4Xy7CXsOs9OIwONo90GvBmJK3oo2h7q24vKpWf0jeZbyW', 'Velma Daugherty PhD', '1-458-373-4035', NULL, 8, 'DL0534266913', NULL, NULL, NULL, NULL, NULL, NULL, NULL, 'car', 'sl-146-10', 'IndianRed', 'active', 1, '84.5817070', '-86.4389070', '128.91', '4.27', 3, '99.00', 2, 1, NULL, NULL, NULL, NULL, NULL, 0, NULL, NULL, NULL, '2025-06-02 15:34:12', '2025-06-02 15:34:12', NULL, NULL, NULL, NULL, NULL, NULL),
(9, 'furman.hayes@example.com', '$2y$12$7xUVph/BG8wSfpwGrumuCuhIOtxylWrDJyJ6r8G8CZ8djDE5JV2Ci', 'Wilhelmine Stiedemann V', '+17855560398', NULL, 2, 'DL3431678796', NULL, NULL, NULL, NULL, NULL, NULL, NULL, 'car', 'mn-857-02', 'LightBlue', 'inactive', 1, '-78.6149590', '92.5381850', '327.57', '4.18', 2, '72.00', 1, 0, NULL, NULL, NULL, NULL, NULL, 0, NULL, NULL, NULL, '2025-06-02 15:34:12', '2025-06-02 15:34:12', NULL, NULL, NULL, NULL, NULL, NULL),
(10, 'wehner.harley@example.com', '$2y$12$kUPW1iHSEgLT1hiCRobT3OntnkPWu4MRK6T1VTkqx3FtKyk6Jl48G', 'Madaline Berge', '+1.515.661.7014', NULL, 7, 'DL6388835581', NULL, NULL, NULL, NULL, NULL, NULL, NULL, 'bicycle', 'yy-859-52', 'Khaki', 'inactive', 1, '34.5183410', '147.1402360', '988.19', '3.49', 5, '89.00', 1, 0, NULL, NULL, NULL, NULL, NULL, 0, NULL, NULL, NULL, '2025-06-02 15:34:12', '2025-06-02 15:34:12', NULL, NULL, NULL, NULL, NULL, NULL);

-- --------------------------------------------------------

--
-- Table structure for table `driver_applications`
--

CREATE TABLE `driver_applications` (
  `id` bigint UNSIGNED NOT NULL,
  `full_name` varchar(100) COLLATE utf8mb4_unicode_ci NOT NULL,
  `email` varchar(100) COLLATE utf8mb4_unicode_ci NOT NULL,
  `phone_number` varchar(15) COLLATE utf8mb4_unicode_ci NOT NULL,
  `date_of_birth` date NOT NULL,
  `gender` enum('male','female','other') COLLATE utf8mb4_unicode_ci NOT NULL,
  `id_card_number` varchar(20) COLLATE utf8mb4_unicode_ci NOT NULL,
  `id_card_issue_date` date NOT NULL,
  `id_card_issue_place` varchar(100) COLLATE utf8mb4_unicode_ci NOT NULL,
  `address` text COLLATE utf8mb4_unicode_ci NOT NULL,
  `city` varchar(50) COLLATE utf8mb4_unicode_ci NOT NULL,
  `district` varchar(50) COLLATE utf8mb4_unicode_ci NOT NULL,
  `vehicle_type` enum('motorcycle','car','bicycle') COLLATE utf8mb4_unicode_ci NOT NULL,
  `vehicle_model` varchar(50) COLLATE utf8mb4_unicode_ci NOT NULL,
  `vehicle_color` varchar(50) COLLATE utf8mb4_unicode_ci NOT NULL,
  `license_plate` varchar(20) COLLATE utf8mb4_unicode_ci NOT NULL,
  `driver_license_number` varchar(20) COLLATE utf8mb4_unicode_ci NOT NULL,
  `id_card_front_image` varchar(255) COLLATE utf8mb4_unicode_ci DEFAULT NULL,
  `id_card_back_image` varchar(255) COLLATE utf8mb4_unicode_ci DEFAULT NULL,
  `driver_license_image` varchar(255) COLLATE utf8mb4_unicode_ci DEFAULT NULL,
  `profile_image` varchar(255) COLLATE utf8mb4_unicode_ci DEFAULT NULL,
  `vehicle_registration_image` varchar(255) COLLATE utf8mb4_unicode_ci DEFAULT NULL,
  `bank_name` varchar(100) COLLATE utf8mb4_unicode_ci NOT NULL,
  `bank_account_number` varchar(50) COLLATE utf8mb4_unicode_ci NOT NULL,
  `bank_account_name` varchar(100) COLLATE utf8mb4_unicode_ci NOT NULL,
  `emergency_contact_name` varchar(100) COLLATE utf8mb4_unicode_ci NOT NULL,
  `emergency_contact_phone` varchar(20) COLLATE utf8mb4_unicode_ci NOT NULL,
  `emergency_contact_relationship` varchar(50) COLLATE utf8mb4_unicode_ci NOT NULL,
  `status` enum('pending','approved','rejected') COLLATE utf8mb4_unicode_ci NOT NULL DEFAULT 'pending',
  `admin_notes` text COLLATE utf8mb4_unicode_ci,
  `created_at` timestamp NULL DEFAULT NULL,
  `updated_at` timestamp NULL DEFAULT NULL
) ENGINE=InnoDB DEFAULT CHARSET=utf8mb4 COLLATE=utf8mb4_unicode_ci;

--
-- Dumping data for table `driver_applications`
--

INSERT INTO `driver_applications` (`id`, `full_name`, `email`, `phone_number`, `date_of_birth`, `gender`, `id_card_number`, `id_card_issue_date`, `id_card_issue_place`, `address`, `city`, `district`, `vehicle_type`, `vehicle_model`, `vehicle_color`, `license_plate`, `driver_license_number`, `id_card_front_image`, `id_card_back_image`, `driver_license_image`, `profile_image`, `vehicle_registration_image`, `bank_name`, `bank_account_number`, `bank_account_name`, `emergency_contact_name`, `emergency_contact_phone`, `emergency_contact_relationship`, `status`, `admin_notes`, `created_at`, `updated_at`) VALUES
(1, 'Ila Stoltenberg I', 'haag.susanna@example.org', '+84 886154443', '1982-10-09', 'other', '3105785709', '2014-07-10', 'Swiftton', '76416 Feeney Summit Suite 102\nKertzmannland, PA 51159', 'West Jeanettechester', 'delectus', 'bicycle', 'corporis', 'LightSalmon', 'xf-462-22', 'DL1363014875', 'images/id_cards/front_default.jpg', 'images/id_cards/back_default.jpg', 'images/licenses/default.jpg', 'images/profiles/default.jpg', 'images/vehicles/default.jpg', 'Bartoletti, Herman and Dickinson', '76176284276762', 'Sylvia Green', 'Ashlee Bartoletti', '+84 438538180', 'sibling', 'approved', 'Veniam quos sit quidem quia sit.', '2025-06-02 15:34:10', '2025-06-02 15:34:10'),
(2, 'Brittany Hammes', 'pbreitenberg@example.net', '+84 337266642', '1988-12-05', 'male', '5064393625', '1985-07-30', 'Corkeryfort', '1916 Emard Mountain\nNew Glendaland, OR 85625-8344', 'New Nickolas', 'et', 'car', 'excepturi', 'LightBlue', 'mn-857-02', 'DL4402204112', 'images/id_cards/front_default.jpg', 'images/id_cards/back_default.jpg', 'images/licenses/default.jpg', 'images/profiles/default.jpg', 'images/vehicles/default.jpg', 'Kutch-Bogan', '06433631307338', 'Delmer Lowe', 'Webster Pfannerstill', '+84 641523105', 'sibling', 'approved', 'Est rerum ut rerum voluptatum nulla odio.', '2025-06-02 15:34:10', '2025-06-02 15:34:10'),
(3, 'Dr. Name Hodkiewicz', 'vebert@example.org', '+84 591458325', '1985-10-23', 'other', '6347395348', '2013-11-21', 'Lake Gerry', '97114 Lee Flats Suite 854\nVivaport, ME 94073-2846', 'West Seth', 'nemo', 'bicycle', 'quod', 'BlanchedAlmond', 'wr-609-44', 'DL6734135429', 'images/id_cards/front_default.jpg', 'images/id_cards/back_default.jpg', 'images/licenses/default.jpg', 'images/profiles/default.jpg', 'images/vehicles/default.jpg', 'Corkery LLC', '32511316234567', 'Prof. Aubrey Swift V', 'Camille Casper', '+84 131253809', 'friend', 'approved', NULL, '2025-06-02 15:34:10', '2025-06-02 15:34:10'),
(4, 'Dr. Pablo Schaden', 'wehner.margarita@example.net', '+84 835924333', '1978-01-16', 'male', '2592391719', '1995-06-15', 'West Zola', '41404 Wisoky Alley Apt. 068\nLake Johan, ND 33621', 'Daphneeton', 'facere', 'bicycle', 'dicta', 'DarkOliveGreen', 'oy-380-45', 'DL7612293206', 'images/id_cards/front_default.jpg', 'images/id_cards/back_default.jpg', 'images/licenses/default.jpg', 'images/profiles/default.jpg', 'images/vehicles/default.jpg', 'Wisoky-Walker', '86747251711698', 'Jalon Little', 'Dr. Ivah Bashirian V', '+84 407122097', 'friend', 'approved', NULL, '2025-06-02 15:34:10', '2025-06-02 15:34:10'),
(5, 'Gus Krajcik II', 'gina.willms@example.com', '+84 439905849', '1972-12-09', 'male', '5441993965', '1980-01-28', 'Jeraldton', '7387 Zachery Walk\nNorth Caleighton, VA 70645-4792', 'Philipfort', 'id', 'bicycle', 'corrupti', 'Gold', 'hv-858-19', 'DL7962469439', 'images/id_cards/front_default.jpg', 'images/id_cards/back_default.jpg', 'images/licenses/default.jpg', 'images/profiles/default.jpg', 'images/vehicles/default.jpg', 'Hermiston-Becker', '04121551495157', 'Ms. Elissa Kemmer V', 'Kamron Maggio', '+84 879326032', 'spouse', 'approved', NULL, '2025-06-02 15:34:10', '2025-06-02 15:34:10'),
(6, 'Bret Larkin', 'winfield99@example.org', '+84 862672520', '2002-12-27', 'male', '7740390928', '1970-07-18', 'Schmittfurt', '186 Lon Ramp\nPattieberg, MO 81817', 'North Lonie', 'eos', 'motorcycle', 'nulla', 'PaleGreen', 'jn-867-57', 'DL4078977286', 'images/id_cards/front_default.jpg', 'images/id_cards/back_default.jpg', 'images/licenses/default.jpg', 'images/profiles/default.jpg', 'images/vehicles/default.jpg', 'Jakubowski-Eichmann', '00051138101439', 'Austyn Brakus', 'Cordia Koepp', '+84 426326088', 'sibling', 'approved', NULL, '2025-06-02 15:34:10', '2025-06-02 15:34:10'),
(7, 'June Runolfsdottir I', 'yoreilly@example.net', '+84 780103550', '1989-04-09', 'male', '5176681911', '1980-03-16', 'Sonnyfurt', '86943 Wyman Mountains Suite 969\nNorth Modesta, TX 43528', 'Danielfort', 'non', 'bicycle', 'dicta', 'Khaki', 'yy-859-52', 'DL8476294067', 'images/id_cards/front_default.jpg', 'images/id_cards/back_default.jpg', 'images/licenses/default.jpg', 'images/profiles/default.jpg', 'images/vehicles/default.jpg', 'Hansen and Sons', '29002325185281', 'Prof. Jonathon Dicki PhD', 'Aidan Osinski', '+84 279098705', 'spouse', 'approved', NULL, '2025-06-02 15:34:10', '2025-06-02 15:34:10'),
(8, 'Carlie Keebler Jr.', 'halle.sporer@example.org', '+84 961251238', '2000-09-13', 'male', '5400623397', '2003-12-28', 'New Darrion', '71598 Gutkowski Field Apt. 733\nDarianaland, WV 44741', 'South Billy', 'accusantium', 'car', 'est', 'IndianRed', 'sl-146-10', 'DL5022786531', 'images/id_cards/front_default.jpg', 'images/id_cards/back_default.jpg', 'images/licenses/default.jpg', 'images/profiles/default.jpg', 'images/vehicles/default.jpg', 'Conroy, Gleason and Gerhold', '46681171467289', 'Kylie Hamill', 'Yvonne Daniel', '+84 833827323', 'spouse', 'approved', NULL, '2025-06-02 15:34:10', '2025-06-02 15:34:10'),
(9, 'Prof. Dawn Murphy II', 'schaefer.connie@example.com', '+84 245785296', '1976-09-20', 'male', '4475601513', '2008-09-07', 'Gonzaloport', '482 Bernier Ridges\nFramiberg, VA 72917', 'Lake Sidney', 'deleniti', 'bicycle', 'qui', 'OldLace', 'se-323-68', 'DL3013339793', 'images/id_cards/front_default.jpg', 'images/id_cards/back_default.jpg', 'images/licenses/default.jpg', 'images/profiles/default.jpg', 'images/vehicles/default.jpg', 'Turner PLC', '13988571392822', 'Kenton Zieme', 'Vanessa Abernathy', '+84 199603497', 'parent', 'approved', 'Expedita enim distinctio molestias sed dicta.', '2025-06-02 15:34:10', '2025-06-02 15:34:10'),
(10, 'Dariana Wisoky', 'dkulas@example.com', '+84 133872696', '1977-02-13', 'other', '5351210715', '1981-03-10', 'East Deborahview', '94446 Rosamond Tunnel\nMurieltown, IN 53565-0501', 'Twilaview', 'ut', 'car', 'dolore', 'Salmon', 'oz-491-26', 'DL9648853043', 'images/id_cards/front_default.jpg', 'images/id_cards/back_default.jpg', 'images/licenses/default.jpg', 'images/profiles/default.jpg', 'images/vehicles/default.jpg', 'Greenholt, Funk and Rice', '21136279649537', 'Leonardo Bauch', 'Prof. Abner King', '+84 295576520', 'parent', 'approved', NULL, '2025-06-02 15:34:10', '2025-06-02 15:34:10'),
(11, 'Myrtie Wehner MD', 'vziemann@example.com', '+84 718701236', '1977-06-16', 'female', '0102084536', '1998-05-11', 'Greenfurt', '177 Domenic Mission\nSouth Shemar, MI 67246-9035', 'Stoltenbergborough', 'vitae', 'bicycle', 'ab', 'Chocolate', 'nf-958-92', 'DL9043537936', 'images/id_cards/front_default.jpg', 'images/id_cards/back_default.jpg', 'images/licenses/default.jpg', 'images/profiles/default.jpg', 'images/vehicles/default.jpg', 'Heathcote, Tillman and Sipes', '10454113448162', 'Vidal Jakubowski', 'Prof. Leone Baumbach MD', '+84 821330682', 'parent', 'pending', NULL, '2025-06-02 15:34:10', '2025-06-02 15:34:10'),
(12, 'Clemmie Stokes', 'ksipes@example.net', '+84 316767949', '1974-02-20', 'other', '1123438403', '2015-10-07', 'Hillberg', '1808 Corwin Ville\nWest Jennings, NH 98814-6267', 'West Maurine', 'excepturi', 'bicycle', 'culpa', 'OliveDrab', 'gl-300-28', 'DL1798238910', 'images/id_cards/front_default.jpg', 'images/id_cards/back_default.jpg', 'images/licenses/default.jpg', 'images/profiles/default.jpg', 'images/vehicles/default.jpg', 'Morar-Hane', '88890284770340', 'Dolores Swaniawski', 'Ms. Savanna Feeney V', '+84 752431398', 'sibling', 'pending', NULL, '2025-06-02 15:34:10', '2025-06-02 15:34:10'),
(13, 'Tre Wilderman', 'borer.precious@example.com', '+84 752370279', '1975-06-28', 'female', '4519450237', '1979-12-01', 'Pfefferton', '7818 Gianni Underpass\nBogisichstad, CT 03044-2590', 'Pollichshire', 'totam', 'car', 'iure', 'LightSteelBlue', 'qe-361-41', 'DL1556894486', 'images/id_cards/front_default.jpg', 'images/id_cards/back_default.jpg', 'images/licenses/default.jpg', 'images/profiles/default.jpg', 'images/vehicles/default.jpg', 'Bartoletti Ltd', '74444087679874', 'Koby Schulist', 'Tanya Mohr', '+84 727970062', 'spouse', 'pending', NULL, '2025-06-02 15:34:10', '2025-06-02 15:34:10'),
(14, 'Prof. Leonardo Feeney', 'neoma60@example.net', '+84 739658338', '2006-04-15', 'female', '6679700964', '2019-06-17', 'Martyland', '3564 Kellen Grove Suite 964\nHillmouth, DC 59447-7378', 'New Wendyborough', 'error', 'bicycle', 'ea', 'BlueViolet', 'vy-191-15', 'DL2645774559', 'images/id_cards/front_default.jpg', 'images/id_cards/back_default.jpg', 'images/licenses/default.jpg', 'images/profiles/default.jpg', 'images/vehicles/default.jpg', 'Stokes, Pollich and Kuhic', '63997583080751', 'Lorine Walsh', 'Dr. Verlie Erdman', '+84 736689465', 'friend', 'pending', 'Voluptas qui incidunt et.', '2025-06-02 15:34:10', '2025-06-02 15:34:10'),
(15, 'Moises Runolfsson III', 'reynold33@example.org', '+84 881341424', '1976-07-30', 'male', '3350224709', '1974-03-05', 'Romaberg', '19474 Treutel Loop\nSchimmelhaven, WV 22481-9056', 'Toymouth', 'nihil', 'motorcycle', 'tempore', 'Teal', 'xi-315-22', 'DL7957199546', 'images/id_cards/front_default.jpg', 'images/id_cards/back_default.jpg', 'images/licenses/default.jpg', 'images/profiles/default.jpg', 'images/vehicles/default.jpg', 'Reinger Ltd', '38377959952449', 'Ms. Della Predovic', 'Mrs. Mireya Schmitt Jr.', '+84 656228103', 'parent', 'pending', NULL, '2025-06-02 15:34:10', '2025-06-02 15:34:10'),
(16, 'Mr. Brennon Greenholt', 'hollie20@example.net', '+84 990830811', '2003-02-18', 'male', '7085825243', '1991-05-22', 'Pierreton', '6642 Cruz Burg Apt. 463\nRusselbury, VA 57593-1487', 'Port Ian', 'quaerat', 'bicycle', 'error', 'Tomato', 'nv-646-00', 'DL7367000748', 'images/id_cards/front_default.jpg', 'images/id_cards/back_default.jpg', 'images/licenses/default.jpg', 'images/profiles/default.jpg', 'images/vehicles/default.jpg', 'Wintheiser-Cremin', '33460991733978', 'Dr. Wilber Friesen DDS', 'Ines Thompson', '+84 140808009', 'friend', 'rejected', NULL, '2025-06-02 15:34:10', '2025-06-02 15:34:10'),
(17, 'Madie Luettgen', 'king.janice@example.org', '+84 517683359', '1999-01-05', 'male', '4856371424', '1995-01-08', 'New Estefania', '6400 Schinner Inlet\nFlorencemouth, AK 54921', 'Myahchester', 'sint', 'motorcycle', 'voluptatem', 'Olive', 'lk-669-02', 'DL0639957274', 'images/id_cards/front_default.jpg', 'images/id_cards/back_default.jpg', 'images/licenses/default.jpg', 'images/profiles/default.jpg', 'images/vehicles/default.jpg', 'Homenick Ltd', '08396519512328', 'Maribel Larson', 'Norval Satterfield', '+84 349178942', 'parent', 'rejected', NULL, '2025-06-02 15:34:10', '2025-06-02 15:34:10'),
(18, 'Mrs. Vida McKenzie', 'hartmann.dedrick@example.com', '+84 169461178', '1982-08-11', 'other', '3226620186', '1989-09-04', 'Schimmeltown', '6850 Dena Divide Apt. 258\nKeeganburgh, ND 80396-8622', 'Port Elmorefurt', 'totam', 'car', 'facere', 'SteelBlue', 'jp-238-76', 'DL0231067919', 'images/id_cards/front_default.jpg', 'images/id_cards/back_default.jpg', 'images/licenses/default.jpg', 'images/profiles/default.jpg', 'images/vehicles/default.jpg', 'Feeney-Nitzsche', '95013020587832', 'Mr. Alphonso Ullrich', 'Coralie Collins', '+84 696496586', 'sibling', 'rejected', NULL, '2025-06-02 15:34:10', '2025-06-02 15:34:10'),
(19, 'Sheldon Champlin', 'beverly.parisian@example.org', '+84 515167368', '1999-05-22', 'female', '1440351578', '2004-05-22', 'North Cleta', '397 Amira Crescent\nCorneliusmouth, IL 73820', 'Port Alexanetown', 'omnis', 'bicycle', 'est', 'Fuchsia', 'cj-487-03', 'DL7462295415', 'images/id_cards/front_default.jpg', 'images/id_cards/back_default.jpg', 'images/licenses/default.jpg', 'images/profiles/default.jpg', 'images/vehicles/default.jpg', 'Kozey LLC', '49826099089973', 'Deven Lynch', 'Everardo Collier', '+84 425731948', 'friend', 'rejected', 'Odio ut a iste.', '2025-06-02 15:34:10', '2025-06-02 15:34:10'),
(20, 'Brent Grimes', 'beth19@example.com', '+84 512437975', '1985-09-11', 'other', '4454107937', '1986-10-11', 'Dedricland', '60468 Wilton Road\nWest Tierraborough, MN 31977', 'South Chelsieborough', 'earum', 'car', 'expedita', 'LightPink', 'az-202-30', 'DL0815934392', 'images/id_cards/front_default.jpg', 'images/id_cards/back_default.jpg', 'images/licenses/default.jpg', 'images/profiles/default.jpg', 'images/vehicles/default.jpg', 'Borer-Stark', '48218043013472', 'Nola Ritchie', 'Myron Goldner', '+84 673794290', 'spouse', 'rejected', NULL, '2025-06-02 15:34:10', '2025-06-02 15:34:10');

-- --------------------------------------------------------

--
-- Table structure for table `driver_violations`
--

CREATE TABLE `driver_violations` (
  `id` bigint UNSIGNED NOT NULL,
  `driver_id` bigint UNSIGNED NOT NULL,
  `violation_type` varchar(100) COLLATE utf8mb4_unicode_ci NOT NULL,
  `description` text COLLATE utf8mb4_unicode_ci NOT NULL,
  `severity` enum('low','medium','high','critical') COLLATE utf8mb4_unicode_ci NOT NULL,
  `penalty_amount` decimal(10,2) DEFAULT NULL,
  `reported_by` bigint UNSIGNED NOT NULL,
  `reported_at` timestamp NOT NULL,
  `status` enum('active','resolved','cancelled') COLLATE utf8mb4_unicode_ci NOT NULL DEFAULT 'active',
  `resolution_notes` text COLLATE utf8mb4_unicode_ci,
  `resolved_at` timestamp NULL DEFAULT NULL,
  `created_at` timestamp NULL DEFAULT NULL,
  `updated_at` timestamp NULL DEFAULT NULL
) ENGINE=InnoDB DEFAULT CHARSET=utf8mb4 COLLATE=utf8mb4_unicode_ci;

-- --------------------------------------------------------

--
-- Table structure for table `failed_jobs`
--

CREATE TABLE `failed_jobs` (
  `id` bigint UNSIGNED NOT NULL,
  `uuid` varchar(191) COLLATE utf8mb4_unicode_ci NOT NULL,
  `connection` text COLLATE utf8mb4_unicode_ci NOT NULL,
  `queue` text COLLATE utf8mb4_unicode_ci NOT NULL,
  `payload` longtext COLLATE utf8mb4_unicode_ci NOT NULL,
  `exception` longtext COLLATE utf8mb4_unicode_ci NOT NULL,
  `failed_at` timestamp NOT NULL DEFAULT CURRENT_TIMESTAMP
) ENGINE=InnoDB DEFAULT CHARSET=utf8mb4 COLLATE=utf8mb4_unicode_ci;

-- --------------------------------------------------------

--
-- Table structure for table `jobs`
--

CREATE TABLE `jobs` (
  `id` bigint UNSIGNED NOT NULL,
  `queue` varchar(191) COLLATE utf8mb4_unicode_ci NOT NULL,
  `payload` longtext COLLATE utf8mb4_unicode_ci NOT NULL,
  `attempts` tinyint UNSIGNED NOT NULL,
  `reserved_at` int UNSIGNED DEFAULT NULL,
  `available_at` int UNSIGNED NOT NULL,
  `created_at` int UNSIGNED NOT NULL
) ENGINE=InnoDB DEFAULT CHARSET=utf8mb4 COLLATE=utf8mb4_unicode_ci;

-- --------------------------------------------------------

--
-- Table structure for table `job_batches`
--

CREATE TABLE `job_batches` (
  `id` varchar(191) COLLATE utf8mb4_unicode_ci NOT NULL,
  `name` varchar(191) COLLATE utf8mb4_unicode_ci NOT NULL,
  `total_jobs` int NOT NULL,
  `pending_jobs` int NOT NULL,
  `failed_jobs` int NOT NULL,
  `failed_job_ids` longtext COLLATE utf8mb4_unicode_ci NOT NULL,
  `options` mediumtext COLLATE utf8mb4_unicode_ci,
  `cancelled_at` int DEFAULT NULL,
  `created_at` int NOT NULL,
  `finished_at` int DEFAULT NULL
) ENGINE=InnoDB DEFAULT CHARSET=utf8mb4 COLLATE=utf8mb4_unicode_ci;

-- --------------------------------------------------------

--
-- Table structure for table `migrations`
--

CREATE TABLE `migrations` (
  `id` int UNSIGNED NOT NULL,
  `migration` varchar(191) COLLATE utf8mb4_unicode_ci NOT NULL,
  `batch` int NOT NULL
) ENGINE=InnoDB DEFAULT CHARSET=utf8mb4 COLLATE=utf8mb4_unicode_ci;

--
-- Dumping data for table `migrations`
--

INSERT INTO `migrations` (`id`, `migration`, `batch`) VALUES
(1, '2025_01_01_000001_create_roles_table', 1),
(2, '2025_01_01_000001_create_user_ranks_table', 1),
(3, '2025_01_01_000002_create_users_table', 1),
(4, '2025_01_01_000003_create_user_roles_table', 1),
(5, '2025_01_01_000004_create_categories_table', 1),
(6, '2025_01_01_000005_create_products_table', 1),
(7, '2025_01_01_000006_create_product_imgs_table', 1),
(8, '2025_01_01_000007_create_product_variants_table', 1),
(9, '2025_01_01_000008_create_addresses_table', 1),
(10, '2025_01_01_000009_create_combos_table', 1),
(11, '2025_01_01_000010_create_banners_table', 1),
(12, '2025_01_01_000011_create_payments_table', 1),
(13, '2025_01_01_000012_create_carts_table', 1),
(14, '2025_01_01_000013_create_branches_table', 1),
(15, '2025_01_01_000014_create_branch_images_table', 1),
(16, '2025_01_01_000015_create_branch_stocks_table', 1),
(17, '2025_01_01_000016_create_driver_applications_table', 1),
(18, '2025_01_01_000017_create_drivers_table', 1),
(19, '2025_01_01_000019_create_discount_codes_table', 1),
(20, '2025_01_01_000020_create_point_rules_table', 1),
(21, '2025_01_01_000021_create_cache_table', 1),
(22, '2025_01_01_000022_create_jobs_table', 1),
(23, '2025_01_01_000023_create_orders_table', 1),
(24, '2025_01_01_000024_create_toppings_table', 1),
(25, '2025_01_01_000025_create_order_status_histories_table', 1),
(26, '2025_01_01_000026_create_order_cancellations_table', 1),
(27, '2025_01_01_000027_create_product_reviews_table', 1),
(28, '2025_01_01_000028_create_points_transactions_table', 1),
(29, '2025_01_01_000029_create_review_replies_table', 1),
(30, '2025_01_01_000030_create_return_orders_table', 1),
(31, '2025_01_01_000031_create_chat_messages_table', 1),
(32, '2025_01_01_000032_create_wishlist_items_table', 1),
(33, '2025_01_01_000033_create_contacts_table', 1),
(34, '2025_05_27_202937_add_new_fields_to_drivers_table', 1),
(35, '2025_05_27_214505_create_driver_violations_table', 1),
(36, '2025_05_27_214644_add_lock_fields_to_drivers_table', 1),
(37, '2025_05_27_214757_add_driver_earning_to_orders_table', 1),
(38, '2025_05_31_040917_create_promotion_programs_table', 1),
(39, '2025_05_31_040922_create_promotion_discount_codes_table', 1),
(40, '2025_05_31_040925_create_user_discount_codes_table', 1),
(41, '2025_05_31_040928_create_discount_code_branches_table', 1),
(42, '2025_05_31_040932_create_promotion_branches_table', 1),
(43, '2025_05_31_040934_create_discount_code_products_table', 1),
(44, '2025_05_31_040937_create_discount_usage_history_table', 1),
(45, '2025_05_31_040941_create_user_rank_history_table', 1);

-- --------------------------------------------------------

--
-- Table structure for table `orders`
--

CREATE TABLE `orders` (
  `id` bigint UNSIGNED NOT NULL,
  `customer_id` bigint UNSIGNED DEFAULT NULL,
  `branch_id` bigint UNSIGNED NOT NULL,
  `driver_id` bigint UNSIGNED DEFAULT NULL,
  `address_id` bigint UNSIGNED DEFAULT NULL,
  `discount_code_id` bigint UNSIGNED DEFAULT NULL,
  `payment_id` bigint UNSIGNED DEFAULT NULL,
  `guest_name` varchar(191) COLLATE utf8mb4_unicode_ci DEFAULT NULL,
  `guest_phone` varchar(191) COLLATE utf8mb4_unicode_ci DEFAULT NULL,
  `guest_email` varchar(191) COLLATE utf8mb4_unicode_ci DEFAULT NULL,
  `guest_address` varchar(191) COLLATE utf8mb4_unicode_ci DEFAULT NULL,
  `guest_ward` varchar(191) COLLATE utf8mb4_unicode_ci DEFAULT NULL,
  `guest_district` varchar(191) COLLATE utf8mb4_unicode_ci DEFAULT NULL,
  `guest_city` varchar(191) COLLATE utf8mb4_unicode_ci DEFAULT NULL,
  `guest_latitude` decimal(10,8) DEFAULT NULL,
  `guest_longitude` decimal(11,8) DEFAULT NULL,
  `estimated_delivery_time` timestamp NULL DEFAULT NULL,
  `actual_delivery_time` timestamp NULL DEFAULT NULL,
  `delivery_fee` decimal(12,2) NOT NULL DEFAULT '0.00',
  `driver_earning` decimal(10,2) DEFAULT NULL,
  `discount_amount` decimal(12,2) NOT NULL DEFAULT '0.00',
  `tax_amount` decimal(12,2) NOT NULL DEFAULT '0.00',
  `order_date` timestamp NOT NULL DEFAULT CURRENT_TIMESTAMP,
  `delivery_date` timestamp NULL DEFAULT NULL,
  `status` varchar(50) COLLATE utf8mb4_unicode_ci NOT NULL,
  `points_earned` int NOT NULL DEFAULT '0',
  `subtotal` decimal(12,2) NOT NULL,
  `total_amount` decimal(12,2) NOT NULL,
  `delivery_address` text COLLATE utf8mb4_unicode_ci,
  `notes` text COLLATE utf8mb4_unicode_ci,
  `created_at` timestamp NULL DEFAULT NULL,
  `updated_at` timestamp NULL DEFAULT NULL
) ENGINE=InnoDB DEFAULT CHARSET=utf8mb4 COLLATE=utf8mb4_unicode_ci;

--
-- Dumping data for table `orders`
--

INSERT INTO `orders` (`id`, `customer_id`, `branch_id`, `driver_id`, `address_id`, `discount_code_id`, `payment_id`, `guest_name`, `guest_phone`, `guest_email`, `guest_address`, `guest_ward`, `guest_district`, `guest_city`, `guest_latitude`, `guest_longitude`, `estimated_delivery_time`, `actual_delivery_time`, `delivery_fee`, `driver_earning`, `discount_amount`, `tax_amount`, `order_date`, `delivery_date`, `status`, `points_earned`, `subtotal`, `total_amount`, `delivery_address`, `notes`, `created_at`, `updated_at`) VALUES
(1, 15, 3, 9, NULL, NULL, NULL, NULL, NULL, NULL, NULL, NULL, NULL, NULL, NULL, NULL, '2025-03-06 16:22:44', '2025-03-06 16:46:44', '19363.00', NULL, '18958.00', '59853.60', '2025-03-06 15:37:44', '2025-03-06 16:26:44', 'delivering', 16, '598536.00', '658794.60', NULL, 'Giao trong giờ hành chính', '2025-06-02 15:37:44', '2025-06-02 15:37:44'),
(2, 26, 3, 8, NULL, NULL, NULL, NULL, NULL, NULL, NULL, NULL, NULL, NULL, NULL, NULL, '2025-03-25 16:22:44', '2025-03-25 16:20:44', '28871.00', NULL, '8571.00', '126217.00', '2025-03-25 15:37:44', '2025-03-25 16:46:44', 'ready_for_delivery', 16, '1262170.00', '1408687.00', NULL, NULL, '2025-06-02 15:37:44', '2025-06-02 15:37:44'),
(3, 10, 2, 1, NULL, NULL, NULL, NULL, NULL, NULL, NULL, NULL, NULL, NULL, NULL, NULL, '2025-04-26 16:22:44', '2025-04-26 16:29:44', '24043.00', NULL, '40279.00', '108978.80', '2025-04-26 15:37:44', '2025-04-26 16:58:44', 'ready_for_delivery', 86, '1089788.00', '1182530.80', NULL, 'Không cần ớt', '2025-06-02 15:37:44', '2025-06-02 15:37:44'),
(4, 26, 1, 1, NULL, NULL, NULL, NULL, NULL, NULL, NULL, NULL, NULL, NULL, NULL, NULL, '2025-04-25 16:22:44', '2025-04-25 16:24:44', '28452.00', NULL, '7930.00', '65905.90', '2025-04-25 15:37:44', '2025-04-25 16:45:44', 'preparing', 23, '659059.00', '745486.90', NULL, NULL, '2025-06-02 15:37:44', '2025-06-02 15:37:44'),
(5, 16, 1, 4, NULL, NULL, NULL, NULL, NULL, NULL, NULL, NULL, NULL, NULL, NULL, NULL, '2025-04-16 16:22:44', '2025-04-16 16:25:44', '19340.00', NULL, '20340.00', '157000.80', '2025-04-16 15:37:44', '2025-04-16 16:23:44', 'pending', 34, '1570008.00', '1726008.80', NULL, 'Thêm đồ dùng dùng một lần', '2025-06-02 15:37:44', '2025-06-02 15:37:44'),
(6, 11, 1, 5, NULL, NULL, NULL, NULL, NULL, NULL, NULL, NULL, NULL, NULL, NULL, NULL, '2025-03-18 16:22:44', '2025-03-18 16:28:44', '24367.00', NULL, '16098.00', '162023.60', '2025-03-18 15:37:44', '2025-03-18 17:02:44', 'ready_for_delivery', 63, '1620236.00', '1790528.60', NULL, 'Gọi điện trước khi giao', '2025-06-02 15:37:44', '2025-06-02 15:37:44'),
(7, 7, 1, 4, NULL, NULL, NULL, NULL, NULL, NULL, NULL, NULL, NULL, NULL, NULL, NULL, '2025-03-11 16:22:44', '2025-03-11 16:52:44', '16123.00', NULL, '41737.00', '104768.20', '2025-03-11 15:37:44', '2025-03-11 17:12:44', 'completed', 84, '1047682.00', '1126836.20', NULL, 'Giao trong giờ hành chính', '2025-06-02 15:37:44', '2025-06-02 15:37:44'),
(8, 21, 2, 6, NULL, NULL, NULL, NULL, NULL, NULL, NULL, NULL, NULL, NULL, NULL, NULL, '2025-04-26 16:22:44', '2025-04-26 16:27:44', '17435.00', NULL, '38347.00', '127965.70', '2025-04-26 15:37:44', '2025-04-26 17:09:44', 'delivering', 47, '1279657.00', '1386710.70', NULL, NULL, '2025-06-02 15:37:44', '2025-06-02 15:37:44'),
(9, 19, 1, 2, NULL, NULL, NULL, NULL, NULL, NULL, NULL, NULL, NULL, NULL, NULL, NULL, '2025-05-20 16:22:44', '2025-05-20 16:40:44', '28718.00', NULL, '13646.00', '78003.20', '2025-05-20 15:37:44', '2025-05-20 16:13:44', 'cancelled', 38, '780032.00', '873107.20', NULL, NULL, '2025-06-02 15:37:44', '2025-06-02 15:37:44'),
(10, 16, 3, 5, NULL, NULL, NULL, NULL, NULL, NULL, NULL, NULL, NULL, NULL, NULL, NULL, '2025-04-25 16:22:44', '2025-04-25 16:20:44', '30000.00', NULL, '25329.00', '25032.50', '2025-04-25 15:37:44', '2025-04-25 16:12:44', 'delivered', 14, '250325.00', '280028.50', NULL, 'Gọi điện trước khi giao', '2025-06-02 15:37:44', '2025-06-02 15:37:44'),
(11, 28, 2, 5, NULL, NULL, NULL, NULL, NULL, NULL, NULL, NULL, NULL, NULL, NULL, NULL, '2025-04-17 16:22:44', '2025-04-17 17:00:44', '28352.00', NULL, '10985.00', '104960.60', '2025-04-17 15:37:44', '2025-04-17 16:45:44', 'confirmed', 41, '1049606.00', '1171933.60', NULL, 'Thêm đồ dùng dùng một lần', '2025-06-02 15:37:44', '2025-06-02 15:37:44'),
(12, 4, 1, 8, NULL, NULL, NULL, NULL, NULL, NULL, NULL, NULL, NULL, NULL, NULL, NULL, '2025-05-30 16:22:44', '2025-05-30 16:40:44', '17565.00', NULL, '22415.00', '34264.00', '2025-05-30 15:37:44', '2025-05-30 16:15:44', 'confirmed', 83, '342640.00', '372054.00', NULL, NULL, '2025-06-02 15:37:44', '2025-06-02 15:37:44'),
(13, 25, 3, 8, NULL, NULL, NULL, NULL, NULL, NULL, NULL, NULL, NULL, NULL, NULL, NULL, '2025-05-26 16:22:44', '2025-05-26 16:47:44', '27370.00', NULL, '27951.00', '170178.20', '2025-05-26 15:37:44', '2025-05-26 16:47:44', 'confirmed', 74, '1701782.00', '1871379.20', NULL, 'Không cần gọi điện', '2025-06-02 15:37:44', '2025-06-02 15:37:44'),
(14, 8, 2, 3, NULL, NULL, NULL, NULL, NULL, NULL, NULL, NULL, NULL, NULL, NULL, NULL, '2025-05-25 16:22:44', '2025-05-25 16:34:44', '21901.00', NULL, '932.00', '102946.60', '2025-05-25 15:37:44', '2025-05-25 16:10:44', 'confirmed', 42, '1029466.00', '1153381.60', NULL, NULL, '2025-06-02 15:37:44', '2025-06-02 15:37:44'),
(15, 19, 2, 3, NULL, NULL, NULL, NULL, NULL, NULL, NULL, NULL, NULL, NULL, NULL, NULL, '2025-03-05 16:22:44', '2025-03-05 16:35:44', '28113.00', NULL, '33484.00', '70788.90', '2025-03-05 15:37:44', '2025-03-05 16:50:44', 'confirmed', 59, '707889.00', '773306.90', NULL, 'Gọi điện trước khi giao', '2025-06-02 15:37:44', '2025-06-02 15:37:44'),
(16, 23, 2, 10, NULL, NULL, NULL, NULL, NULL, NULL, NULL, NULL, NULL, NULL, NULL, NULL, '2025-04-03 16:22:44', '2025-04-03 16:55:44', '20045.00', NULL, '18342.00', '69287.20', '2025-04-03 15:37:44', '2025-04-03 17:32:44', 'completed', 97, '692872.00', '763862.20', NULL, 'Gọi điện trước khi giao', '2025-06-02 15:37:44', '2025-06-02 15:37:44'),
(17, 13, 2, 3, NULL, NULL, NULL, NULL, NULL, NULL, NULL, NULL, NULL, NULL, NULL, NULL, '2025-03-24 16:22:44', '2025-03-24 16:09:44', '15639.00', NULL, '21500.00', '79257.10', '2025-03-24 15:37:44', '2025-03-24 16:12:44', 'cancelled', 68, '792571.00', '865967.10', NULL, 'Gọi điện trước khi giao', '2025-06-02 15:37:44', '2025-06-02 15:37:44'),
(18, 28, 3, 10, NULL, NULL, NULL, NULL, NULL, NULL, NULL, NULL, NULL, NULL, NULL, NULL, '2025-03-25 16:22:44', '2025-03-25 16:35:44', '15926.00', NULL, '17527.00', '146030.10', '2025-03-25 15:37:44', '2025-03-25 17:33:44', 'confirmed', 46, '1460301.00', '1604730.10', NULL, NULL, '2025-06-02 15:37:44', '2025-06-02 15:37:44'),
(19, 24, 2, 3, NULL, NULL, NULL, NULL, NULL, NULL, NULL, NULL, NULL, NULL, NULL, NULL, '2025-05-03 16:22:44', '2025-05-03 16:54:44', '15215.00', NULL, '8721.00', '66823.40', '2025-05-03 15:37:44', '2025-05-03 17:07:44', 'ready_for_delivery', 90, '668234.00', '741551.40', NULL, 'Không cần gọi điện', '2025-06-02 15:37:44', '2025-06-02 15:37:44'),
(20, 4, 2, 3, NULL, NULL, NULL, NULL, NULL, NULL, NULL, NULL, NULL, NULL, NULL, NULL, '2025-05-12 16:22:44', '2025-05-12 16:23:44', '18609.00', NULL, '20350.00', '144571.00', '2025-05-12 15:37:44', '2025-05-12 16:10:44', 'ready_for_delivery', 36, '1445710.00', '1588540.00', NULL, NULL, '2025-06-02 15:37:44', '2025-06-02 15:37:44'),
(21, 6, 1, 8, NULL, NULL, NULL, NULL, NULL, NULL, NULL, NULL, NULL, NULL, NULL, NULL, '2025-05-10 16:22:44', '2025-05-10 16:33:44', '15122.00', NULL, '15216.00', '147393.90', '2025-05-10 15:37:44', '2025-05-10 17:05:44', 'preparing', 88, '1473939.00', '1621238.90', NULL, NULL, '2025-06-02 15:37:44', '2025-06-02 15:37:45'),
(22, 14, 3, 9, NULL, NULL, NULL, NULL, NULL, NULL, NULL, NULL, NULL, NULL, NULL, NULL, '2025-05-22 16:22:45', '2025-05-22 16:13:45', '29719.00', NULL, '24579.00', '48166.20', '2025-05-22 15:37:45', '2025-05-22 16:25:45', 'confirmed', 56, '481662.00', '534968.20', NULL, 'Giao trong giờ hành chính', '2025-06-02 15:37:45', '2025-06-02 15:37:45'),
(23, 8, 2, 7, NULL, NULL, NULL, NULL, NULL, NULL, NULL, NULL, NULL, NULL, NULL, NULL, '2025-04-06 16:22:45', '2025-04-06 16:20:45', '29355.00', NULL, '16282.00', '129828.50', '2025-04-06 15:37:45', '2025-04-06 16:37:45', 'ready_for_delivery', 31, '1298285.00', '1441186.50', NULL, 'Không cần gọi điện', '2025-06-02 15:37:45', '2025-06-02 15:37:45'),
(24, 23, 3, 7, NULL, NULL, NULL, NULL, NULL, NULL, NULL, NULL, NULL, NULL, NULL, NULL, '2025-03-25 16:22:45', '2025-03-25 17:03:45', '18134.00', NULL, '13773.00', '68841.70', '2025-03-25 15:37:45', '2025-03-25 16:41:45', 'confirmed', 61, '688417.00', '761619.70', NULL, NULL, '2025-06-02 15:37:45', '2025-06-02 15:37:45'),
(25, 20, 1, 8, NULL, NULL, NULL, NULL, NULL, NULL, NULL, NULL, NULL, NULL, NULL, NULL, '2025-04-04 16:22:45', '2025-04-04 17:02:45', '27904.00', NULL, '45746.00', '104948.00', '2025-04-04 15:37:45', '2025-04-04 17:00:45', 'ready_for_delivery', 22, '1049480.00', '1136586.00', NULL, NULL, '2025-06-02 15:37:45', '2025-06-02 15:37:45'),
(26, 23, 2, 8, NULL, NULL, NULL, NULL, NULL, NULL, NULL, NULL, NULL, NULL, NULL, NULL, '2025-03-20 16:22:45', '2025-03-20 16:30:45', '22773.00', NULL, '608.00', '37473.00', '2025-03-20 15:37:45', '2025-03-20 17:08:45', 'cancelled', 29, '374730.00', '434368.00', NULL, NULL, '2025-06-02 15:37:45', '2025-06-02 15:37:45'),
(27, 4, 1, 7, NULL, NULL, NULL, NULL, NULL, NULL, NULL, NULL, NULL, NULL, NULL, NULL, '2025-05-27 16:22:45', '2025-05-27 16:20:45', '18391.00', NULL, '2776.00', '37473.00', '2025-05-27 15:37:45', '2025-05-27 16:35:45', 'completed', 45, '374730.00', '427818.00', NULL, 'Không cần ớt', '2025-06-02 15:37:45', '2025-06-02 15:37:45'),
(28, 10, 1, 7, NULL, NULL, NULL, NULL, NULL, NULL, NULL, NULL, NULL, NULL, NULL, NULL, '2025-05-24 16:22:45', '2025-05-24 16:23:45', '28134.00', NULL, '6389.00', '90167.50', '2025-05-24 15:37:45', '2025-05-24 17:36:45', 'delivered', 55, '901675.00', '1013587.50', NULL, NULL, '2025-06-02 15:37:45', '2025-06-02 15:37:45'),
(29, 17, 1, 3, NULL, NULL, NULL, NULL, NULL, NULL, NULL, NULL, NULL, NULL, NULL, NULL, '2025-05-24 16:22:45', '2025-05-24 16:52:45', '27539.00', NULL, '36802.00', '35089.40', '2025-05-24 15:37:45', '2025-05-24 16:12:45', 'ready_for_delivery', 44, '350894.00', '376720.40', NULL, NULL, '2025-06-02 15:37:45', '2025-06-02 15:37:45'),
(30, 25, 3, 6, NULL, NULL, NULL, NULL, NULL, NULL, NULL, NULL, NULL, NULL, NULL, NULL, '2025-05-19 16:22:45', '2025-05-19 16:54:45', '25377.00', NULL, '30848.00', '69028.00', '2025-05-19 15:37:45', '2025-05-19 17:02:45', 'pending', 18, '690280.00', '753837.00', NULL, 'Giao trong giờ hành chính', '2025-06-02 15:37:45', '2025-06-02 15:37:45'),
(31, 3, 2, 8, NULL, NULL, NULL, NULL, NULL, NULL, NULL, NULL, NULL, NULL, NULL, NULL, '2025-03-12 16:22:45', '2025-03-12 16:44:45', '23261.00', NULL, '3878.00', '113812.40', '2025-03-12 15:37:45', '2025-03-12 17:06:45', 'delivered', 15, '1138124.00', '1271319.40', NULL, NULL, '2025-06-02 15:37:45', '2025-06-02 15:37:45'),
(32, 21, 3, 3, NULL, NULL, NULL, NULL, NULL, NULL, NULL, NULL, NULL, NULL, NULL, NULL, '2025-04-06 16:22:45', '2025-04-06 17:06:45', '23138.00', NULL, '31396.00', '20462.70', '2025-04-06 15:37:45', '2025-04-06 17:30:45', 'cancelled', 17, '204627.00', '216831.70', NULL, 'Không cần gọi điện', '2025-06-02 15:37:45', '2025-06-02 15:37:45'),
(33, 11, 2, 4, NULL, NULL, NULL, NULL, NULL, NULL, NULL, NULL, NULL, NULL, NULL, NULL, '2025-04-04 16:22:45', '2025-04-04 16:27:45', '15158.00', NULL, '34173.00', '11787.60', '2025-04-04 15:37:45', '2025-04-04 16:21:45', 'cancelled', 49, '117876.00', '110648.60', NULL, 'Giao trong giờ hành chính', '2025-06-02 15:37:45', '2025-06-02 15:37:45'),
(34, 14, 1, 6, NULL, NULL, NULL, NULL, NULL, NULL, NULL, NULL, NULL, NULL, NULL, NULL, '2025-04-26 16:22:45', '2025-04-26 16:24:45', '20712.00', NULL, '5992.00', '40422.30', '2025-04-26 15:37:45', '2025-04-26 16:20:45', 'delivered', 60, '404223.00', '459365.30', NULL, 'Giao trong giờ hành chính', '2025-06-02 15:37:45', '2025-06-02 15:37:45'),
(35, 15, 1, 5, NULL, NULL, NULL, NULL, NULL, NULL, NULL, NULL, NULL, NULL, NULL, NULL, '2025-05-28 16:22:45', '2025-05-28 16:18:45', '24776.00', NULL, '21553.00', '50378.70', '2025-05-28 15:37:45', '2025-05-28 16:17:45', 'pending', 74, '503787.00', '557388.70', NULL, 'Giao trong giờ hành chính', '2025-06-02 15:37:45', '2025-06-02 15:37:45'),
(36, 27, 1, 3, NULL, NULL, NULL, NULL, NULL, NULL, NULL, NULL, NULL, NULL, NULL, NULL, '2025-03-16 16:22:45', '2025-03-16 16:23:45', '19129.00', NULL, '7528.00', '54077.00', '2025-03-16 15:37:45', '2025-03-16 16:19:45', 'delivered', 36, '540770.00', '606448.00', NULL, 'Giao trong giờ hành chính', '2025-06-02 15:37:45', '2025-06-02 15:37:45'),
(37, 20, 1, 2, NULL, NULL, NULL, NULL, NULL, NULL, NULL, NULL, NULL, NULL, NULL, NULL, '2025-04-19 16:22:45', '2025-04-19 16:36:45', '22241.00', NULL, '42652.00', '39155.30', '2025-04-19 15:37:45', '2025-04-19 17:08:45', 'completed', 64, '391553.00', '410297.30', NULL, 'Gọi điện trước khi giao', '2025-06-02 15:37:45', '2025-06-02 15:37:45'),
(38, 8, 3, 10, NULL, NULL, NULL, NULL, NULL, NULL, NULL, NULL, NULL, NULL, NULL, NULL, '2025-05-28 16:22:45', '2025-05-28 16:52:45', '21688.00', NULL, '12007.00', '83670.00', '2025-05-28 15:37:45', '2025-05-28 17:02:45', 'delivering', 87, '836700.00', '930051.00', NULL, 'Giao trong giờ hành chính', '2025-06-02 15:37:45', '2025-06-02 15:37:45'),
(39, 24, 1, 7, NULL, NULL, NULL, NULL, NULL, NULL, NULL, NULL, NULL, NULL, NULL, NULL, '2025-03-11 16:22:45', '2025-03-11 17:04:45', '27858.00', NULL, '33332.00', '95659.50', '2025-03-11 15:37:45', '2025-03-11 17:24:45', 'delivering', 27, '956595.00', '1046780.50', NULL, NULL, '2025-06-02 15:37:45', '2025-06-02 15:37:45'),
(40, 1, 1, 4, NULL, NULL, NULL, NULL, NULL, NULL, NULL, NULL, NULL, NULL, NULL, NULL, '2025-05-29 16:22:45', '2025-05-29 16:31:45', '25740.00', NULL, '29527.00', '40955.30', '2025-05-29 15:37:45', '2025-05-29 17:24:45', 'pending', 93, '409553.00', '446721.30', NULL, 'Gọi điện trước khi giao', '2025-06-02 15:37:45', '2025-06-02 15:37:45'),
(41, 19, 1, 7, NULL, NULL, NULL, NULL, NULL, NULL, NULL, NULL, NULL, NULL, NULL, NULL, '2025-04-07 16:22:45', '2025-04-07 16:43:45', '15039.00', NULL, '49846.00', '90830.00', '2025-04-07 15:37:45', '2025-04-07 17:31:45', 'pending', 38, '908300.00', '964323.00', NULL, 'Thêm đồ dùng dùng một lần', '2025-06-02 15:37:45', '2025-06-02 15:37:45'),
(42, 12, 1, 6, NULL, NULL, NULL, NULL, NULL, NULL, NULL, NULL, NULL, NULL, NULL, NULL, '2025-05-24 16:22:45', '2025-05-24 16:58:45', '23267.00', NULL, '29192.00', '44762.00', '2025-05-24 15:37:45', '2025-05-24 17:37:45', 'preparing', 85, '447620.00', '486457.00', NULL, 'Không cần gọi điện', '2025-06-02 15:37:45', '2025-06-02 15:37:45'),
(43, 27, 3, 2, NULL, NULL, NULL, NULL, NULL, NULL, NULL, NULL, NULL, NULL, NULL, NULL, '2025-03-20 16:22:45', '2025-03-20 16:29:45', '28029.00', NULL, '6416.00', '71025.70', '2025-03-20 15:37:45', '2025-03-20 17:28:45', 'preparing', 37, '710257.00', '802895.70', NULL, 'Giao trong giờ hành chính', '2025-06-02 15:37:45', '2025-06-02 15:37:45'),
(44, 18, 2, 10, NULL, NULL, NULL, NULL, NULL, NULL, NULL, NULL, NULL, NULL, NULL, NULL, '2025-04-10 16:22:45', '2025-04-10 16:56:45', '22704.00', NULL, '8779.00', '197412.30', '2025-04-10 15:37:45', '2025-04-10 17:37:45', 'preparing', 95, '1974123.00', '2185460.30', NULL, NULL, '2025-06-02 15:37:45', '2025-06-02 15:37:45'),
(45, 6, 3, 9, NULL, NULL, NULL, NULL, NULL, NULL, NULL, NULL, NULL, NULL, NULL, NULL, '2025-05-12 16:22:45', '2025-05-12 16:19:45', '24111.00', NULL, '12333.00', '60701.30', '2025-05-12 15:37:45', '2025-05-12 16:59:45', 'completed', 92, '607013.00', '679492.30', NULL, 'Giao trong giờ hành chính', '2025-06-02 15:37:45', '2025-06-02 15:37:45'),
(46, 6, 2, 4, NULL, NULL, NULL, NULL, NULL, NULL, NULL, NULL, NULL, NULL, NULL, NULL, '2025-05-16 16:22:45', '2025-05-16 16:32:45', '18653.00', NULL, '26518.00', '122756.20', '2025-05-16 15:37:45', '2025-05-16 16:27:45', 'pending', 73, '1227562.00', '1342453.20', NULL, 'Thêm đồ dùng dùng một lần', '2025-06-02 15:37:45', '2025-06-02 15:37:45'),
(47, 8, 3, 5, NULL, NULL, NULL, NULL, NULL, NULL, NULL, NULL, NULL, NULL, NULL, NULL, '2025-04-24 16:22:45', '2025-04-24 16:30:45', '29009.00', NULL, '1902.00', '85649.40', '2025-04-24 15:37:45', '2025-04-24 16:56:45', 'cancelled', 72, '856494.00', '969250.40', NULL, 'Không cần gọi điện', '2025-06-02 15:37:45', '2025-06-02 15:37:45'),
(48, 6, 1, 6, NULL, NULL, NULL, NULL, NULL, NULL, NULL, NULL, NULL, NULL, NULL, NULL, '2025-03-29 16:22:45', '2025-03-29 17:02:45', '21930.00', NULL, '4115.00', '101118.10', '2025-03-29 15:37:45', '2025-03-29 17:14:45', 'pending', 86, '1011181.00', '1130114.10', NULL, 'Gọi điện trước khi giao', '2025-06-02 15:37:45', '2025-06-02 15:37:45'),
(49, 21, 1, 5, NULL, NULL, NULL, NULL, NULL, NULL, NULL, NULL, NULL, NULL, NULL, NULL, '2025-03-17 16:22:45', '2025-03-17 16:51:45', '23770.00', NULL, '22569.00', '88592.40', '2025-03-17 15:37:45', '2025-03-17 16:39:45', 'pending', 25, '885924.00', '975717.40', NULL, 'Không cần ớt', '2025-06-02 15:37:45', '2025-06-02 15:37:45'),
(50, 28, 2, 3, NULL, NULL, NULL, NULL, NULL, NULL, NULL, NULL, NULL, NULL, NULL, NULL, '2025-05-02 16:22:45', '2025-05-02 16:27:45', '16455.00', NULL, '15550.00', '71183.40', '2025-05-02 15:37:45', '2025-05-02 16:48:45', 'delivering', 69, '711834.00', '783922.40', NULL, 'Giao trong giờ hành chính', '2025-06-02 15:37:45', '2025-06-02 15:37:45'),
(51, 27, 3, 3, NULL, NULL, NULL, NULL, NULL, NULL, NULL, NULL, NULL, NULL, NULL, NULL, '2025-04-15 16:22:45', '2025-04-15 17:00:45', '18923.00', NULL, '22885.00', '86970.60', '2025-04-15 15:37:45', '2025-04-15 16:44:45', 'completed', 41, '869706.00', '952714.60', NULL, 'Không cần ớt', '2025-06-02 15:37:45', '2025-06-02 15:37:45'),
(52, 17, 3, 1, NULL, NULL, NULL, NULL, NULL, NULL, NULL, NULL, NULL, NULL, NULL, NULL, '2025-03-09 16:22:45', '2025-03-09 16:51:45', '23992.00', NULL, '34319.00', '27657.30', '2025-03-09 15:37:45', '2025-03-09 16:29:45', 'pending', 25, '276573.00', '293903.30', NULL, NULL, '2025-06-02 15:37:45', '2025-06-02 15:37:45'),
(53, 21, 1, 9, NULL, NULL, NULL, NULL, NULL, NULL, NULL, NULL, NULL, NULL, NULL, NULL, '2025-05-06 16:22:45', '2025-05-06 17:04:45', '28514.00', NULL, '24885.00', '83078.50', '2025-05-06 15:37:45', '2025-05-06 16:46:45', 'cancelled', 36, '830785.00', '917492.50', NULL, NULL, '2025-06-02 15:37:45', '2025-06-02 15:37:45'),
(54, 24, 2, 5, NULL, NULL, NULL, NULL, NULL, NULL, NULL, NULL, NULL, NULL, NULL, NULL, '2025-03-12 16:22:45', '2025-03-12 16:25:45', '21849.00', NULL, '37619.00', '44883.20', '2025-03-12 15:37:45', '2025-03-12 17:27:45', 'pending', 30, '448832.00', '477945.20', NULL, 'Giao trong giờ hành chính', '2025-06-02 15:37:45', '2025-06-02 15:37:45'),
(55, 8, 3, 7, NULL, NULL, NULL, NULL, NULL, NULL, NULL, NULL, NULL, NULL, NULL, NULL, '2025-04-17 16:22:45', '2025-04-17 16:15:45', '22310.00', NULL, '46988.00', '111310.40', '2025-04-17 15:37:45', '2025-04-17 16:33:45', 'cancelled', 43, '1113104.00', '1199736.40', NULL, NULL, '2025-06-02 15:37:45', '2025-06-02 15:37:45'),
(56, 8, 3, 7, NULL, NULL, NULL, NULL, NULL, NULL, NULL, NULL, NULL, NULL, NULL, NULL, '2025-04-20 16:22:45', '2025-04-20 17:00:45', '25723.00', NULL, '1035.00', '46113.90', '2025-04-20 15:37:45', '2025-04-20 16:55:45', 'pending', 60, '461139.00', '531940.90', NULL, 'Không cần gọi điện', '2025-06-02 15:37:45', '2025-06-02 15:37:45'),
(57, 2, 2, 8, NULL, NULL, NULL, NULL, NULL, NULL, NULL, NULL, NULL, NULL, NULL, NULL, '2025-05-01 16:22:45', '2025-05-01 16:51:45', '24147.00', NULL, '16059.00', '85255.90', '2025-05-01 15:37:45', '2025-05-01 16:55:45', 'confirmed', 97, '852559.00', '945902.90', NULL, 'Không cần ớt', '2025-06-02 15:37:45', '2025-06-02 15:37:45'),
(58, 7, 3, 9, NULL, NULL, NULL, NULL, NULL, NULL, NULL, NULL, NULL, NULL, NULL, NULL, '2025-04-30 16:22:45', '2025-04-30 16:09:45', '15393.00', NULL, '24270.00', '108449.40', '2025-04-30 15:37:45', '2025-04-30 16:28:45', 'delivered', 43, '1084494.00', '1184066.40', NULL, NULL, '2025-06-02 15:37:45', '2025-06-02 15:37:45'),
(59, 23, 3, 4, NULL, NULL, NULL, NULL, NULL, NULL, NULL, NULL, NULL, NULL, NULL, NULL, '2025-05-10 16:22:45', '2025-05-10 16:58:45', '27047.00', NULL, '10891.00', '8092.60', '2025-05-10 15:37:45', '2025-05-10 16:37:45', 'completed', 64, '80926.00', '105174.60', NULL, NULL, '2025-06-02 15:37:45', '2025-06-02 15:37:45'),
(60, 15, 1, 4, NULL, NULL, NULL, NULL, NULL, NULL, NULL, NULL, NULL, NULL, NULL, NULL, '2025-03-13 16:22:45', '2025-03-13 16:35:45', '17334.00', NULL, '33808.00', '68800.40', '2025-03-13 15:37:45', '2025-03-13 16:47:45', 'delivering', 52, '688004.00', '740330.40', NULL, NULL, '2025-06-02 15:37:45', '2025-06-02 15:37:45'),
(61, 22, 3, 4, NULL, NULL, NULL, NULL, NULL, NULL, NULL, NULL, NULL, NULL, NULL, NULL, '2025-04-26 16:22:45', '2025-04-26 16:45:45', '23973.00', NULL, '38719.00', '49061.70', '2025-04-26 15:37:45', '2025-04-26 17:25:45', 'delivering', 67, '490617.00', '524932.70', NULL, 'Thêm đồ dùng dùng một lần', '2025-06-02 15:37:45', '2025-06-02 15:37:45'),
(62, 3, 3, 10, NULL, NULL, NULL, NULL, NULL, NULL, NULL, NULL, NULL, NULL, NULL, NULL, '2025-03-27 16:22:45', '2025-03-27 16:49:45', '19184.00', NULL, '39609.00', '60184.60', '2025-03-27 15:37:45', '2025-03-27 16:31:45', 'ready_for_delivery', 58, '601846.00', '641605.60', NULL, NULL, '2025-06-02 15:37:45', '2025-06-02 15:37:45'),
(63, 4, 1, 6, NULL, NULL, NULL, NULL, NULL, NULL, NULL, NULL, NULL, NULL, NULL, NULL, '2025-05-31 16:22:45', '2025-05-31 16:57:45', '25164.00', NULL, '43652.00', '54207.90', '2025-05-31 15:37:45', '2025-05-31 16:53:45', 'pending', 69, '542079.00', '577798.90', NULL, NULL, '2025-06-02 15:37:45', '2025-06-02 15:37:45'),
(64, 1, 3, 3, NULL, NULL, NULL, NULL, NULL, NULL, NULL, NULL, NULL, NULL, NULL, NULL, '2025-04-09 16:22:45', '2025-04-09 16:24:45', '21498.00', NULL, '26409.00', '50620.60', '2025-04-09 15:37:45', '2025-04-09 16:56:45', 'cancelled', 97, '506206.00', '551915.60', NULL, NULL, '2025-06-02 15:37:45', '2025-06-02 15:37:45'),
(65, 3, 3, 6, NULL, NULL, NULL, NULL, NULL, NULL, NULL, NULL, NULL, NULL, NULL, NULL, '2025-05-07 16:22:45', '2025-05-07 16:31:45', '27147.00', NULL, '10077.00', '67372.50', '2025-05-07 15:37:45', '2025-05-07 16:40:45', 'confirmed', 64, '673725.00', '758167.50', NULL, 'Gọi điện trước khi giao', '2025-06-02 15:37:45', '2025-06-02 15:37:45'),
(66, 10, 1, 2, NULL, NULL, NULL, NULL, NULL, NULL, NULL, NULL, NULL, NULL, NULL, NULL, '2025-04-16 16:22:45', '2025-04-16 16:29:45', '21022.00', NULL, '43240.00', '14035.80', '2025-04-16 15:37:45', '2025-04-16 16:31:45', 'pending', 34, '140358.00', '132175.80', NULL, NULL, '2025-06-02 15:37:45', '2025-06-02 15:37:45'),
(67, 4, 3, 5, NULL, NULL, NULL, NULL, NULL, NULL, NULL, NULL, NULL, NULL, NULL, NULL, '2025-04-23 16:22:45', '2025-04-23 17:04:45', '28384.00', NULL, '4630.00', '51774.10', '2025-04-23 15:37:45', '2025-04-23 16:48:45', 'delivering', 84, '517741.00', '593269.10', NULL, 'Gọi điện trước khi giao', '2025-06-02 15:37:45', '2025-06-02 15:37:45'),
(68, 16, 3, 1, NULL, NULL, NULL, NULL, NULL, NULL, NULL, NULL, NULL, NULL, NULL, NULL, '2025-05-11 16:22:45', '2025-05-11 16:57:45', '18813.00', NULL, '39092.00', '132843.60', '2025-05-11 15:37:45', '2025-05-11 16:30:45', 'delivered', 61, '1328436.00', '1441000.60', NULL, 'Không cần ớt', '2025-06-02 15:37:45', '2025-06-02 15:37:45'),
(69, 8, 2, 5, NULL, NULL, NULL, NULL, NULL, NULL, NULL, NULL, NULL, NULL, NULL, NULL, '2025-04-28 16:22:45', '2025-04-28 16:38:45', '15723.00', NULL, '34041.00', '125011.80', '2025-04-28 15:37:45', '2025-04-28 16:27:45', 'delivering', 95, '1250118.00', '1356811.80', NULL, 'Gọi điện trước khi giao', '2025-06-02 15:37:45', '2025-06-02 15:37:45'),
(70, 4, 1, 6, NULL, NULL, NULL, NULL, NULL, NULL, NULL, NULL, NULL, NULL, NULL, NULL, '2025-05-25 16:22:45', '2025-05-25 16:10:45', '18039.00', NULL, '10475.00', '27539.40', '2025-05-25 15:37:45', '2025-05-25 16:47:45', 'confirmed', 31, '275394.00', '310497.40', NULL, 'Không cần gọi điện', '2025-06-02 15:37:45', '2025-06-02 15:37:45'),
(71, 26, 3, 7, NULL, NULL, NULL, NULL, NULL, NULL, NULL, NULL, NULL, NULL, NULL, NULL, '2025-05-23 16:22:45', '2025-05-23 16:21:45', '21712.00', NULL, '18964.00', '109264.30', '2025-05-23 15:37:45', '2025-05-23 16:50:45', 'cancelled', 95, '1092643.00', '1204655.30', NULL, NULL, '2025-06-02 15:37:45', '2025-06-02 15:37:45'),
(72, 16, 1, 1, NULL, NULL, NULL, NULL, NULL, NULL, NULL, NULL, NULL, NULL, NULL, NULL, '2025-03-09 16:22:45', '2025-03-09 16:26:45', '29986.00', NULL, '44951.00', '41286.00', '2025-03-09 15:37:45', '2025-03-09 17:22:45', 'confirmed', 98, '412860.00', '439181.00', NULL, NULL, '2025-06-02 15:37:45', '2025-06-02 15:37:45'),
(73, 22, 3, 7, NULL, NULL, NULL, NULL, NULL, NULL, NULL, NULL, NULL, NULL, NULL, NULL, '2025-04-30 16:22:45', '2025-04-30 16:14:45', '20803.00', NULL, '6602.00', '115017.80', '2025-04-30 15:37:45', '2025-04-30 16:38:45', 'cancelled', 75, '1150178.00', '1279396.80', NULL, 'Không cần ớt', '2025-06-02 15:37:45', '2025-06-02 15:37:45'),
(74, 8, 2, 7, NULL, NULL, NULL, NULL, NULL, NULL, NULL, NULL, NULL, NULL, NULL, NULL, '2025-05-01 16:22:45', '2025-05-01 16:11:45', '20518.00', NULL, '39698.00', '109340.90', '2025-05-01 15:37:45', '2025-05-01 17:32:45', 'pending', 73, '1093409.00', '1183569.90', NULL, NULL, '2025-06-02 15:37:45', '2025-06-02 15:37:45'),
(75, 24, 3, 8, NULL, NULL, NULL, NULL, NULL, NULL, NULL, NULL, NULL, NULL, NULL, NULL, '2025-03-06 16:22:45', '2025-03-06 16:28:45', '26647.00', NULL, '45144.00', '82218.50', '2025-03-06 15:37:45', '2025-03-06 16:07:45', 'delivering', 35, '822185.00', '885906.50', NULL, 'Thêm đồ dùng dùng một lần', '2025-06-02 15:37:45', '2025-06-02 15:37:45'),
(76, 3, 2, 4, NULL, NULL, NULL, NULL, NULL, NULL, NULL, NULL, NULL, NULL, NULL, NULL, '2025-05-17 16:22:45', '2025-05-17 16:17:45', '17199.00', NULL, '14977.00', '46639.20', '2025-05-17 15:37:45', '2025-05-17 16:07:45', 'cancelled', 45, '466392.00', '515253.20', NULL, NULL, '2025-06-02 15:37:45', '2025-06-02 15:37:45'),
(77, 9, 1, 6, NULL, NULL, NULL, NULL, NULL, NULL, NULL, NULL, NULL, NULL, NULL, NULL, '2025-04-24 16:22:45', '2025-04-24 16:29:45', '26614.00', NULL, '43355.00', '37649.70', '2025-04-24 15:37:45', '2025-04-24 16:38:45', 'delivering', 28, '376497.00', '397405.70', NULL, 'Không cần ớt', '2025-06-02 15:37:45', '2025-06-02 15:37:45'),
(78, 5, 2, 5, NULL, NULL, NULL, NULL, NULL, NULL, NULL, NULL, NULL, NULL, NULL, NULL, '2025-03-04 16:22:45', '2025-03-04 16:23:45', '29718.00', NULL, '19384.00', '106437.60', '2025-03-04 15:37:45', '2025-03-04 17:00:45', 'preparing', 36, '1064376.00', '1181147.60', NULL, 'Không cần ớt', '2025-06-02 15:37:45', '2025-06-02 15:37:45'),
(79, 28, 3, 10, NULL, NULL, NULL, NULL, NULL, NULL, NULL, NULL, NULL, NULL, NULL, NULL, '2025-04-03 16:22:45', '2025-04-03 16:22:45', '25935.00', NULL, '4234.00', '36395.40', '2025-04-03 15:37:45', '2025-04-03 16:58:45', 'ready_for_delivery', 56, '363954.00', '422050.40', NULL, NULL, '2025-06-02 15:37:45', '2025-06-02 15:37:45'),
(80, 13, 1, 5, NULL, NULL, NULL, NULL, NULL, NULL, NULL, NULL, NULL, NULL, NULL, NULL, '2025-03-21 16:22:45', '2025-03-21 16:49:45', '21235.00', NULL, '44749.00', '34807.90', '2025-03-21 15:37:45', '2025-03-21 16:23:45', 'delivering', 14, '348079.00', '359372.90', NULL, 'Thêm đồ dùng dùng một lần', '2025-06-02 15:37:45', '2025-06-02 15:37:45'),
(81, 6, 3, 5, NULL, NULL, NULL, NULL, NULL, NULL, NULL, NULL, NULL, NULL, NULL, NULL, '2025-05-25 16:22:45', '2025-05-25 16:09:45', '23603.00', NULL, '26030.00', '86191.60', '2025-05-25 15:37:45', '2025-05-25 17:22:45', 'preparing', 40, '861916.00', '945680.60', NULL, 'Gọi điện trước khi giao', '2025-06-02 15:37:45', '2025-06-02 15:37:45'),
(82, 1, 3, 8, NULL, NULL, NULL, NULL, NULL, NULL, NULL, NULL, NULL, NULL, NULL, NULL, '2025-03-30 16:22:45', '2025-03-30 16:14:45', '16365.00', NULL, '19544.00', '223621.60', '2025-03-30 15:37:45', '2025-03-30 16:50:45', 'confirmed', 10, '2236216.00', '2456658.60', NULL, 'Thêm đồ dùng dùng một lần', '2025-06-02 15:37:45', '2025-06-02 15:37:45'),
(83, 3, 1, 3, NULL, NULL, NULL, NULL, NULL, NULL, NULL, NULL, NULL, NULL, NULL, NULL, '2025-03-25 16:22:45', '2025-03-25 16:09:45', '17698.00', NULL, '47022.00', '124548.00', '2025-03-25 15:37:45', '2025-03-25 16:30:45', 'delivered', 98, '1245480.00', '1340704.00', NULL, NULL, '2025-06-02 15:37:45', '2025-06-02 15:37:45'),
(84, 13, 2, 5, NULL, NULL, NULL, NULL, NULL, NULL, NULL, NULL, NULL, NULL, NULL, NULL, '2025-04-07 16:22:45', '2025-04-07 16:22:45', '21230.00', NULL, '5308.00', '51968.40', '2025-04-07 15:37:45', '2025-04-07 17:25:45', 'completed', 82, '519684.00', '587574.40', NULL, 'Gọi điện trước khi giao', '2025-06-02 15:37:45', '2025-06-02 15:37:45'),
(85, 1, 3, 7, NULL, NULL, NULL, NULL, NULL, NULL, NULL, NULL, NULL, NULL, NULL, NULL, '2025-04-22 16:22:45', '2025-04-22 16:21:45', '25131.00', NULL, '30179.00', '194641.50', '2025-04-22 15:37:45', '2025-04-22 16:16:45', 'pending', 72, '1946415.00', '2136008.50', NULL, 'Không cần gọi điện', '2025-06-02 15:37:45', '2025-06-02 15:37:45'),
(86, 23, 3, 8, NULL, NULL, NULL, NULL, NULL, NULL, NULL, NULL, NULL, NULL, NULL, NULL, '2025-05-06 16:22:45', '2025-05-06 16:45:45', '28859.00', NULL, '14515.00', '31430.10', '2025-05-06 15:37:45', '2025-05-06 17:34:45', 'preparing', 68, '314301.00', '360075.10', NULL, 'Thêm đồ dùng dùng một lần', '2025-06-02 15:37:45', '2025-06-02 15:37:45'),
(87, 27, 2, 6, NULL, NULL, NULL, NULL, NULL, NULL, NULL, NULL, NULL, NULL, NULL, NULL, '2025-04-15 16:22:45', '2025-04-15 16:15:45', '19703.00', NULL, '36235.00', '113014.80', '2025-04-15 15:37:45', '2025-04-15 16:41:45', 'preparing', 12, '1130148.00', '1226630.80', NULL, NULL, '2025-06-02 15:37:45', '2025-06-02 15:37:45'),
(88, 18, 3, 7, NULL, NULL, NULL, NULL, NULL, NULL, NULL, NULL, NULL, NULL, NULL, NULL, '2025-03-24 16:22:45', '2025-03-24 16:40:45', '27682.00', NULL, '48439.00', '140776.70', '2025-03-24 15:37:45', '2025-03-24 16:16:45', 'ready_for_delivery', 45, '1407767.00', '1527786.70', NULL, 'Thêm đồ dùng dùng một lần', '2025-06-02 15:37:45', '2025-06-02 15:37:45'),
(89, 1, 3, 10, NULL, NULL, NULL, NULL, NULL, NULL, NULL, NULL, NULL, NULL, NULL, NULL, '2025-03-04 16:22:45', '2025-03-04 16:31:45', '28318.00', NULL, '17029.00', '147631.10', '2025-03-04 15:37:45', '2025-03-04 16:43:45', 'completed', 18, '1476311.00', '1635231.10', NULL, 'Thêm đồ dùng dùng một lần', '2025-06-02 15:37:45', '2025-06-02 15:37:45'),
(90, 14, 1, 10, NULL, NULL, NULL, NULL, NULL, NULL, NULL, NULL, NULL, NULL, NULL, NULL, '2025-04-06 16:22:45', '2025-04-06 16:16:45', '16275.00', NULL, '24714.00', '34691.70', '2025-04-06 15:37:45', '2025-04-06 16:31:45', 'delivering', 68, '346917.00', '373169.70', NULL, NULL, '2025-06-02 15:37:45', '2025-06-02 15:37:45'),
(91, 6, 3, 9, NULL, NULL, NULL, NULL, NULL, NULL, NULL, NULL, NULL, NULL, NULL, NULL, '2025-03-24 16:22:45', '2025-03-24 16:08:45', '15266.00', NULL, '20648.00', '105002.10', '2025-03-24 15:37:45', '2025-03-24 17:35:45', 'delivered', 72, '1050021.00', '1149641.10', NULL, NULL, '2025-06-02 15:37:45', '2025-06-02 15:37:45'),
(92, 21, 3, 1, NULL, NULL, NULL, NULL, NULL, NULL, NULL, NULL, NULL, NULL, NULL, NULL, '2025-05-31 16:22:45', '2025-05-31 16:46:45', '26351.00', NULL, '38327.00', '87361.00', '2025-05-31 15:37:45', '2025-05-31 17:02:45', 'completed', 25, '873610.00', '948995.00', NULL, NULL, '2025-06-02 15:37:45', '2025-06-02 15:37:45'),
(93, 14, 1, 1, NULL, NULL, NULL, NULL, NULL, NULL, NULL, NULL, NULL, NULL, NULL, NULL, '2025-04-03 16:22:45', '2025-04-03 16:46:45', '20788.00', NULL, '1746.00', '154828.30', '2025-04-03 15:37:45', '2025-04-03 16:11:45', 'preparing', 22, '1548283.00', '1722153.30', NULL, 'Không cần ớt', '2025-06-02 15:37:45', '2025-06-02 15:37:45'),
(94, 17, 2, 2, NULL, NULL, NULL, NULL, NULL, NULL, NULL, NULL, NULL, NULL, NULL, NULL, '2025-04-26 16:22:45', '2025-04-26 16:20:45', '17614.00', NULL, '13964.00', '67189.90', '2025-04-26 15:37:45', '2025-04-26 17:10:45', 'ready_for_delivery', 73, '671899.00', '742738.90', NULL, 'Gọi điện trước khi giao', '2025-06-02 15:37:45', '2025-06-02 15:37:45'),
(95, 14, 1, 9, NULL, NULL, NULL, NULL, NULL, NULL, NULL, NULL, NULL, NULL, NULL, NULL, '2025-05-11 16:22:45', '2025-05-11 16:22:45', '15658.00', NULL, '12042.00', '126597.80', '2025-05-11 15:37:45', '2025-05-11 17:31:45', 'delivering', 67, '1265978.00', '1396191.80', NULL, NULL, '2025-06-02 15:37:45', '2025-06-02 15:37:45'),
(96, 18, 2, 4, NULL, NULL, NULL, NULL, NULL, NULL, NULL, NULL, NULL, NULL, NULL, NULL, '2025-04-09 16:22:45', '2025-04-09 16:18:45', '18181.00', NULL, '37685.00', '24083.10', '2025-04-09 15:37:45', '2025-04-09 16:38:45', 'preparing', 78, '240831.00', '245410.10', NULL, 'Giao trong giờ hành chính', '2025-06-02 15:37:45', '2025-06-02 15:37:45'),
(97, 4, 2, 4, NULL, NULL, NULL, NULL, NULL, NULL, NULL, NULL, NULL, NULL, NULL, NULL, '2025-05-25 16:22:45', '2025-05-25 16:08:45', '19103.00', NULL, '5255.00', '14509.70', '2025-05-25 15:37:45', '2025-05-25 17:22:45', 'preparing', 72, '145097.00', '173454.70', NULL, 'Gọi điện trước khi giao', '2025-06-02 15:37:45', '2025-06-02 15:37:45'),
(98, 3, 1, 5, NULL, NULL, NULL, NULL, NULL, NULL, NULL, NULL, NULL, NULL, NULL, NULL, '2025-03-09 16:22:45', '2025-03-09 17:07:45', '23853.00', NULL, '18472.00', '118508.90', '2025-03-09 15:37:45', '2025-03-09 17:04:45', 'confirmed', 74, '1185089.00', '1308978.90', NULL, NULL, '2025-06-02 15:37:45', '2025-06-02 15:37:45'),
(99, 12, 3, 4, NULL, NULL, NULL, NULL, NULL, NULL, NULL, NULL, NULL, NULL, NULL, NULL, '2025-04-02 16:22:45', '2025-04-02 16:19:45', '27590.00', NULL, '36554.00', '16185.20', '2025-04-02 15:37:45', '2025-04-02 16:38:45', 'delivering', 19, '161852.00', '169073.20', NULL, 'Không cần gọi điện', '2025-06-02 15:37:45', '2025-06-02 15:37:45'),
(100, 24, 3, 3, NULL, NULL, NULL, NULL, NULL, NULL, NULL, NULL, NULL, NULL, NULL, NULL, '2025-04-29 16:22:45', '2025-04-29 16:24:45', '23697.00', NULL, '15469.00', '105818.80', '2025-04-29 15:37:45', '2025-04-29 16:36:45', 'completed', 10, '1058188.00', '1172234.80', NULL, 'Thêm đồ dùng dùng một lần', '2025-06-02 15:37:45', '2025-06-02 15:37:45');

-- --------------------------------------------------------

--
-- Table structure for table `order_cancellations`
--

CREATE TABLE `order_cancellations` (
  `id` bigint UNSIGNED NOT NULL,
  `order_id` bigint UNSIGNED NOT NULL,
  `cancelled_by` bigint UNSIGNED DEFAULT NULL,
  `cancellation_type` enum('customer_cancel','driver_cancel','restaurant_cancel','system_cancel') COLLATE utf8mb4_unicode_ci NOT NULL,
  `cancellation_date` datetime NOT NULL,
  `reason` text COLLATE utf8mb4_unicode_ci NOT NULL,
  `cancellation_stage` enum('before_processing','processing','ready_for_delivery','during_delivery') COLLATE utf8mb4_unicode_ci NOT NULL,
  `penalty_applied` tinyint(1) NOT NULL DEFAULT '0',
  `penalty_amount` decimal(10,2) NOT NULL DEFAULT '0.00',
  `points_deducted` int NOT NULL DEFAULT '0',
  `evidence` varchar(191) COLLATE utf8mb4_unicode_ci DEFAULT NULL,
  `notes` text COLLATE utf8mb4_unicode_ci,
  `created_at` timestamp NULL DEFAULT NULL,
  `updated_at` timestamp NULL DEFAULT NULL
) ENGINE=InnoDB DEFAULT CHARSET=utf8mb4 COLLATE=utf8mb4_unicode_ci;

-- --------------------------------------------------------

--
-- Table structure for table `order_items`
--

CREATE TABLE `order_items` (
  `id` bigint UNSIGNED NOT NULL,
  `order_id` bigint UNSIGNED NOT NULL,
  `product_variant_id` bigint UNSIGNED DEFAULT NULL,
  `combo_id` bigint UNSIGNED DEFAULT NULL,
  `quantity` int NOT NULL DEFAULT '1',
  `unit_price` decimal(12,2) NOT NULL,
  `total_price` decimal(12,2) NOT NULL,
  `created_at` timestamp NULL DEFAULT NULL,
  `updated_at` timestamp NULL DEFAULT NULL
) ENGINE=InnoDB DEFAULT CHARSET=utf8mb4 COLLATE=utf8mb4_unicode_ci;

--
-- Dumping data for table `order_items`
--

INSERT INTO `order_items` (`id`, `order_id`, `product_variant_id`, `combo_id`, `quantity`, `unit_price`, `total_price`, `created_at`, `updated_at`) VALUES
(1, 1, 692, NULL, 2, '80666.00', '161332.00', '2025-06-02 15:37:44', '2025-06-02 15:37:44'),
(2, 1, 6, NULL, 2, '111017.00', '222034.00', '2025-06-02 15:37:44', '2025-06-02 15:37:44'),
(3, 1, 59, NULL, 1, '117322.00', '117322.00', '2025-06-02 15:37:44', '2025-06-02 15:37:44'),
(4, 1, 14, NULL, 3, '32616.00', '97848.00', '2025-06-02 15:37:44', '2025-06-02 15:37:44'),
(5, 2, 645, NULL, 2, '167929.00', '335858.00', '2025-06-02 15:37:44', '2025-06-02 15:37:44'),
(6, 2, 252, NULL, 3, '141622.00', '424866.00', '2025-06-02 15:37:44', '2025-06-02 15:37:44'),
(7, 2, 643, NULL, 2, '167929.00', '335858.00', '2025-06-02 15:37:44', '2025-06-02 15:37:44'),
(8, 2, 273, NULL, 1, '165588.00', '165588.00', '2025-06-02 15:37:44', '2025-06-02 15:37:44'),
(9, 3, 456, NULL, 2, '124901.00', '249802.00', '2025-06-02 15:37:44', '2025-06-02 15:37:44'),
(10, 3, 222, NULL, 3, '155464.00', '466392.00', '2025-06-02 15:37:44', '2025-06-02 15:37:44'),
(11, 3, 234, NULL, 3, '81235.00', '243705.00', '2025-06-02 15:37:44', '2025-06-02 15:37:44'),
(12, 3, 48, NULL, 1, '129889.00', '129889.00', '2025-06-02 15:37:44', '2025-06-02 15:37:44'),
(13, 4, 737, NULL, 3, '112553.00', '337659.00', '2025-06-02 15:37:44', '2025-06-02 15:37:44'),
(14, 4, 492, NULL, 2, '160700.00', '321400.00', '2025-06-02 15:37:44', '2025-06-02 15:37:44'),
(15, 5, 759, NULL, 3, '48061.00', '144183.00', '2025-06-02 15:37:44', '2025-06-02 15:37:44'),
(16, 5, NULL, 8, 1, '268597.00', '268597.00', '2025-06-02 15:37:44', '2025-06-02 15:37:44'),
(17, 5, 780, NULL, 2, '50074.00', '100148.00', '2025-06-02 15:37:44', '2025-06-02 15:37:44'),
(18, 5, NULL, 6, 2, '234675.00', '469350.00', '2025-06-02 15:37:44', '2025-06-02 15:37:44'),
(19, 5, 794, NULL, 3, '195910.00', '587730.00', '2025-06-02 15:37:44', '2025-06-02 15:37:44'),
(20, 6, 126, NULL, 3, '70193.00', '210579.00', '2025-06-02 15:37:44', '2025-06-02 15:37:44'),
(21, 6, 120, NULL, 3, '70193.00', '210579.00', '2025-06-02 15:37:44', '2025-06-02 15:37:44'),
(22, 6, NULL, 7, 1, '221357.00', '221357.00', '2025-06-02 15:37:44', '2025-06-02 15:37:44'),
(23, 6, NULL, 4, 1, '274113.00', '274113.00', '2025-06-02 15:37:44', '2025-06-02 15:37:44'),
(24, 6, NULL, 2, 2, '351804.00', '703608.00', '2025-06-02 15:37:44', '2025-06-02 15:37:44'),
(25, 7, 141, NULL, 1, '41833.00', '41833.00', '2025-06-02 15:37:44', '2025-06-02 15:37:44'),
(26, 7, 645, NULL, 1, '167929.00', '167929.00', '2025-06-02 15:37:44', '2025-06-02 15:37:44'),
(27, 7, NULL, 9, 2, '240831.00', '481662.00', '2025-06-02 15:37:44', '2025-06-02 15:37:44'),
(28, 7, 226, NULL, 3, '81235.00', '243705.00', '2025-06-02 15:37:44', '2025-06-02 15:37:44'),
(29, 7, 734, NULL, 1, '112553.00', '112553.00', '2025-06-02 15:37:44', '2025-06-02 15:37:44'),
(30, 8, 735, NULL, 3, '112553.00', '337659.00', '2025-06-02 15:37:44', '2025-06-02 15:37:44'),
(31, 8, 387, NULL, 1, '67804.00', '67804.00', '2025-06-02 15:37:44', '2025-06-02 15:37:44'),
(32, 8, 476, NULL, 3, '157881.00', '473643.00', '2025-06-02 15:37:44', '2025-06-02 15:37:44'),
(33, 8, 504, NULL, 2, '65977.00', '131954.00', '2025-06-02 15:37:44', '2025-06-02 15:37:44'),
(34, 8, NULL, 8, 1, '268597.00', '268597.00', '2025-06-02 15:37:44', '2025-06-02 15:37:44'),
(35, 9, 743, NULL, 2, '107871.00', '215742.00', '2025-06-02 15:37:44', '2025-06-02 15:37:44'),
(36, 9, 103, NULL, 1, '128999.00', '128999.00', '2025-06-02 15:37:44', '2025-06-02 15:37:44'),
(37, 9, 571, NULL, 3, '145097.00', '435291.00', '2025-06-02 15:37:44', '2025-06-02 15:37:44'),
(38, 10, 751, NULL, 2, '104767.00', '209534.00', '2025-06-02 15:37:44', '2025-06-02 15:37:44'),
(39, 10, 722, NULL, 1, '40791.00', '40791.00', '2025-06-02 15:37:44', '2025-06-02 15:37:44'),
(40, 11, 341, NULL, 1, '140358.00', '140358.00', '2025-06-02 15:37:44', '2025-06-02 15:37:44'),
(41, 11, 240, NULL, 3, '157697.00', '473091.00', '2025-06-02 15:37:44', '2025-06-02 15:37:44'),
(42, 11, 221, NULL, 2, '155464.00', '310928.00', '2025-06-02 15:37:44', '2025-06-02 15:37:44'),
(43, 11, 320, NULL, 3, '41743.00', '125229.00', '2025-06-02 15:37:44', '2025-06-02 15:37:44'),
(44, 12, NULL, 5, 2, '171320.00', '342640.00', '2025-06-02 15:37:44', '2025-06-02 15:37:44'),
(45, 13, 368, NULL, 3, '198224.00', '594672.00', '2025-06-02 15:37:44', '2025-06-02 15:37:44'),
(46, 13, NULL, 8, 2, '268597.00', '537194.00', '2025-06-02 15:37:44', '2025-06-02 15:37:44'),
(47, 13, 725, NULL, 1, '40791.00', '40791.00', '2025-06-02 15:37:44', '2025-06-02 15:37:44'),
(48, 13, 587, NULL, 3, '176375.00', '529125.00', '2025-06-02 15:37:44', '2025-06-02 15:37:44'),
(49, 14, NULL, 9, 1, '240831.00', '240831.00', '2025-06-02 15:37:44', '2025-06-02 15:37:44'),
(50, 14, NULL, 7, 1, '221357.00', '221357.00', '2025-06-02 15:37:44', '2025-06-02 15:37:44'),
(51, 14, 402, NULL, 3, '168143.00', '504429.00', '2025-06-02 15:37:44', '2025-06-02 15:37:44'),
(52, 14, 268, NULL, 1, '62849.00', '62849.00', '2025-06-02 15:37:44', '2025-06-02 15:37:44'),
(53, 15, 773, NULL, 3, '50035.00', '150105.00', '2025-06-02 15:37:44', '2025-06-02 15:37:44'),
(54, 15, 346, NULL, 1, '94433.00', '94433.00', '2025-06-02 15:37:44', '2025-06-02 15:37:44'),
(55, 15, NULL, 5, 2, '171320.00', '342640.00', '2025-06-02 15:37:44', '2025-06-02 15:37:44'),
(56, 15, 664, NULL, 1, '120711.00', '120711.00', '2025-06-02 15:37:44', '2025-06-02 15:37:44'),
(57, 16, 409, NULL, 3, '110426.00', '331278.00', '2025-06-02 15:37:44', '2025-06-02 15:37:44'),
(58, 16, 17, NULL, 3, '32616.00', '97848.00', '2025-06-02 15:37:44', '2025-06-02 15:37:44'),
(59, 16, 626, NULL, 1, '157309.00', '157309.00', '2025-06-02 15:37:44', '2025-06-02 15:37:44'),
(60, 16, 672, NULL, 1, '106437.00', '106437.00', '2025-06-02 15:37:44', '2025-06-02 15:37:44'),
(61, 17, NULL, 3, 2, '107387.00', '214774.00', '2025-06-02 15:37:44', '2025-06-02 15:37:44'),
(62, 17, 331, NULL, 3, '192599.00', '577797.00', '2025-06-02 15:37:44', '2025-06-02 15:37:44'),
(63, 18, 204, NULL, 2, '170855.00', '341710.00', '2025-06-02 15:37:44', '2025-06-02 15:37:44'),
(64, 18, 433, NULL, 1, '173228.00', '173228.00', '2025-06-02 15:37:44', '2025-06-02 15:37:44'),
(65, 18, NULL, 1, 1, '445938.00', '445938.00', '2025-06-02 15:37:44', '2025-06-02 15:37:44'),
(66, 18, 74, NULL, 1, '102977.00', '102977.00', '2025-06-02 15:37:44', '2025-06-02 15:37:44'),
(67, 18, 366, NULL, 2, '198224.00', '396448.00', '2025-06-02 15:37:44', '2025-06-02 15:37:44'),
(68, 19, 11, NULL, 1, '32616.00', '32616.00', '2025-06-02 15:37:44', '2025-06-02 15:37:44'),
(69, 19, NULL, 9, 2, '240831.00', '481662.00', '2025-06-02 15:37:44', '2025-06-02 15:37:44'),
(70, 19, 423, NULL, 1, '108923.00', '108923.00', '2025-06-02 15:37:44', '2025-06-02 15:37:44'),
(71, 19, 24, NULL, 1, '45033.00', '45033.00', '2025-06-02 15:37:44', '2025-06-02 15:37:44'),
(72, 20, 9, NULL, 2, '111017.00', '222034.00', '2025-06-02 15:37:44', '2025-06-02 15:37:44'),
(73, 20, 458, NULL, 1, '124901.00', '124901.00', '2025-06-02 15:37:44', '2025-06-02 15:37:44'),
(74, 20, 321, NULL, 2, '41743.00', '83486.00', '2025-06-02 15:37:44', '2025-06-02 15:37:44'),
(75, 20, 187, NULL, 1, '123413.00', '123413.00', '2025-06-02 15:37:44', '2025-06-02 15:37:44'),
(76, 20, NULL, 1, 2, '445938.00', '891876.00', '2025-06-02 15:37:44', '2025-06-02 15:37:44'),
(77, 21, 332, NULL, 3, '192599.00', '577797.00', '2025-06-02 15:37:44', '2025-06-02 15:37:44'),
(78, 21, 145, NULL, 1, '121028.00', '121028.00', '2025-06-02 15:37:44', '2025-06-02 15:37:44'),
(79, 21, 316, NULL, 3, '41743.00', '125229.00', '2025-06-02 15:37:44', '2025-06-02 15:37:44'),
(80, 21, NULL, 10, 1, '478565.00', '478565.00', '2025-06-02 15:37:45', '2025-06-02 15:37:45'),
(81, 21, NULL, 5, 1, '171320.00', '171320.00', '2025-06-02 15:37:45', '2025-06-02 15:37:45'),
(82, 22, NULL, 9, 2, '240831.00', '481662.00', '2025-06-02 15:37:45', '2025-06-02 15:37:45'),
(83, 23, 501, NULL, 3, '65977.00', '197931.00', '2025-06-02 15:37:45', '2025-06-02 15:37:45'),
(84, 23, 610, NULL, 2, '87343.00', '174686.00', '2025-06-02 15:37:45', '2025-06-02 15:37:45'),
(85, 23, 604, NULL, 3, '87343.00', '262029.00', '2025-06-02 15:37:45', '2025-06-02 15:37:45'),
(86, 23, 480, NULL, 1, '181977.00', '181977.00', '2025-06-02 15:37:45', '2025-06-02 15:37:45'),
(87, 23, NULL, 9, 2, '240831.00', '481662.00', '2025-06-02 15:37:45', '2025-06-02 15:37:45'),
(88, 24, NULL, 3, 2, '107387.00', '214774.00', '2025-06-02 15:37:45', '2025-06-02 15:37:45'),
(89, 24, 473, NULL, 3, '157881.00', '473643.00', '2025-06-02 15:37:45', '2025-06-02 15:37:45'),
(90, 25, 67, NULL, 3, '56396.00', '169188.00', '2025-06-02 15:37:45', '2025-06-02 15:37:45'),
(91, 25, NULL, 4, 1, '274113.00', '274113.00', '2025-06-02 15:37:45', '2025-06-02 15:37:45'),
(92, 25, 317, NULL, 1, '41743.00', '41743.00', '2025-06-02 15:37:45', '2025-06-02 15:37:45'),
(93, 25, 260, NULL, 2, '118499.00', '236998.00', '2025-06-02 15:37:45', '2025-06-02 15:37:45'),
(94, 25, 165, NULL, 2, '163719.00', '327438.00', '2025-06-02 15:37:45', '2025-06-02 15:37:45'),
(95, 26, 394, NULL, 2, '187365.00', '374730.00', '2025-06-02 15:37:45', '2025-06-02 15:37:45'),
(96, 27, 395, NULL, 2, '187365.00', '374730.00', '2025-06-02 15:37:45', '2025-06-02 15:37:45'),
(97, 28, NULL, 8, 2, '268597.00', '537194.00', '2025-06-02 15:37:45', '2025-06-02 15:37:45'),
(98, 28, 532, NULL, 3, '73128.00', '219384.00', '2025-06-02 15:37:45', '2025-06-02 15:37:45'),
(99, 28, 576, NULL, 1, '145097.00', '145097.00', '2025-06-02 15:37:45', '2025-06-02 15:37:45'),
(100, 29, 84, NULL, 1, '125595.00', '125595.00', '2025-06-02 15:37:45', '2025-06-02 15:37:45'),
(101, 29, 317, NULL, 3, '41743.00', '125229.00', '2025-06-02 15:37:45', '2025-06-02 15:37:45'),
(102, 29, 766, NULL, 2, '50035.00', '100070.00', '2025-06-02 15:37:45', '2025-06-02 15:37:45'),
(103, 30, NULL, 6, 1, '234675.00', '234675.00', '2025-06-02 15:37:45', '2025-06-02 15:37:45'),
(104, 30, NULL, 9, 1, '240831.00', '240831.00', '2025-06-02 15:37:45', '2025-06-02 15:37:45'),
(105, 30, NULL, 3, 2, '107387.00', '214774.00', '2025-06-02 15:37:45', '2025-06-02 15:37:45'),
(106, 31, 697, NULL, 1, '194931.00', '194931.00', '2025-06-02 15:37:45', '2025-06-02 15:37:45'),
(107, 31, 770, NULL, 2, '50035.00', '100070.00', '2025-06-02 15:37:45', '2025-06-02 15:37:45'),
(108, 31, 164, NULL, 3, '163719.00', '491157.00', '2025-06-02 15:37:45', '2025-06-02 15:37:45'),
(109, 31, 57, NULL, 3, '117322.00', '351966.00', '2025-06-02 15:37:45', '2025-06-02 15:37:45'),
(110, 32, 543, NULL, 3, '68209.00', '204627.00', '2025-06-02 15:37:45', '2025-06-02 15:37:45'),
(111, 33, 154, NULL, 1, '117876.00', '117876.00', '2025-06-02 15:37:45', '2025-06-02 15:37:45'),
(112, 34, 427, NULL, 3, '65497.00', '196491.00', '2025-06-02 15:37:45', '2025-06-02 15:37:45'),
(113, 34, 242, NULL, 1, '157697.00', '157697.00', '2025-06-02 15:37:45', '2025-06-02 15:37:45'),
(114, 34, 766, NULL, 1, '50035.00', '50035.00', '2025-06-02 15:37:45', '2025-06-02 15:37:45'),
(115, 35, 640, NULL, 3, '167929.00', '503787.00', '2025-06-02 15:37:45', '2025-06-02 15:37:45'),
(116, 36, 121, NULL, 3, '70193.00', '210579.00', '2025-06-02 15:37:45', '2025-06-02 15:37:45'),
(117, 36, 91, NULL, 1, '169319.00', '169319.00', '2025-06-02 15:37:45', '2025-06-02 15:37:45'),
(118, 36, 684, NULL, 3, '53624.00', '160872.00', '2025-06-02 15:37:45', '2025-06-02 15:37:45'),
(119, 37, 239, NULL, 1, '157697.00', '157697.00', '2025-06-02 15:37:45', '2025-06-02 15:37:45'),
(120, 37, 507, NULL, 3, '77952.00', '233856.00', '2025-06-02 15:37:45', '2025-06-02 15:37:45'),
(121, 38, NULL, 2, 1, '351804.00', '351804.00', '2025-06-02 15:37:45', '2025-06-02 15:37:45'),
(122, 38, 562, NULL, 3, '161632.00', '484896.00', '2025-06-02 15:37:45', '2025-06-02 15:37:45'),
(123, 39, NULL, 3, 2, '107387.00', '214774.00', '2025-06-02 15:37:45', '2025-06-02 15:37:45'),
(124, 39, NULL, 8, 2, '268597.00', '537194.00', '2025-06-02 15:37:45', '2025-06-02 15:37:45'),
(125, 39, 549, NULL, 3, '68209.00', '204627.00', '2025-06-02 15:37:45', '2025-06-02 15:37:45'),
(126, 40, 331, NULL, 1, '192599.00', '192599.00', '2025-06-02 15:37:45', '2025-06-02 15:37:45'),
(127, 40, 582, NULL, 2, '108477.00', '216954.00', '2025-06-02 15:37:45', '2025-06-02 15:37:45'),
(128, 41, 29, NULL, 2, '92191.00', '184382.00', '2025-06-02 15:37:45', '2025-06-02 15:37:45'),
(129, 41, 334, NULL, 3, '140358.00', '421074.00', '2025-06-02 15:37:45', '2025-06-02 15:37:45'),
(130, 41, 657, NULL, 2, '68432.00', '136864.00', '2025-06-02 15:37:45', '2025-06-02 15:37:45'),
(131, 41, 360, NULL, 2, '82990.00', '165980.00', '2025-06-02 15:37:45', '2025-06-02 15:37:45'),
(132, 42, 282, NULL, 1, '64887.00', '64887.00', '2025-06-02 15:37:45', '2025-06-02 15:37:45'),
(133, 42, 749, NULL, 3, '104767.00', '314301.00', '2025-06-02 15:37:45', '2025-06-02 15:37:45'),
(134, 42, 656, NULL, 1, '68432.00', '68432.00', '2025-06-02 15:37:45', '2025-06-02 15:37:45'),
(135, 43, 766, NULL, 2, '50035.00', '100070.00', '2025-06-02 15:37:45', '2025-06-02 15:37:45'),
(136, 43, 326, NULL, 1, '192599.00', '192599.00', '2025-06-02 15:37:45', '2025-06-02 15:37:45'),
(137, 43, NULL, 8, 1, '268597.00', '268597.00', '2025-06-02 15:37:45', '2025-06-02 15:37:45'),
(138, 43, 680, NULL, 2, '53624.00', '107248.00', '2025-06-02 15:37:45', '2025-06-02 15:37:45'),
(139, 43, 316, NULL, 1, '41743.00', '41743.00', '2025-06-02 15:37:45', '2025-06-02 15:37:45'),
(140, 44, 711, NULL, 2, '125744.00', '251488.00', '2025-06-02 15:37:45', '2025-06-02 15:37:45'),
(141, 44, 378, NULL, 1, '66088.00', '66088.00', '2025-06-02 15:37:45', '2025-06-02 15:37:45'),
(142, 44, NULL, 10, 2, '478565.00', '957130.00', '2025-06-02 15:37:45', '2025-06-02 15:37:45'),
(143, 44, 410, NULL, 2, '110426.00', '220852.00', '2025-06-02 15:37:45', '2025-06-02 15:37:45'),
(144, 44, NULL, 10, 1, '478565.00', '478565.00', '2025-06-02 15:37:45', '2025-06-02 15:37:45'),
(145, 45, 595, NULL, 1, '109950.00', '109950.00', '2025-06-02 15:37:45', '2025-06-02 15:37:45'),
(146, 45, 568, NULL, 1, '145097.00', '145097.00', '2025-06-02 15:37:45', '2025-06-02 15:37:45'),
(147, 45, 57, NULL, 3, '117322.00', '351966.00', '2025-06-02 15:37:45', '2025-06-02 15:37:45'),
(148, 46, 192, NULL, 2, '129996.00', '259992.00', '2025-06-02 15:37:45', '2025-06-02 15:37:45'),
(149, 46, 640, NULL, 2, '167929.00', '335858.00', '2025-06-02 15:37:45', '2025-06-02 15:37:45'),
(150, 46, NULL, 4, 2, '274113.00', '548226.00', '2025-06-02 15:37:45', '2025-06-02 15:37:45'),
(151, 46, 323, NULL, 2, '41743.00', '83486.00', '2025-06-02 15:37:45', '2025-06-02 15:37:45'),
(152, 47, 60, NULL, 1, '117322.00', '117322.00', '2025-06-02 15:37:45', '2025-06-02 15:37:45'),
(153, 47, 43, NULL, 1, '100989.00', '100989.00', '2025-06-02 15:37:45', '2025-06-02 15:37:45'),
(154, 47, NULL, 8, 2, '268597.00', '537194.00', '2025-06-02 15:37:45', '2025-06-02 15:37:45'),
(155, 47, 38, NULL, 1, '100989.00', '100989.00', '2025-06-02 15:37:45', '2025-06-02 15:37:45'),
(156, 48, 306, NULL, 3, '152557.00', '457671.00', '2025-06-02 15:37:45', '2025-06-02 15:37:45'),
(157, 48, 286, NULL, 1, '64887.00', '64887.00', '2025-06-02 15:37:45', '2025-06-02 15:37:45'),
(158, 48, 173, NULL, 2, '171763.00', '343526.00', '2025-06-02 15:37:45', '2025-06-02 15:37:45'),
(159, 48, 576, NULL, 1, '145097.00', '145097.00', '2025-06-02 15:37:45', '2025-06-02 15:37:45'),
(160, 49, NULL, 5, 2, '171320.00', '342640.00', '2025-06-02 15:37:45', '2025-06-02 15:37:45'),
(161, 49, 238, NULL, 3, '157697.00', '473091.00', '2025-06-02 15:37:45', '2025-06-02 15:37:45'),
(162, 49, 121, NULL, 1, '70193.00', '70193.00', '2025-06-02 15:37:45', '2025-06-02 15:37:45'),
(163, 50, 31, NULL, 3, '92191.00', '276573.00', '2025-06-02 15:37:45', '2025-06-02 15:37:45'),
(164, 50, 661, NULL, 3, '120711.00', '362133.00', '2025-06-02 15:37:45', '2025-06-02 15:37:45'),
(165, 50, 535, NULL, 1, '73128.00', '73128.00', '2025-06-02 15:37:45', '2025-06-02 15:37:45'),
(166, 51, 8, NULL, 1, '111017.00', '111017.00', '2025-06-02 15:37:45', '2025-06-02 15:37:45'),
(167, 51, NULL, 8, 1, '268597.00', '268597.00', '2025-06-02 15:37:45', '2025-06-02 15:37:45'),
(168, 51, 497, NULL, 3, '65977.00', '197931.00', '2025-06-02 15:37:45', '2025-06-02 15:37:45'),
(169, 51, 123, NULL, 3, '70193.00', '210579.00', '2025-06-02 15:37:45', '2025-06-02 15:37:45'),
(170, 51, 724, NULL, 2, '40791.00', '81582.00', '2025-06-02 15:37:45', '2025-06-02 15:37:45'),
(171, 52, 29, NULL, 3, '92191.00', '276573.00', '2025-06-02 15:37:45', '2025-06-02 15:37:45'),
(172, 53, 105, NULL, 3, '128999.00', '386997.00', '2025-06-02 15:37:45', '2025-06-02 15:37:45'),
(173, 53, NULL, 3, 1, '107387.00', '107387.00', '2025-06-02 15:37:45', '2025-06-02 15:37:45'),
(174, 53, NULL, 8, 1, '268597.00', '268597.00', '2025-06-02 15:37:45', '2025-06-02 15:37:45'),
(175, 53, 383, NULL, 1, '67804.00', '67804.00', '2025-06-02 15:37:45', '2025-06-02 15:37:45'),
(176, 54, 251, NULL, 2, '141622.00', '283244.00', '2025-06-02 15:37:45', '2025-06-02 15:37:45'),
(177, 54, 271, NULL, 1, '165588.00', '165588.00', '2025-06-02 15:37:45', '2025-06-02 15:37:45'),
(178, 55, NULL, 7, 1, '221357.00', '221357.00', '2025-06-02 15:37:45', '2025-06-02 15:37:45'),
(179, 55, 310, NULL, 3, '35863.00', '107589.00', '2025-06-02 15:37:45', '2025-06-02 15:37:45'),
(180, 55, 335, NULL, 3, '140358.00', '421074.00', '2025-06-02 15:37:45', '2025-06-02 15:37:45'),
(181, 55, 152, NULL, 3, '121028.00', '363084.00', '2025-06-02 15:37:45', '2025-06-02 15:37:45'),
(182, 56, 257, NULL, 1, '118499.00', '118499.00', '2025-06-02 15:37:45', '2025-06-02 15:37:45'),
(183, 56, NULL, 5, 2, '171320.00', '342640.00', '2025-06-02 15:37:45', '2025-06-02 15:37:45'),
(184, 57, 54, NULL, 3, '129889.00', '389667.00', '2025-06-02 15:37:45', '2025-06-02 15:37:45'),
(185, 57, 728, NULL, 3, '40791.00', '122373.00', '2025-06-02 15:37:45', '2025-06-02 15:37:45'),
(186, 57, 155, NULL, 2, '117876.00', '235752.00', '2025-06-02 15:37:45', '2025-06-02 15:37:45'),
(187, 57, 756, NULL, 1, '104767.00', '104767.00', '2025-06-02 15:37:45', '2025-06-02 15:37:45'),
(188, 58, 799, NULL, 3, '195910.00', '587730.00', '2025-06-02 15:37:45', '2025-06-02 15:37:45'),
(189, 58, 277, NULL, 3, '165588.00', '496764.00', '2025-06-02 15:37:45', '2025-06-02 15:37:45'),
(190, 59, 212, NULL, 1, '80926.00', '80926.00', '2025-06-02 15:37:45', '2025-06-02 15:37:45'),
(191, 60, 361, NULL, 1, '198224.00', '198224.00', '2025-06-02 15:37:45', '2025-06-02 15:37:45'),
(192, 60, 181, NULL, 1, '123413.00', '123413.00', '2025-06-02 15:37:45', '2025-06-02 15:37:45'),
(193, 60, 366, NULL, 1, '198224.00', '198224.00', '2025-06-02 15:37:45', '2025-06-02 15:37:45'),
(194, 60, 404, NULL, 1, '168143.00', '168143.00', '2025-06-02 15:37:45', '2025-06-02 15:37:45'),
(195, 61, 203, NULL, 1, '170855.00', '170855.00', '2025-06-02 15:37:45', '2025-06-02 15:37:45'),
(196, 61, 543, NULL, 1, '68209.00', '68209.00', '2025-06-02 15:37:45', '2025-06-02 15:37:45'),
(197, 61, 808, NULL, 3, '83851.00', '251553.00', '2025-06-02 15:37:45', '2025-06-02 15:37:45'),
(198, 62, NULL, 7, 1, '221357.00', '221357.00', '2025-06-02 15:37:45', '2025-06-02 15:37:45'),
(199, 62, 46, NULL, 2, '129889.00', '259778.00', '2025-06-02 15:37:45', '2025-06-02 15:37:45'),
(200, 62, 658, NULL, 1, '120711.00', '120711.00', '2025-06-02 15:37:45', '2025-06-02 15:37:45'),
(201, 63, 30, NULL, 1, '92191.00', '92191.00', '2025-06-02 15:37:45', '2025-06-02 15:37:45'),
(202, 63, NULL, 5, 2, '171320.00', '342640.00', '2025-06-02 15:37:45', '2025-06-02 15:37:45'),
(203, 63, 676, NULL, 2, '53624.00', '107248.00', '2025-06-02 15:37:45', '2025-06-02 15:37:45'),
(204, 64, 127, NULL, 3, '79203.00', '237609.00', '2025-06-02 15:37:45', '2025-06-02 15:37:45'),
(205, 64, NULL, 8, 1, '268597.00', '268597.00', '2025-06-02 15:37:45', '2025-06-02 15:37:45'),
(206, 65, NULL, 4, 2, '274113.00', '548226.00', '2025-06-02 15:37:45', '2025-06-02 15:37:45'),
(207, 65, 142, NULL, 3, '41833.00', '125499.00', '2025-06-02 15:37:45', '2025-06-02 15:37:45'),
(208, 66, 341, NULL, 1, '140358.00', '140358.00', '2025-06-02 15:37:45', '2025-06-02 15:37:45'),
(209, 67, 40, NULL, 3, '100989.00', '302967.00', '2025-06-02 15:37:45', '2025-06-02 15:37:45'),
(210, 67, NULL, 3, 2, '107387.00', '214774.00', '2025-06-02 15:37:45', '2025-06-02 15:37:45'),
(211, 68, 332, NULL, 3, '192599.00', '577797.00', '2025-06-02 15:37:45', '2025-06-02 15:37:45'),
(212, 68, 570, NULL, 3, '145097.00', '435291.00', '2025-06-02 15:37:45', '2025-06-02 15:37:45'),
(213, 68, 134, NULL, 1, '79203.00', '79203.00', '2025-06-02 15:37:45', '2025-06-02 15:37:45'),
(214, 68, 766, NULL, 1, '50035.00', '50035.00', '2025-06-02 15:37:45', '2025-06-02 15:37:45'),
(215, 68, 114, NULL, 2, '93055.00', '186110.00', '2025-06-02 15:37:45', '2025-06-02 15:37:45'),
(216, 69, 479, NULL, 2, '181977.00', '363954.00', '2025-06-02 15:37:45', '2025-06-02 15:37:45'),
(217, 69, 388, NULL, 1, '187365.00', '187365.00', '2025-06-02 15:37:45', '2025-06-02 15:37:45'),
(218, 69, 624, NULL, 3, '157309.00', '471927.00', '2025-06-02 15:37:45', '2025-06-02 15:37:45'),
(219, 69, 790, NULL, 2, '113436.00', '226872.00', '2025-06-02 15:37:45', '2025-06-02 15:37:45'),
(220, 70, 18, NULL, 1, '32616.00', '32616.00', '2025-06-02 15:37:45', '2025-06-02 15:37:45'),
(221, 70, 209, NULL, 3, '80926.00', '242778.00', '2025-06-02 15:37:45', '2025-06-02 15:37:45'),
(222, 71, 667, NULL, 3, '106437.00', '319311.00', '2025-06-02 15:37:45', '2025-06-02 15:37:45'),
(223, 71, 730, NULL, 2, '112553.00', '225106.00', '2025-06-02 15:37:45', '2025-06-02 15:37:45'),
(224, 71, NULL, 4, 2, '274113.00', '548226.00', '2025-06-02 15:37:45', '2025-06-02 15:37:45'),
(225, 72, 414, NULL, 3, '110426.00', '331278.00', '2025-06-02 15:37:45', '2025-06-02 15:37:45'),
(226, 72, 721, NULL, 2, '40791.00', '81582.00', '2025-06-02 15:37:45', '2025-06-02 15:37:45'),
(227, 73, 65, NULL, 2, '56396.00', '112792.00', '2025-06-02 15:37:45', '2025-06-02 15:37:45'),
(228, 73, NULL, 7, 2, '221357.00', '442714.00', '2025-06-02 15:37:45', '2025-06-02 15:37:45'),
(229, 73, 361, NULL, 3, '198224.00', '594672.00', '2025-06-02 15:37:45', '2025-06-02 15:37:45'),
(230, 74, 368, NULL, 1, '198224.00', '198224.00', '2025-06-02 15:37:45', '2025-06-02 15:37:45'),
(231, 74, 321, NULL, 2, '41743.00', '83486.00', '2025-06-02 15:37:45', '2025-06-02 15:37:45'),
(232, 74, NULL, 9, 1, '240831.00', '240831.00', '2025-06-02 15:37:45', '2025-06-02 15:37:45'),
(233, 74, 324, NULL, 1, '41743.00', '41743.00', '2025-06-02 15:37:45', '2025-06-02 15:37:45'),
(234, 74, 589, NULL, 3, '176375.00', '529125.00', '2025-06-02 15:37:45', '2025-06-02 15:37:45'),
(235, 75, 505, NULL, 2, '77952.00', '155904.00', '2025-06-02 15:37:45', '2025-06-02 15:37:45'),
(236, 75, 399, NULL, 3, '168143.00', '504429.00', '2025-06-02 15:37:45', '2025-06-02 15:37:45'),
(237, 75, 214, NULL, 2, '80926.00', '161852.00', '2025-06-02 15:37:45', '2025-06-02 15:37:45'),
(238, 76, 225, NULL, 3, '155464.00', '466392.00', '2025-06-02 15:37:45', '2025-06-02 15:37:45'),
(239, 77, 100, NULL, 2, '128999.00', '257998.00', '2025-06-02 15:37:45', '2025-06-02 15:37:45'),
(240, 77, 259, NULL, 1, '118499.00', '118499.00', '2025-06-02 15:37:45', '2025-06-02 15:37:45'),
(241, 78, 164, NULL, 2, '163719.00', '327438.00', '2025-06-02 15:37:45', '2025-06-02 15:37:45'),
(242, 78, 191, NULL, 2, '129996.00', '259992.00', '2025-06-02 15:37:45', '2025-06-02 15:37:45'),
(243, 78, 578, NULL, 2, '108477.00', '216954.00', '2025-06-02 15:37:45', '2025-06-02 15:37:45'),
(244, 78, 193, NULL, 2, '129996.00', '259992.00', '2025-06-02 15:37:45', '2025-06-02 15:37:45'),
(245, 79, 480, NULL, 2, '181977.00', '363954.00', '2025-06-02 15:37:45', '2025-06-02 15:37:45'),
(246, 80, 684, NULL, 2, '53624.00', '107248.00', '2025-06-02 15:37:45', '2025-06-02 15:37:45'),
(247, 80, NULL, 9, 1, '240831.00', '240831.00', '2025-06-02 15:37:45', '2025-06-02 15:37:45'),
(248, 81, NULL, 7, 1, '221357.00', '221357.00', '2025-06-02 15:37:45', '2025-06-02 15:37:45'),
(249, 81, 8, NULL, 1, '111017.00', '111017.00', '2025-06-02 15:37:45', '2025-06-02 15:37:45'),
(250, 81, 271, NULL, 1, '165588.00', '165588.00', '2025-06-02 15:37:45', '2025-06-02 15:37:45'),
(251, 81, 480, NULL, 2, '181977.00', '363954.00', '2025-06-02 15:37:45', '2025-06-02 15:37:45'),
(252, 82, 260, NULL, 2, '118499.00', '236998.00', '2025-06-02 15:37:45', '2025-06-02 15:37:45'),
(253, 82, NULL, 9, 2, '240831.00', '481662.00', '2025-06-02 15:37:45', '2025-06-02 15:37:45'),
(254, 82, NULL, 2, 2, '351804.00', '703608.00', '2025-06-02 15:37:45', '2025-06-02 15:37:45'),
(255, 82, 718, NULL, 3, '176883.00', '530649.00', '2025-06-02 15:37:45', '2025-06-02 15:37:45'),
(256, 82, 346, NULL, 3, '94433.00', '283299.00', '2025-06-02 15:37:45', '2025-06-02 15:37:45'),
(257, 83, NULL, 4, 2, '274113.00', '548226.00', '2025-06-02 15:37:45', '2025-06-02 15:37:45'),
(258, 83, 177, NULL, 2, '171763.00', '343526.00', '2025-06-02 15:37:45', '2025-06-02 15:37:45'),
(259, 83, 375, NULL, 3, '66088.00', '198264.00', '2025-06-02 15:37:45', '2025-06-02 15:37:45'),
(260, 83, 222, NULL, 1, '155464.00', '155464.00', '2025-06-02 15:37:45', '2025-06-02 15:37:45'),
(261, 84, 434, NULL, 3, '173228.00', '519684.00', '2025-06-02 15:37:45', '2025-06-02 15:37:45'),
(262, 85, 532, NULL, 1, '73128.00', '73128.00', '2025-06-02 15:37:45', '2025-06-02 15:37:45'),
(263, 85, 94, NULL, 3, '169319.00', '507957.00', '2025-06-02 15:37:45', '2025-06-02 15:37:45'),
(264, 85, NULL, 10, 2, '478565.00', '957130.00', '2025-06-02 15:37:45', '2025-06-02 15:37:45'),
(265, 85, NULL, 2, 1, '351804.00', '351804.00', '2025-06-02 15:37:45', '2025-06-02 15:37:45'),
(266, 85, 71, NULL, 1, '56396.00', '56396.00', '2025-06-02 15:37:45', '2025-06-02 15:37:45'),
(267, 86, 748, NULL, 3, '104767.00', '314301.00', '2025-06-02 15:37:45', '2025-06-02 15:37:45'),
(268, 87, 578, NULL, 3, '108477.00', '325431.00', '2025-06-02 15:37:45', '2025-06-02 15:37:45'),
(269, 87, 85, NULL, 2, '125595.00', '251190.00', '2025-06-02 15:37:45', '2025-06-02 15:37:45'),
(270, 87, 307, NULL, 3, '35863.00', '107589.00', '2025-06-02 15:37:45', '2025-06-02 15:37:45'),
(271, 87, NULL, 1, 1, '445938.00', '445938.00', '2025-06-02 15:37:45', '2025-06-02 15:37:45'),
(272, 88, 490, NULL, 2, '160700.00', '321400.00', '2025-06-02 15:37:45', '2025-06-02 15:37:45'),
(273, 88, NULL, 2, 1, '351804.00', '351804.00', '2025-06-02 15:37:45', '2025-06-02 15:37:45'),
(274, 88, 366, NULL, 2, '198224.00', '396448.00', '2025-06-02 15:37:45', '2025-06-02 15:37:45'),
(275, 88, 723, NULL, 3, '40791.00', '122373.00', '2025-06-02 15:37:45', '2025-06-02 15:37:45'),
(276, 88, 746, NULL, 2, '107871.00', '215742.00', '2025-06-02 15:37:45', '2025-06-02 15:37:45'),
(277, 89, 83, NULL, 3, '125595.00', '376785.00', '2025-06-02 15:37:45', '2025-06-02 15:37:45'),
(278, 89, 619, NULL, 1, '146322.00', '146322.00', '2025-06-02 15:37:45', '2025-06-02 15:37:45'),
(279, 89, 418, NULL, 2, '108923.00', '217846.00', '2025-06-02 15:37:45', '2025-06-02 15:37:45'),
(280, 89, 615, NULL, 2, '146322.00', '292644.00', '2025-06-02 15:37:45', '2025-06-02 15:37:45'),
(281, 89, NULL, 7, 2, '221357.00', '442714.00', '2025-06-02 15:37:45', '2025-06-02 15:37:45'),
(282, 90, 12, NULL, 1, '32616.00', '32616.00', '2025-06-02 15:37:45', '2025-06-02 15:37:45'),
(283, 90, 748, NULL, 3, '104767.00', '314301.00', '2025-06-02 15:37:45', '2025-06-02 15:37:45'),
(284, 91, 271, NULL, 3, '165588.00', '496764.00', '2025-06-02 15:37:45', '2025-06-02 15:37:45'),
(285, 91, 360, NULL, 3, '82990.00', '248970.00', '2025-06-02 15:37:45', '2025-06-02 15:37:45'),
(286, 91, 72, NULL, 3, '56396.00', '169188.00', '2025-06-02 15:37:45', '2025-06-02 15:37:45'),
(287, 91, 26, NULL, 3, '45033.00', '135099.00', '2025-06-02 15:37:45', '2025-06-02 15:37:45'),
(288, 92, 207, NULL, 2, '170855.00', '341710.00', '2025-06-02 15:37:45', '2025-06-02 15:37:45'),
(289, 92, 624, NULL, 1, '157309.00', '157309.00', '2025-06-02 15:37:45', '2025-06-02 15:37:45'),
(290, 92, 632, NULL, 1, '114813.00', '114813.00', '2025-06-02 15:37:45', '2025-06-02 15:37:45'),
(291, 92, 52, NULL, 2, '129889.00', '259778.00', '2025-06-02 15:37:45', '2025-06-02 15:37:45'),
(292, 93, 499, NULL, 1, '65977.00', '65977.00', '2025-06-02 15:37:45', '2025-06-02 15:37:45'),
(293, 93, 398, NULL, 1, '168143.00', '168143.00', '2025-06-02 15:37:45', '2025-06-02 15:37:45'),
(294, 93, 516, NULL, 2, '44218.00', '88436.00', '2025-06-02 15:37:45', '2025-06-02 15:37:45'),
(295, 93, NULL, 10, 2, '478565.00', '957130.00', '2025-06-02 15:37:45', '2025-06-02 15:37:45'),
(296, 93, NULL, 8, 1, '268597.00', '268597.00', '2025-06-02 15:37:45', '2025-06-02 15:37:45'),
(297, 94, 531, NULL, 2, '57554.00', '115108.00', '2025-06-02 15:37:45', '2025-06-02 15:37:45'),
(298, 94, 632, NULL, 1, '114813.00', '114813.00', '2025-06-02 15:37:45', '2025-06-02 15:37:45'),
(299, 94, 649, NULL, 2, '68432.00', '136864.00', '2025-06-02 15:37:45', '2025-06-02 15:37:45'),
(300, 94, 299, NULL, 2, '152557.00', '305114.00', '2025-06-02 15:37:45', '2025-06-02 15:37:45'),
(301, 95, 89, NULL, 1, '125595.00', '125595.00', '2025-06-02 15:37:45', '2025-06-02 15:37:45'),
(302, 95, 154, NULL, 3, '117876.00', '353628.00', '2025-06-02 15:37:45', '2025-06-02 15:37:45'),
(303, 95, NULL, 9, 2, '240831.00', '481662.00', '2025-06-02 15:37:45', '2025-06-02 15:37:45'),
(304, 95, 660, NULL, 1, '120711.00', '120711.00', '2025-06-02 15:37:45', '2025-06-02 15:37:45'),
(305, 95, 34, NULL, 2, '92191.00', '184382.00', '2025-06-02 15:37:45', '2025-06-02 15:37:45'),
(306, 96, NULL, 9, 1, '240831.00', '240831.00', '2025-06-02 15:37:45', '2025-06-02 15:37:45'),
(307, 97, 574, NULL, 1, '145097.00', '145097.00', '2025-06-02 15:37:45', '2025-06-02 15:37:45'),
(308, 98, 333, NULL, 3, '192599.00', '577797.00', '2025-06-02 15:37:45', '2025-06-02 15:37:45'),
(309, 98, 17, NULL, 2, '32616.00', '65232.00', '2025-06-02 15:37:45', '2025-06-02 15:37:45'),
(310, 98, NULL, 1, 1, '445938.00', '445938.00', '2025-06-02 15:37:45', '2025-06-02 15:37:45'),
(311, 98, 760, NULL, 2, '48061.00', '96122.00', '2025-06-02 15:37:45', '2025-06-02 15:37:45'),
(312, 99, 208, NULL, 2, '80926.00', '161852.00', '2025-06-02 15:37:45', '2025-06-02 15:37:45'),
(313, 100, 639, NULL, 3, '114813.00', '344439.00', '2025-06-02 15:37:45', '2025-06-02 15:37:45'),
(314, 100, 671, NULL, 1, '106437.00', '106437.00', '2025-06-02 15:37:45', '2025-06-02 15:37:45'),
(315, 100, 114, NULL, 2, '93055.00', '186110.00', '2025-06-02 15:37:45', '2025-06-02 15:37:45'),
(316, 100, 348, NULL, 1, '94433.00', '94433.00', '2025-06-02 15:37:45', '2025-06-02 15:37:45'),
(317, 100, 422, NULL, 3, '108923.00', '326769.00', '2025-06-02 15:37:45', '2025-06-02 15:37:45');

-- --------------------------------------------------------

--
-- Table structure for table `order_item_toppings`
--

CREATE TABLE `order_item_toppings` (
  `id` bigint UNSIGNED NOT NULL,
  `order_item_id` bigint UNSIGNED NOT NULL,
  `topping_id` bigint UNSIGNED NOT NULL,
  `quantity` int NOT NULL DEFAULT '1',
  `price` decimal(12,2) NOT NULL,
  `created_at` timestamp NULL DEFAULT NULL,
  `updated_at` timestamp NULL DEFAULT NULL
) ENGINE=InnoDB DEFAULT CHARSET=utf8mb4 COLLATE=utf8mb4_unicode_ci;

-- --------------------------------------------------------

--
-- Table structure for table `order_status_histories`
--

CREATE TABLE `order_status_histories` (
  `id` bigint UNSIGNED NOT NULL,
  `order_id` bigint UNSIGNED NOT NULL,
  `old_status` enum('new','processing','ready','delivery','completed','cancelled') COLLATE utf8mb4_unicode_ci DEFAULT NULL,
  `new_status` enum('new','processing','ready','delivery','completed','cancelled') COLLATE utf8mb4_unicode_ci NOT NULL,
  `changed_by` bigint UNSIGNED DEFAULT NULL,
  `changed_by_role` varchar(191) COLLATE utf8mb4_unicode_ci DEFAULT NULL,
  `note` text COLLATE utf8mb4_unicode_ci,
  `changed_at` timestamp NOT NULL DEFAULT CURRENT_TIMESTAMP,
  `created_at` timestamp NULL DEFAULT NULL,
  `updated_at` timestamp NULL DEFAULT NULL
) ENGINE=InnoDB DEFAULT CHARSET=utf8mb4 COLLATE=utf8mb4_unicode_ci;

-- --------------------------------------------------------

--
-- Table structure for table `password_reset_tokens`
--

CREATE TABLE `password_reset_tokens` (
  `email` varchar(191) COLLATE utf8mb4_unicode_ci NOT NULL,
  `token` varchar(191) COLLATE utf8mb4_unicode_ci NOT NULL,
  `created_at` timestamp NULL DEFAULT NULL
) ENGINE=InnoDB DEFAULT CHARSET=utf8mb4 COLLATE=utf8mb4_unicode_ci;

-- --------------------------------------------------------

--
-- Table structure for table `payments`
--

CREATE TABLE `payments` (
  `id` bigint UNSIGNED NOT NULL,
  `payment_method_id` bigint UNSIGNED NOT NULL,
  `payer_name` varchar(191) COLLATE utf8mb4_unicode_ci NOT NULL,
  `payer_email` varchar(191) COLLATE utf8mb4_unicode_ci NOT NULL,
  `payer_phone` varchar(191) COLLATE utf8mb4_unicode_ci NOT NULL,
  `txn_ref` varchar(191) COLLATE utf8mb4_unicode_ci NOT NULL,
  `transaction_id` varchar(191) COLLATE utf8mb4_unicode_ci DEFAULT NULL,
  `response_code` varchar(191) COLLATE utf8mb4_unicode_ci DEFAULT NULL,
  `bank_code` varchar(191) COLLATE utf8mb4_unicode_ci DEFAULT NULL,
  `payment_amount` bigint UNSIGNED NOT NULL,
  `payment_currency` varchar(191) COLLATE utf8mb4_unicode_ci NOT NULL DEFAULT 'VND',
  `payment_status` enum('pending','completed','failed','refunded') COLLATE utf8mb4_unicode_ci NOT NULL DEFAULT 'pending',
  `payment_date` datetime DEFAULT NULL,
  `payment_method_detail` varchar(191) COLLATE utf8mb4_unicode_ci DEFAULT NULL,
  `gateway_response` text COLLATE utf8mb4_unicode_ci,
  `ip_address` varchar(191) COLLATE utf8mb4_unicode_ci DEFAULT NULL,
  `callback_data` text COLLATE utf8mb4_unicode_ci,
  `created_at` timestamp NULL DEFAULT NULL,
  `updated_at` timestamp NULL DEFAULT NULL
) ENGINE=InnoDB DEFAULT CHARSET=utf8mb4 COLLATE=utf8mb4_unicode_ci;

-- --------------------------------------------------------

--
-- Table structure for table `payment_methods`
--

CREATE TABLE `payment_methods` (
  `id` bigint UNSIGNED NOT NULL,
  `name` varchar(191) COLLATE utf8mb4_unicode_ci NOT NULL,
  `description` text COLLATE utf8mb4_unicode_ci,
  `active` tinyint(1) NOT NULL DEFAULT '1',
  `created_at` timestamp NULL DEFAULT NULL,
  `updated_at` timestamp NULL DEFAULT NULL
) ENGINE=InnoDB DEFAULT CHARSET=utf8mb4 COLLATE=utf8mb4_unicode_ci;

-- --------------------------------------------------------

--
-- Table structure for table `points_transactions`
--

CREATE TABLE `points_transactions` (
  `id` bigint UNSIGNED NOT NULL,
  `user_id` bigint UNSIGNED NOT NULL,
  `points` int NOT NULL,
  `balance` int NOT NULL,
  `type` enum('order','referral','review','promotion','adjustment','expiration') COLLATE utf8mb4_unicode_ci NOT NULL,
  `order_id` bigint UNSIGNED DEFAULT NULL,
  `review_id` bigint UNSIGNED DEFAULT NULL,
  `reference` varchar(191) COLLATE utf8mb4_unicode_ci DEFAULT NULL,
  `description` text COLLATE utf8mb4_unicode_ci,
  `transaction_date` datetime NOT NULL,
  `expiry_date` datetime DEFAULT NULL,
  `is_expired` tinyint(1) NOT NULL DEFAULT '0',
  `created_by` bigint UNSIGNED DEFAULT NULL,
  `created_at` timestamp NULL DEFAULT NULL,
  `updated_at` timestamp NULL DEFAULT NULL
) ENGINE=InnoDB DEFAULT CHARSET=utf8mb4 COLLATE=utf8mb4_unicode_ci;

-- --------------------------------------------------------

--
-- Table structure for table `point_rules`
--

CREATE TABLE `point_rules` (
  `id` bigint UNSIGNED NOT NULL,
  `name` varchar(191) COLLATE utf8mb4_unicode_ci NOT NULL,
  `point_per_currency` decimal(10,4) NOT NULL DEFAULT '0.0100',
  `min_order_amount` decimal(10,2) NOT NULL DEFAULT '0.00',
  `customer_type` enum('all','regular','vip') COLLATE utf8mb4_unicode_ci NOT NULL DEFAULT 'all',
  `is_active` tinyint(1) NOT NULL DEFAULT '1',
  `created_at` timestamp NULL DEFAULT NULL,
  `updated_at` timestamp NULL DEFAULT NULL
) ENGINE=InnoDB DEFAULT CHARSET=utf8mb4 COLLATE=utf8mb4_unicode_ci;

-- --------------------------------------------------------

--
-- Table structure for table `products`
--

CREATE TABLE `products` (
  `id` bigint UNSIGNED NOT NULL,
  `category_id` bigint UNSIGNED NOT NULL,
  `sku` varchar(191) COLLATE utf8mb4_unicode_ci NOT NULL,
  `name` varchar(191) COLLATE utf8mb4_unicode_ci NOT NULL,
  `base_price` decimal(12,2) NOT NULL,
  `preparation_time` int DEFAULT NULL,
  `ingredients` json DEFAULT NULL,
  `short_description` text COLLATE utf8mb4_unicode_ci,
  `description` text COLLATE utf8mb4_unicode_ci,
  `status` enum('coming_soon','selling','discontinued') COLLATE utf8mb4_unicode_ci NOT NULL DEFAULT 'selling',
  `release_at` timestamp NULL DEFAULT NULL,
  `is_featured` tinyint(1) NOT NULL DEFAULT '0',
  `created_by` bigint UNSIGNED DEFAULT NULL,
  `updated_by` bigint UNSIGNED DEFAULT NULL,
  `created_at` timestamp NULL DEFAULT NULL,
  `updated_at` timestamp NULL DEFAULT NULL
) ENGINE=InnoDB DEFAULT CHARSET=utf8mb4 COLLATE=utf8mb4_unicode_ci;

--
-- Dumping data for table `products`
--

INSERT INTO `products` (`id`, `category_id`, `sku`, `name`, `base_price`, `preparation_time`, `ingredients`, `short_description`, `description`, `status`, `release_at`, `is_featured`, `created_by`, `updated_by`, `created_at`, `updated_at`) VALUES
(1, 1, 'BG-00001', 'Burger Bò Phô Mai', '111017.00', 22, '\"{\\\"base\\\":[\\\"B\\\\u00e1nh m\\\\u00ec burger\\\"],\\\"vegetables\\\":[\\\"X\\\\u00e0 l\\\\u00e1ch\\\",\\\"C\\\\u00e0 chua\\\",\\\"D\\\\u01b0a chu\\\\u1ed9t\\\",\\\"H\\\\u00e0nh t\\\\u00e2y\\\"],\\\"sauces\\\":[\\\"S\\\\u1ed1t mayonnaise\\\",\\\"S\\\\u1ed1t c\\\\u00e0 chua\\\"],\\\"meat\\\":[\\\"Th\\\\u1ecbt b\\\\u00f2 \\\\u00dac\\\",\\\"Th\\\\u1ecbt b\\\\u00f2 xay\\\"],\\\"cheese\\\":[\\\"Ph\\\\u00f4 mai Mozzarella\\\",\\\"Ph\\\\u00f4 mai Cheddar\\\"]}\"', 'Món Burger Bò Phô Mai đặc biệt', 'Đây là món Burger Bò Phô Mai ngon tuyệt', 'selling', NULL, 0, NULL, NULL, '2025-06-02 15:34:12', '2025-06-02 15:34:12'),
(2, 1, 'BG-00002', 'Burger Gà Giòn', '32616.00', 15, '\"{\\\"base\\\":[\\\"B\\\\u00e1nh m\\\\u00ec burger\\\"],\\\"vegetables\\\":[\\\"X\\\\u00e0 l\\\\u00e1ch\\\",\\\"C\\\\u00e0 chua\\\",\\\"D\\\\u01b0a chu\\\\u1ed9t\\\",\\\"H\\\\u00e0nh t\\\\u00e2y\\\"],\\\"sauces\\\":[\\\"S\\\\u1ed1t mayonnaise\\\",\\\"S\\\\u1ed1t c\\\\u00e0 chua\\\"],\\\"meat\\\":[\\\"Th\\\\u1ecbt g\\\\u00e0 phi l\\\\u00ea\\\",\\\"\\\\u1ee8c g\\\\u00e0\\\"]}\"', 'Món Burger Gà Giòn đặc biệt', 'Đây là món Burger Gà Giòn ngon tuyệt', 'selling', NULL, 1, NULL, NULL, '2025-06-02 15:34:15', '2025-06-02 15:34:15'),
(3, 1, 'BG-00003', 'Burger Cá', '45033.00', 14, '\"{\\\"base\\\":[\\\"B\\\\u00e1nh m\\\\u00ec burger\\\"],\\\"vegetables\\\":[\\\"X\\\\u00e0 l\\\\u00e1ch\\\",\\\"C\\\\u00e0 chua\\\",\\\"D\\\\u01b0a chu\\\\u1ed9t\\\",\\\"H\\\\u00e0nh t\\\\u00e2y\\\"],\\\"sauces\\\":[\\\"S\\\\u1ed1t mayonnaise\\\",\\\"S\\\\u1ed1t c\\\\u00e0 chua\\\"]}\"', 'Món Burger Cá đặc biệt', 'Đây là món Burger Cá ngon tuyệt', 'selling', NULL, 0, NULL, NULL, '2025-06-02 15:34:16', '2025-06-02 15:34:16'),
(4, 1, 'BG-00004', 'Burger Bò Nướng BBQ', '92191.00', 21, '\"{\\\"base\\\":[\\\"B\\\\u00e1nh m\\\\u00ec burger\\\"],\\\"vegetables\\\":[\\\"X\\\\u00e0 l\\\\u00e1ch\\\",\\\"C\\\\u00e0 chua\\\",\\\"D\\\\u01b0a chu\\\\u1ed9t\\\",\\\"H\\\\u00e0nh t\\\\u00e2y\\\"],\\\"sauces\\\":[\\\"S\\\\u1ed1t mayonnaise\\\",\\\"S\\\\u1ed1t c\\\\u00e0 chua\\\"],\\\"meat\\\":[\\\"Th\\\\u1ecbt b\\\\u00f2 \\\\u00dac\\\",\\\"Th\\\\u1ecbt b\\\\u00f2 xay\\\"],\\\"sauce\\\":[\\\"S\\\\u1ed1t BBQ\\\",\\\"S\\\\u1ed1t ti\\\\u00eau \\\\u0111en\\\"]}\"', 'Món Burger Bò Nướng BBQ đặc biệt', 'Đây là món Burger Bò Nướng BBQ ngon tuyệt', 'selling', NULL, 0, NULL, NULL, '2025-06-02 15:34:18', '2025-06-02 15:34:18'),
(5, 1, 'BG-00005', 'Burger Tôm', '100989.00', 16, '\"{\\\"base\\\":[\\\"B\\\\u00e1nh m\\\\u00ec burger\\\"],\\\"vegetables\\\":[\\\"X\\\\u00e0 l\\\\u00e1ch\\\",\\\"C\\\\u00e0 chua\\\",\\\"D\\\\u01b0a chu\\\\u1ed9t\\\",\\\"H\\\\u00e0nh t\\\\u00e2y\\\"],\\\"sauces\\\":[\\\"S\\\\u1ed1t mayonnaise\\\",\\\"S\\\\u1ed1t c\\\\u00e0 chua\\\"]}\"', 'Món Burger Tôm đặc biệt', 'Đây là món Burger Tôm ngon tuyệt', 'selling', NULL, 0, NULL, NULL, '2025-06-02 15:34:20', '2025-06-02 15:34:20'),
(6, 1, 'BG-00006', 'Burger Bò 2 Lớp', '129889.00', 20, '\"{\\\"base\\\":[\\\"B\\\\u00e1nh m\\\\u00ec burger\\\"],\\\"vegetables\\\":[\\\"X\\\\u00e0 l\\\\u00e1ch\\\",\\\"C\\\\u00e0 chua\\\",\\\"D\\\\u01b0a chu\\\\u1ed9t\\\",\\\"H\\\\u00e0nh t\\\\u00e2y\\\"],\\\"sauces\\\":[\\\"S\\\\u1ed1t mayonnaise\\\",\\\"S\\\\u1ed1t c\\\\u00e0 chua\\\"],\\\"meat\\\":[\\\"Th\\\\u1ecbt b\\\\u00f2 \\\\u00dac\\\",\\\"Th\\\\u1ecbt b\\\\u00f2 xay\\\"]}\"', 'Món Burger Bò 2 Lớp đặc biệt', 'Đây là món Burger Bò 2 Lớp ngon tuyệt', 'selling', NULL, 0, NULL, NULL, '2025-06-02 15:34:21', '2025-06-02 15:34:21'),
(7, 1, 'BG-00007', 'Burger Gà Nướng', '117322.00', 27, '\"{\\\"base\\\":[\\\"B\\\\u00e1nh m\\\\u00ec burger\\\"],\\\"vegetables\\\":[\\\"X\\\\u00e0 l\\\\u00e1ch\\\",\\\"C\\\\u00e0 chua\\\",\\\"D\\\\u01b0a chu\\\\u1ed9t\\\",\\\"H\\\\u00e0nh t\\\\u00e2y\\\"],\\\"sauces\\\":[\\\"S\\\\u1ed1t mayonnaise\\\",\\\"S\\\\u1ed1t c\\\\u00e0 chua\\\"],\\\"meat\\\":[\\\"Th\\\\u1ecbt g\\\\u00e0 phi l\\\\u00ea\\\",\\\"\\\\u1ee8c g\\\\u00e0\\\"]}\"', 'Món Burger Gà Nướng đặc biệt', 'Đây là món Burger Gà Nướng ngon tuyệt', 'selling', NULL, 1, NULL, NULL, '2025-06-02 15:34:22', '2025-06-02 15:34:22'),
(8, 1, 'BG-00008', 'Burger Bò Trứng', '56396.00', 10, '\"{\\\"base\\\":[\\\"B\\\\u00e1nh m\\\\u00ec burger\\\"],\\\"vegetables\\\":[\\\"X\\\\u00e0 l\\\\u00e1ch\\\",\\\"C\\\\u00e0 chua\\\",\\\"D\\\\u01b0a chu\\\\u1ed9t\\\",\\\"H\\\\u00e0nh t\\\\u00e2y\\\"],\\\"sauces\\\":[\\\"S\\\\u1ed1t mayonnaise\\\",\\\"S\\\\u1ed1t c\\\\u00e0 chua\\\"],\\\"meat\\\":[\\\"Th\\\\u1ecbt b\\\\u00f2 \\\\u00dac\\\",\\\"Th\\\\u1ecbt b\\\\u00f2 xay\\\"]}\"', 'Món Burger Bò Trứng đặc biệt', 'Đây là món Burger Bò Trứng ngon tuyệt', 'selling', NULL, 1, NULL, NULL, '2025-06-02 15:34:23', '2025-06-02 15:34:23'),
(9, 1, 'BG-00009', 'Burger Phô Mai', '102977.00', 30, '\"{\\\"base\\\":[\\\"B\\\\u00e1nh m\\\\u00ec burger\\\"],\\\"vegetables\\\":[\\\"X\\\\u00e0 l\\\\u00e1ch\\\",\\\"C\\\\u00e0 chua\\\",\\\"D\\\\u01b0a chu\\\\u1ed9t\\\",\\\"H\\\\u00e0nh t\\\\u00e2y\\\"],\\\"sauces\\\":[\\\"S\\\\u1ed1t mayonnaise\\\",\\\"S\\\\u1ed1t c\\\\u00e0 chua\\\"],\\\"cheese\\\":[\\\"Ph\\\\u00f4 mai Mozzarella\\\",\\\"Ph\\\\u00f4 mai Cheddar\\\"]}\"', 'Món Burger Phô Mai đặc biệt', 'Đây là món Burger Phô Mai ngon tuyệt', 'selling', NULL, 0, NULL, NULL, '2025-06-02 15:34:24', '2025-06-02 15:34:24'),
(10, 1, 'BG-00010', 'Burger Bò Xông Khói', '125595.00', 14, '\"{\\\"base\\\":[\\\"B\\\\u00e1nh m\\\\u00ec burger\\\"],\\\"vegetables\\\":[\\\"X\\\\u00e0 l\\\\u00e1ch\\\",\\\"C\\\\u00e0 chua\\\",\\\"D\\\\u01b0a chu\\\\u1ed9t\\\",\\\"H\\\\u00e0nh t\\\\u00e2y\\\"],\\\"sauces\\\":[\\\"S\\\\u1ed1t mayonnaise\\\",\\\"S\\\\u1ed1t c\\\\u00e0 chua\\\"],\\\"meat\\\":[\\\"Th\\\\u1ecbt x\\\\u00f4ng kh\\\\u00f3i\\\",\\\"Bacon\\\"]}\"', 'Món Burger Bò Xông Khói đặc biệt', 'Đây là món Burger Bò Xông Khói ngon tuyệt', 'selling', NULL, 0, NULL, NULL, '2025-06-02 15:34:25', '2025-06-02 15:34:25'),
(11, 1, 'BG-00011', 'Burger Gà Phô Mai', '169319.00', 19, '\"{\\\"base\\\":[\\\"B\\\\u00e1nh m\\\\u00ec burger\\\"],\\\"vegetables\\\":[\\\"X\\\\u00e0 l\\\\u00e1ch\\\",\\\"C\\\\u00e0 chua\\\",\\\"D\\\\u01b0a chu\\\\u1ed9t\\\",\\\"H\\\\u00e0nh t\\\\u00e2y\\\"],\\\"sauces\\\":[\\\"S\\\\u1ed1t mayonnaise\\\",\\\"S\\\\u1ed1t c\\\\u00e0 chua\\\"],\\\"meat\\\":[\\\"Th\\\\u1ecbt g\\\\u00e0 phi l\\\\u00ea\\\",\\\"\\\\u1ee8c g\\\\u00e0\\\"],\\\"cheese\\\":[\\\"Ph\\\\u00f4 mai Mozzarella\\\",\\\"Ph\\\\u00f4 mai Cheddar\\\"]}\"', 'Món Burger Gà Phô Mai đặc biệt', 'Đây là món Burger Gà Phô Mai ngon tuyệt', 'selling', NULL, 1, NULL, NULL, '2025-06-02 15:34:26', '2025-06-02 15:34:26'),
(12, 1, 'BG-00012', 'Burger Cá Ngừ', '128999.00', 13, '\"{\\\"base\\\":[\\\"B\\\\u00e1nh m\\\\u00ec burger\\\"],\\\"vegetables\\\":[\\\"X\\\\u00e0 l\\\\u00e1ch\\\",\\\"C\\\\u00e0 chua\\\",\\\"D\\\\u01b0a chu\\\\u1ed9t\\\",\\\"H\\\\u00e0nh t\\\\u00e2y\\\"],\\\"sauces\\\":[\\\"S\\\\u1ed1t mayonnaise\\\",\\\"S\\\\u1ed1t c\\\\u00e0 chua\\\"]}\"', 'Món Burger Cá Ngừ đặc biệt', 'Đây là món Burger Cá Ngừ ngon tuyệt', 'selling', NULL, 0, NULL, NULL, '2025-06-02 15:34:28', '2025-06-02 15:34:28'),
(13, 1, 'BG-00013', 'Burger Bò Teriyaki', '93055.00', 19, '\"{\\\"base\\\":[\\\"B\\\\u00e1nh m\\\\u00ec burger\\\"],\\\"vegetables\\\":[\\\"X\\\\u00e0 l\\\\u00e1ch\\\",\\\"C\\\\u00e0 chua\\\",\\\"D\\\\u01b0a chu\\\\u1ed9t\\\",\\\"H\\\\u00e0nh t\\\\u00e2y\\\"],\\\"sauces\\\":[\\\"S\\\\u1ed1t mayonnaise\\\",\\\"S\\\\u1ed1t c\\\\u00e0 chua\\\"],\\\"meat\\\":[\\\"Th\\\\u1ecbt b\\\\u00f2 \\\\u00dac\\\",\\\"Th\\\\u1ecbt b\\\\u00f2 xay\\\"]}\"', 'Món Burger Bò Teriyaki đặc biệt', 'Đây là món Burger Bò Teriyaki ngon tuyệt', 'selling', NULL, 0, NULL, NULL, '2025-06-02 15:34:30', '2025-06-02 15:34:30'),
(14, 1, 'BG-00014', 'Burger Gà Sốt Cay', '70193.00', 15, '\"{\\\"base\\\":[\\\"B\\\\u00e1nh m\\\\u00ec burger\\\"],\\\"vegetables\\\":[\\\"X\\\\u00e0 l\\\\u00e1ch\\\",\\\"C\\\\u00e0 chua\\\",\\\"D\\\\u01b0a chu\\\\u1ed9t\\\",\\\"H\\\\u00e0nh t\\\\u00e2y\\\"],\\\"sauces\\\":[\\\"S\\\\u1ed1t mayonnaise\\\",\\\"S\\\\u1ed1t c\\\\u00e0 chua\\\"],\\\"meat\\\":[\\\"Th\\\\u1ecbt g\\\\u00e0 phi l\\\\u00ea\\\",\\\"\\\\u1ee8c g\\\\u00e0\\\"],\\\"spices\\\":[\\\"\\\\u1edat t\\\\u01b0\\\\u01a1i\\\",\\\"B\\\\u1ed9t \\\\u1edbt\\\",\\\"S\\\\u1ed1t cay\\\"]}\"', 'Món Burger Gà Sốt Cay đặc biệt', 'Đây là món Burger Gà Sốt Cay ngon tuyệt', 'selling', NULL, 0, NULL, NULL, '2025-06-02 15:34:30', '2025-06-02 15:34:30'),
(15, 1, 'BG-00015', 'Burger Bò Deluxe', '79203.00', 19, '\"{\\\"base\\\":[\\\"B\\\\u00e1nh m\\\\u00ec burger\\\"],\\\"vegetables\\\":[\\\"X\\\\u00e0 l\\\\u00e1ch\\\",\\\"C\\\\u00e0 chua\\\",\\\"D\\\\u01b0a chu\\\\u1ed9t\\\",\\\"H\\\\u00e0nh t\\\\u00e2y\\\"],\\\"sauces\\\":[\\\"S\\\\u1ed1t mayonnaise\\\",\\\"S\\\\u1ed1t c\\\\u00e0 chua\\\"],\\\"meat\\\":[\\\"Th\\\\u1ecbt b\\\\u00f2 \\\\u00dac\\\",\\\"Th\\\\u1ecbt b\\\\u00f2 xay\\\"]}\"', 'Món Burger Bò Deluxe đặc biệt', 'Đây là món Burger Bò Deluxe ngon tuyệt', 'selling', NULL, 1, NULL, NULL, '2025-06-02 15:34:31', '2025-06-02 15:34:31'),
(16, 2, 'PZ-00001', 'Pizza Hải Sản', '41833.00', 15, '\"{\\\"base\\\":[\\\"\\\\u0110\\\\u1ebf b\\\\u00e1nh pizza\\\",\\\"S\\\\u1ed1t c\\\\u00e0 chua\\\",\\\"Ph\\\\u00f4 mai Mozzarella\\\"],\\\"vegetables\\\":[\\\"\\\\u1edat chu\\\\u00f4ng\\\",\\\"N\\\\u1ea5m\\\",\\\"H\\\\u00e0nh t\\\\u00e2y\\\"],\\\"herbs\\\":[\\\"H\\\\u00fang qu\\\\u1ebf\\\",\\\"Oregano\\\"],\\\"seafood\\\":[\\\"T\\\\u00f4m\\\",\\\"M\\\\u1ef1c\\\",\\\"C\\\\u00e1 h\\\\u1ed3i\\\"]}\"', 'Món Pizza Hải Sản đặc biệt', 'Đây là món Pizza Hải Sản ngon tuyệt', 'selling', NULL, 0, NULL, NULL, '2025-06-02 15:34:31', '2025-06-02 15:34:31'),
(17, 2, 'PZ-00002', 'Pizza Bò', '121028.00', 28, '\"{\\\"base\\\":[\\\"\\\\u0110\\\\u1ebf b\\\\u00e1nh pizza\\\",\\\"S\\\\u1ed1t c\\\\u00e0 chua\\\",\\\"Ph\\\\u00f4 mai Mozzarella\\\"],\\\"vegetables\\\":[\\\"\\\\u1edat chu\\\\u00f4ng\\\",\\\"N\\\\u1ea5m\\\",\\\"H\\\\u00e0nh t\\\\u00e2y\\\"],\\\"herbs\\\":[\\\"H\\\\u00fang qu\\\\u1ebf\\\",\\\"Oregano\\\"],\\\"meat\\\":[\\\"Th\\\\u1ecbt b\\\\u00f2 \\\\u00dac\\\",\\\"Th\\\\u1ecbt b\\\\u00f2 xay\\\"]}\"', 'Món Pizza Bò đặc biệt', 'Đây là món Pizza Bò ngon tuyệt', 'selling', NULL, 0, NULL, NULL, '2025-06-02 15:34:32', '2025-06-02 15:34:32'),
(18, 2, 'PZ-00003', 'Pizza Gà', '117876.00', 30, '\"{\\\"base\\\":[\\\"\\\\u0110\\\\u1ebf b\\\\u00e1nh pizza\\\",\\\"S\\\\u1ed1t c\\\\u00e0 chua\\\",\\\"Ph\\\\u00f4 mai Mozzarella\\\"],\\\"vegetables\\\":[\\\"\\\\u1edat chu\\\\u00f4ng\\\",\\\"N\\\\u1ea5m\\\",\\\"H\\\\u00e0nh t\\\\u00e2y\\\"],\\\"herbs\\\":[\\\"H\\\\u00fang qu\\\\u1ebf\\\",\\\"Oregano\\\"],\\\"meat\\\":[\\\"Th\\\\u1ecbt g\\\\u00e0 phi l\\\\u00ea\\\",\\\"\\\\u1ee8c g\\\\u00e0\\\"]}\"', 'Món Pizza Gà đặc biệt', 'Đây là món Pizza Gà ngon tuyệt', 'selling', NULL, 1, NULL, NULL, '2025-06-02 15:34:35', '2025-06-02 15:34:35'),
(19, 2, 'PZ-00004', 'Pizza Xúc Xích', '163719.00', 23, '\"{\\\"base\\\":[\\\"\\\\u0110\\\\u1ebf b\\\\u00e1nh pizza\\\",\\\"S\\\\u1ed1t c\\\\u00e0 chua\\\",\\\"Ph\\\\u00f4 mai Mozzarella\\\"],\\\"vegetables\\\":[\\\"\\\\u1edat chu\\\\u00f4ng\\\",\\\"N\\\\u1ea5m\\\",\\\"H\\\\u00e0nh t\\\\u00e2y\\\"],\\\"herbs\\\":[\\\"H\\\\u00fang qu\\\\u1ebf\\\",\\\"Oregano\\\"]}\"', 'Món Pizza Xúc Xích đặc biệt', 'Đây là món Pizza Xúc Xích ngon tuyệt', 'selling', NULL, 1, NULL, NULL, '2025-06-02 15:34:37', '2025-06-02 15:34:37'),
(20, 2, 'PZ-00005', 'Pizza Phô Mai', '171763.00', 14, '\"{\\\"base\\\":[\\\"\\\\u0110\\\\u1ebf b\\\\u00e1nh pizza\\\",\\\"S\\\\u1ed1t c\\\\u00e0 chua\\\",\\\"Ph\\\\u00f4 mai Mozzarella\\\"],\\\"vegetables\\\":[\\\"\\\\u1edat chu\\\\u00f4ng\\\",\\\"N\\\\u1ea5m\\\",\\\"H\\\\u00e0nh t\\\\u00e2y\\\"],\\\"herbs\\\":[\\\"H\\\\u00fang qu\\\\u1ebf\\\",\\\"Oregano\\\"],\\\"cheese\\\":[\\\"Ph\\\\u00f4 mai Mozzarella\\\",\\\"Ph\\\\u00f4 mai Cheddar\\\"]}\"', 'Món Pizza Phô Mai đặc biệt', 'Đây là món Pizza Phô Mai ngon tuyệt', 'selling', NULL, 0, NULL, NULL, '2025-06-02 15:34:38', '2025-06-02 15:34:38'),
(21, 2, 'PZ-00006', 'Pizza Nấm', '123413.00', 19, '\"{\\\"base\\\":[\\\"\\\\u0110\\\\u1ebf b\\\\u00e1nh pizza\\\",\\\"S\\\\u1ed1t c\\\\u00e0 chua\\\",\\\"Ph\\\\u00f4 mai Mozzarella\\\"],\\\"vegetables\\\":[\\\"\\\\u1edat chu\\\\u00f4ng\\\",\\\"N\\\\u1ea5m\\\",\\\"H\\\\u00e0nh t\\\\u00e2y\\\"],\\\"herbs\\\":[\\\"H\\\\u00fang qu\\\\u1ebf\\\",\\\"Oregano\\\"]}\"', 'Món Pizza Nấm đặc biệt', 'Đây là món Pizza Nấm ngon tuyệt', 'selling', NULL, 0, NULL, NULL, '2025-06-02 15:34:40', '2025-06-02 15:34:40'),
(22, 2, 'PZ-00007', 'Pizza Thịt Nguội', '129996.00', 24, '\"{\\\"base\\\":[\\\"\\\\u0110\\\\u1ebf b\\\\u00e1nh pizza\\\",\\\"S\\\\u1ed1t c\\\\u00e0 chua\\\",\\\"Ph\\\\u00f4 mai Mozzarella\\\"],\\\"vegetables\\\":[\\\"\\\\u1edat chu\\\\u00f4ng\\\",\\\"N\\\\u1ea5m\\\",\\\"H\\\\u00e0nh t\\\\u00e2y\\\"],\\\"herbs\\\":[\\\"H\\\\u00fang qu\\\\u1ebf\\\",\\\"Oregano\\\"]}\"', 'Món Pizza Thịt Nguội đặc biệt', 'Đây là món Pizza Thịt Nguội ngon tuyệt', 'selling', NULL, 0, NULL, NULL, '2025-06-02 15:34:40', '2025-06-02 15:34:40'),
(23, 2, 'PZ-00008', 'Pizza Hawaii', '170855.00', 10, '\"{\\\"base\\\":[\\\"\\\\u0110\\\\u1ebf b\\\\u00e1nh pizza\\\",\\\"S\\\\u1ed1t c\\\\u00e0 chua\\\",\\\"Ph\\\\u00f4 mai Mozzarella\\\"],\\\"vegetables\\\":[\\\"\\\\u1edat chu\\\\u00f4ng\\\",\\\"N\\\\u1ea5m\\\",\\\"H\\\\u00e0nh t\\\\u00e2y\\\"],\\\"herbs\\\":[\\\"H\\\\u00fang qu\\\\u1ebf\\\",\\\"Oregano\\\"]}\"', 'Món Pizza Hawaii đặc biệt', 'Đây là món Pizza Hawaii ngon tuyệt', 'selling', NULL, 0, NULL, NULL, '2025-06-02 15:34:41', '2025-06-02 15:34:41'),
(24, 2, 'PZ-00009', 'Pizza 5 Loại Thịt', '80926.00', 13, '\"{\\\"base\\\":[\\\"\\\\u0110\\\\u1ebf b\\\\u00e1nh pizza\\\",\\\"S\\\\u1ed1t c\\\\u00e0 chua\\\",\\\"Ph\\\\u00f4 mai Mozzarella\\\"],\\\"vegetables\\\":[\\\"\\\\u1edat chu\\\\u00f4ng\\\",\\\"N\\\\u1ea5m\\\",\\\"H\\\\u00e0nh t\\\\u00e2y\\\"],\\\"herbs\\\":[\\\"H\\\\u00fang qu\\\\u1ebf\\\",\\\"Oregano\\\"]}\"', 'Món Pizza 5 Loại Thịt đặc biệt', 'Đây là món Pizza 5 Loại Thịt ngon tuyệt', 'selling', NULL, 0, NULL, NULL, '2025-06-02 15:34:43', '2025-06-02 15:34:43'),
(25, 2, 'PZ-00010', 'Pizza Rau Củ', '155464.00', 16, '\"{\\\"base\\\":[\\\"\\\\u0110\\\\u1ebf b\\\\u00e1nh pizza\\\",\\\"S\\\\u1ed1t c\\\\u00e0 chua\\\",\\\"Ph\\\\u00f4 mai Mozzarella\\\"],\\\"vegetables\\\":[\\\"\\\\u1edat chu\\\\u00f4ng\\\",\\\"N\\\\u1ea5m\\\",\\\"H\\\\u00e0nh t\\\\u00e2y\\\"],\\\"herbs\\\":[\\\"H\\\\u00fang qu\\\\u1ebf\\\",\\\"Oregano\\\"]}\"', 'Món Pizza Rau Củ đặc biệt', 'Đây là món Pizza Rau Củ ngon tuyệt', 'selling', NULL, 1, NULL, NULL, '2025-06-02 15:34:43', '2025-06-02 15:34:43'),
(26, 2, 'PZ-00011', 'Pizza Bò BBQ', '81235.00', 29, '\"{\\\"base\\\":[\\\"\\\\u0110\\\\u1ebf b\\\\u00e1nh pizza\\\",\\\"S\\\\u1ed1t c\\\\u00e0 chua\\\",\\\"Ph\\\\u00f4 mai Mozzarella\\\"],\\\"vegetables\\\":[\\\"\\\\u1edat chu\\\\u00f4ng\\\",\\\"N\\\\u1ea5m\\\",\\\"H\\\\u00e0nh t\\\\u00e2y\\\"],\\\"herbs\\\":[\\\"H\\\\u00fang qu\\\\u1ebf\\\",\\\"Oregano\\\"],\\\"meat\\\":[\\\"Th\\\\u1ecbt b\\\\u00f2 \\\\u00dac\\\",\\\"Th\\\\u1ecbt b\\\\u00f2 xay\\\"],\\\"sauce\\\":[\\\"S\\\\u1ed1t BBQ\\\",\\\"S\\\\u1ed1t ti\\\\u00eau \\\\u0111en\\\"]}\"', 'Món Pizza Bò BBQ đặc biệt', 'Đây là món Pizza Bò BBQ ngon tuyệt', 'selling', NULL, 0, NULL, NULL, '2025-06-02 15:34:44', '2025-06-02 15:34:44'),
(27, 2, 'PZ-00012', 'Pizza Gà Nướng', '157697.00', 11, '\"{\\\"base\\\":[\\\"\\\\u0110\\\\u1ebf b\\\\u00e1nh pizza\\\",\\\"S\\\\u1ed1t c\\\\u00e0 chua\\\",\\\"Ph\\\\u00f4 mai Mozzarella\\\"],\\\"vegetables\\\":[\\\"\\\\u1edat chu\\\\u00f4ng\\\",\\\"N\\\\u1ea5m\\\",\\\"H\\\\u00e0nh t\\\\u00e2y\\\"],\\\"herbs\\\":[\\\"H\\\\u00fang qu\\\\u1ebf\\\",\\\"Oregano\\\"],\\\"meat\\\":[\\\"Th\\\\u1ecbt g\\\\u00e0 phi l\\\\u00ea\\\",\\\"\\\\u1ee8c g\\\\u00e0\\\"]}\"', 'Món Pizza Gà Nướng đặc biệt', 'Đây là món Pizza Gà Nướng ngon tuyệt', 'selling', NULL, 0, NULL, NULL, '2025-06-02 15:34:46', '2025-06-02 15:34:46'),
(28, 2, 'PZ-00013', 'Pizza Hải Sản Cao Cấp', '141622.00', 23, '\"{\\\"base\\\":[\\\"\\\\u0110\\\\u1ebf b\\\\u00e1nh pizza\\\",\\\"S\\\\u1ed1t c\\\\u00e0 chua\\\",\\\"Ph\\\\u00f4 mai Mozzarella\\\"],\\\"vegetables\\\":[\\\"\\\\u1edat chu\\\\u00f4ng\\\",\\\"N\\\\u1ea5m\\\",\\\"H\\\\u00e0nh t\\\\u00e2y\\\"],\\\"herbs\\\":[\\\"H\\\\u00fang qu\\\\u1ebf\\\",\\\"Oregano\\\"],\\\"seafood\\\":[\\\"T\\\\u00f4m\\\",\\\"M\\\\u1ef1c\\\",\\\"C\\\\u00e1 h\\\\u1ed3i\\\"]}\"', 'Món Pizza Hải Sản Cao Cấp đặc biệt', 'Đây là món Pizza Hải Sản Cao Cấp ngon tuyệt', 'selling', NULL, 0, NULL, NULL, '2025-06-02 15:34:47', '2025-06-02 15:34:47'),
(29, 2, 'PZ-00014', 'Pizza Thập Cẩm', '118499.00', 28, '\"{\\\"base\\\":[\\\"\\\\u0110\\\\u1ebf b\\\\u00e1nh pizza\\\",\\\"S\\\\u1ed1t c\\\\u00e0 chua\\\",\\\"Ph\\\\u00f4 mai Mozzarella\\\"],\\\"vegetables\\\":[\\\"\\\\u1edat chu\\\\u00f4ng\\\",\\\"N\\\\u1ea5m\\\",\\\"H\\\\u00e0nh t\\\\u00e2y\\\"],\\\"herbs\\\":[\\\"H\\\\u00fang qu\\\\u1ebf\\\",\\\"Oregano\\\"]}\"', 'Món Pizza Thập Cẩm đặc biệt', 'Đây là món Pizza Thập Cẩm ngon tuyệt', 'selling', NULL, 1, NULL, NULL, '2025-06-02 15:34:49', '2025-06-02 15:34:49'),
(30, 2, 'PZ-00015', 'Pizza Margherita', '62849.00', 20, '\"{\\\"base\\\":[\\\"\\\\u0110\\\\u1ebf b\\\\u00e1nh pizza\\\",\\\"S\\\\u1ed1t c\\\\u00e0 chua\\\",\\\"Ph\\\\u00f4 mai Mozzarella\\\"],\\\"vegetables\\\":[\\\"\\\\u1edat chu\\\\u00f4ng\\\",\\\"N\\\\u1ea5m\\\",\\\"H\\\\u00e0nh t\\\\u00e2y\\\"],\\\"herbs\\\":[\\\"H\\\\u00fang qu\\\\u1ebf\\\",\\\"Oregano\\\"]}\"', 'Món Pizza Margherita đặc biệt', 'Đây là món Pizza Margherita ngon tuyệt', 'selling', NULL, 1, NULL, NULL, '2025-06-02 15:34:51', '2025-06-02 15:34:51'),
(31, 3, 'GR-00001', 'Gà Rán Giòn', '165588.00', 28, '\"{\\\"main\\\":[\\\"Th\\\\u1ecbt g\\\\u00e0 t\\\\u01b0\\\\u01a1i\\\"],\\\"coating\\\":[\\\"B\\\\u1ed9t chi\\\\u00ean x\\\\u00f9\\\",\\\"B\\\\u1ed9t gia v\\\\u1ecb\\\",\\\"D\\\\u1ea7u chi\\\\u00ean\\\"],\\\"spices\\\":[\\\"Mu\\\\u1ed1i\\\",\\\"Ti\\\\u00eau\\\",\\\"B\\\\u1ed9t t\\\\u1ecfi\\\",\\\"B\\\\u1ed9t \\\\u1edbt\\\"],\\\"meat\\\":[\\\"Th\\\\u1ecbt g\\\\u00e0 phi l\\\\u00ea\\\",\\\"\\\\u1ee8c g\\\\u00e0\\\"]}\"', 'Món Gà Rán Giòn đặc biệt', 'Đây là món Gà Rán Giòn ngon tuyệt', 'selling', NULL, 0, NULL, NULL, '2025-06-02 15:34:52', '2025-06-02 15:34:52'),
(32, 3, 'GR-00002', 'Gà Sốt Cay', '64887.00', 22, '\"{\\\"base\\\":[\\\"N\\\\u01b0\\\\u1edbc c\\\\u00f3 ga\\\"],\\\"additives\\\":[\\\"\\\\u0110\\\\u01b0\\\\u1eddng\\\",\\\"\\\\u0110\\\\u00e1 vi\\\\u00ean\\\"]}\"', 'Món Gà Sốt Cay đặc biệt', 'Đây là món Gà Sốt Cay ngon tuyệt', 'selling', NULL, 1, NULL, NULL, '2025-06-02 15:34:52', '2025-06-02 15:34:52'),
(33, 3, 'GR-00003', 'Gà Sốt BBQ', '42862.00', 10, '\"{\\\"base\\\":[\\\"N\\\\u01b0\\\\u1edbc c\\\\u00f3 ga\\\"],\\\"additives\\\":[\\\"\\\\u0110\\\\u01b0\\\\u1eddng\\\",\\\"\\\\u0110\\\\u00e1 vi\\\\u00ean\\\"]}\"', 'Món Gà Sốt BBQ đặc biệt', 'Đây là món Gà Sốt BBQ ngon tuyệt', 'selling', NULL, 0, NULL, NULL, '2025-06-02 15:34:53', '2025-06-02 15:34:53'),
(34, 3, 'GR-00004', 'Gà Không Xương', '152557.00', 21, '\"{\\\"base\\\":[\\\"N\\\\u01b0\\\\u1edbc c\\\\u00f3 ga\\\"],\\\"additives\\\":[\\\"\\\\u0110\\\\u01b0\\\\u1eddng\\\",\\\"\\\\u0110\\\\u00e1 vi\\\\u00ean\\\"]}\"', 'Món Gà Không Xương đặc biệt', 'Đây là món Gà Không Xương ngon tuyệt', 'selling', NULL, 1, NULL, NULL, '2025-06-02 15:34:55', '2025-06-02 15:34:55'),
(35, 3, 'GR-00005', 'Gà Rán Phô Mai', '35863.00', 15, '\"{\\\"main\\\":[\\\"Th\\\\u1ecbt g\\\\u00e0 t\\\\u01b0\\\\u01a1i\\\"],\\\"coating\\\":[\\\"B\\\\u1ed9t chi\\\\u00ean x\\\\u00f9\\\",\\\"B\\\\u1ed9t gia v\\\\u1ecb\\\",\\\"D\\\\u1ea7u chi\\\\u00ean\\\"],\\\"spices\\\":[\\\"Mu\\\\u1ed1i\\\",\\\"Ti\\\\u00eau\\\",\\\"B\\\\u1ed9t t\\\\u1ecfi\\\",\\\"B\\\\u1ed9t \\\\u1edbt\\\"],\\\"meat\\\":[\\\"Th\\\\u1ecbt g\\\\u00e0 phi l\\\\u00ea\\\",\\\"\\\\u1ee8c g\\\\u00e0\\\"],\\\"cheese\\\":[\\\"Ph\\\\u00f4 mai Mozzarella\\\",\\\"Ph\\\\u00f4 mai Cheddar\\\"]}\"', 'Món Gà Rán Phô Mai đặc biệt', 'Đây là món Gà Rán Phô Mai ngon tuyệt', 'selling', NULL, 0, NULL, NULL, '2025-06-02 15:34:55', '2025-06-02 15:34:55'),
(36, 3, 'GR-00006', 'Gà Sốt Teriyaki', '41743.00', 10, '\"{\\\"base\\\":[\\\"N\\\\u01b0\\\\u1edbc c\\\\u00f3 ga\\\"],\\\"additives\\\":[\\\"\\\\u0110\\\\u01b0\\\\u1eddng\\\",\\\"\\\\u0110\\\\u00e1 vi\\\\u00ean\\\"]}\"', 'Món Gà Sốt Teriyaki đặc biệt', 'Đây là món Gà Sốt Teriyaki ngon tuyệt', 'selling', NULL, 1, NULL, NULL, '2025-06-02 15:34:58', '2025-06-02 15:34:58'),
(37, 3, 'GR-00007', 'Gà Rán Mật Ong', '192599.00', 26, '\"{\\\"main\\\":[\\\"Th\\\\u1ecbt g\\\\u00e0 t\\\\u01b0\\\\u01a1i\\\"],\\\"coating\\\":[\\\"B\\\\u1ed9t chi\\\\u00ean x\\\\u00f9\\\",\\\"B\\\\u1ed9t gia v\\\\u1ecb\\\",\\\"D\\\\u1ea7u chi\\\\u00ean\\\"],\\\"spices\\\":[\\\"Mu\\\\u1ed1i\\\",\\\"Ti\\\\u00eau\\\",\\\"B\\\\u1ed9t t\\\\u1ecfi\\\",\\\"B\\\\u1ed9t \\\\u1edbt\\\"],\\\"meat\\\":[\\\"Th\\\\u1ecbt g\\\\u00e0 phi l\\\\u00ea\\\",\\\"\\\\u1ee8c g\\\\u00e0\\\"]}\"', 'Món Gà Rán Mật Ong đặc biệt', 'Đây là món Gà Rán Mật Ong ngon tuyệt', 'selling', NULL, 0, NULL, NULL, '2025-06-02 15:34:58', '2025-06-02 15:34:58'),
(38, 3, 'GR-00008', 'Gà Sốt Tỏi', '140358.00', 26, '\"{\\\"base\\\":[\\\"N\\\\u01b0\\\\u1edbc c\\\\u00f3 ga\\\"],\\\"additives\\\":[\\\"\\\\u0110\\\\u01b0\\\\u1eddng\\\",\\\"\\\\u0110\\\\u00e1 vi\\\\u00ean\\\"]}\"', 'Món Gà Sốt Tỏi đặc biệt', 'Đây là món Gà Sốt Tỏi ngon tuyệt', 'selling', NULL, 1, NULL, NULL, '2025-06-02 15:35:00', '2025-06-02 15:35:00'),
(39, 3, 'GR-00009', 'Gà Rán Original', '94433.00', 26, '\"{\\\"main\\\":[\\\"Th\\\\u1ecbt g\\\\u00e0 t\\\\u01b0\\\\u01a1i\\\"],\\\"coating\\\":[\\\"B\\\\u1ed9t chi\\\\u00ean x\\\\u00f9\\\",\\\"B\\\\u1ed9t gia v\\\\u1ecb\\\",\\\"D\\\\u1ea7u chi\\\\u00ean\\\"],\\\"spices\\\":[\\\"Mu\\\\u1ed1i\\\",\\\"Ti\\\\u00eau\\\",\\\"B\\\\u1ed9t t\\\\u1ecfi\\\",\\\"B\\\\u1ed9t \\\\u1edbt\\\"],\\\"meat\\\":[\\\"Th\\\\u1ecbt g\\\\u00e0 phi l\\\\u00ea\\\",\\\"\\\\u1ee8c g\\\\u00e0\\\"]}\"', 'Món Gà Rán Original đặc biệt', 'Đây là món Gà Rán Original ngon tuyệt', 'selling', NULL, 1, NULL, NULL, '2025-06-02 15:35:00', '2025-06-02 15:35:00'),
(40, 3, 'GR-00010', 'Gà Sốt Cay Ngọt', '82990.00', 17, '\"{\\\"base\\\":[\\\"N\\\\u01b0\\\\u1edbc c\\\\u00f3 ga\\\"],\\\"additives\\\":[\\\"\\\\u0110\\\\u01b0\\\\u1eddng\\\",\\\"\\\\u0110\\\\u00e1 vi\\\\u00ean\\\"]}\"', 'Món Gà Sốt Cay Ngọt đặc biệt', 'Đây là món Gà Sốt Cay Ngọt ngon tuyệt', 'selling', NULL, 0, NULL, NULL, '2025-06-02 15:35:02', '2025-06-02 15:35:02'),
(41, 3, 'GR-00011', 'Gà Rán Giòn Cay', '198224.00', 15, '\"{\\\"main\\\":[\\\"Th\\\\u1ecbt g\\\\u00e0 t\\\\u01b0\\\\u01a1i\\\"],\\\"coating\\\":[\\\"B\\\\u1ed9t chi\\\\u00ean x\\\\u00f9\\\",\\\"B\\\\u1ed9t gia v\\\\u1ecb\\\",\\\"D\\\\u1ea7u chi\\\\u00ean\\\"],\\\"spices\\\":[\\\"\\\\u1edat t\\\\u01b0\\\\u01a1i\\\",\\\"B\\\\u1ed9t \\\\u1edbt\\\",\\\"S\\\\u1ed1t cay\\\"],\\\"meat\\\":[\\\"Th\\\\u1ecbt g\\\\u00e0 phi l\\\\u00ea\\\",\\\"\\\\u1ee8c g\\\\u00e0\\\"]}\"', 'Món Gà Rán Giòn Cay đặc biệt', 'Đây là món Gà Rán Giòn Cay ngon tuyệt', 'selling', NULL, 1, NULL, NULL, '2025-06-02 15:35:03', '2025-06-02 15:35:03'),
(42, 3, 'GR-00012', 'Gà Nướng BBQ', '66088.00', 27, '\"{\\\"base\\\":[\\\"N\\\\u01b0\\\\u1edbc c\\\\u00f3 ga\\\"],\\\"additives\\\":[\\\"\\\\u0110\\\\u01b0\\\\u1eddng\\\",\\\"\\\\u0110\\\\u00e1 vi\\\\u00ean\\\"]}\"', 'Món Gà Nướng BBQ đặc biệt', 'Đây là món Gà Nướng BBQ ngon tuyệt', 'selling', NULL, 0, NULL, NULL, '2025-06-02 15:35:06', '2025-06-02 15:35:06'),
(43, 3, 'GR-00013', 'Gà Sốt Phô Mai', '67804.00', 18, '\"{\\\"base\\\":[\\\"N\\\\u01b0\\\\u1edbc c\\\\u00f3 ga\\\"],\\\"additives\\\":[\\\"\\\\u0110\\\\u01b0\\\\u1eddng\\\",\\\"\\\\u0110\\\\u00e1 vi\\\\u00ean\\\"]}\"', 'Món Gà Sốt Phô Mai đặc biệt', 'Đây là món Gà Sốt Phô Mai ngon tuyệt', 'selling', NULL, 1, NULL, NULL, '2025-06-02 15:35:06', '2025-06-02 15:35:06'),
(44, 3, 'GR-00014', 'Gà Rán Không Cay', '187365.00', 13, '\"{\\\"main\\\":[\\\"Th\\\\u1ecbt g\\\\u00e0 t\\\\u01b0\\\\u01a1i\\\"],\\\"coating\\\":[\\\"B\\\\u1ed9t chi\\\\u00ean x\\\\u00f9\\\",\\\"B\\\\u1ed9t gia v\\\\u1ecb\\\",\\\"D\\\\u1ea7u chi\\\\u00ean\\\"],\\\"spices\\\":[\\\"\\\\u1edat t\\\\u01b0\\\\u01a1i\\\",\\\"B\\\\u1ed9t \\\\u1edbt\\\",\\\"S\\\\u1ed1t cay\\\"],\\\"meat\\\":[\\\"Th\\\\u1ecbt g\\\\u00e0 phi l\\\\u00ea\\\",\\\"\\\\u1ee8c g\\\\u00e0\\\"]}\"', 'Món Gà Rán Không Cay đặc biệt', 'Đây là món Gà Rán Không Cay ngon tuyệt', 'selling', NULL, 1, NULL, NULL, '2025-06-02 15:35:08', '2025-06-02 15:35:08'),
(45, 3, 'GR-00015', 'Gà Rán Sốt Đặc Biệt', '168143.00', 20, '\"{\\\"main\\\":[\\\"Th\\\\u1ecbt g\\\\u00e0 t\\\\u01b0\\\\u01a1i\\\"],\\\"coating\\\":[\\\"B\\\\u1ed9t chi\\\\u00ean x\\\\u00f9\\\",\\\"B\\\\u1ed9t gia v\\\\u1ecb\\\",\\\"D\\\\u1ea7u chi\\\\u00ean\\\"],\\\"spices\\\":[\\\"Mu\\\\u1ed1i\\\",\\\"Ti\\\\u00eau\\\",\\\"B\\\\u1ed9t t\\\\u1ecfi\\\",\\\"B\\\\u1ed9t \\\\u1edbt\\\"],\\\"meat\\\":[\\\"Th\\\\u1ecbt g\\\\u00e0 phi l\\\\u00ea\\\",\\\"\\\\u1ee8c g\\\\u00e0\\\"]}\"', 'Món Gà Rán Sốt Đặc Biệt đặc biệt', 'Đây là món Gà Rán Sốt Đặc Biệt ngon tuyệt', 'selling', NULL, 0, NULL, NULL, '2025-06-02 15:35:08', '2025-06-02 15:35:08'),
(46, 4, 'CM-00001', 'Cơm Gà Rán', '110426.00', 13, '\"{\\\"main\\\":[\\\"Th\\\\u1ecbt g\\\\u00e0 t\\\\u01b0\\\\u01a1i\\\"],\\\"coating\\\":[\\\"B\\\\u1ed9t chi\\\\u00ean x\\\\u00f9\\\",\\\"B\\\\u1ed9t gia v\\\\u1ecb\\\",\\\"D\\\\u1ea7u chi\\\\u00ean\\\"],\\\"spices\\\":[\\\"Mu\\\\u1ed1i\\\",\\\"Ti\\\\u00eau\\\",\\\"B\\\\u1ed9t t\\\\u1ecfi\\\",\\\"B\\\\u1ed9t \\\\u1edbt\\\"],\\\"meat\\\":[\\\"Th\\\\u1ecbt g\\\\u00e0 phi l\\\\u00ea\\\",\\\"\\\\u1ee8c g\\\\u00e0\\\"]}\"', 'Món Cơm Gà Rán đặc biệt', 'Đây là món Cơm Gà Rán ngon tuyệt', 'selling', NULL, 1, NULL, NULL, '2025-06-02 15:35:10', '2025-06-02 15:35:10'),
(47, 4, 'CM-00002', 'Cơm Bò Lúc Lắc', '108923.00', 27, '\"{\\\"base\\\":[\\\"C\\\\u01a1m tr\\\\u1eafng\\\"],\\\"vegetables\\\":[\\\"C\\\\u00e0 r\\\\u1ed1t\\\",\\\"\\\\u0110\\\\u1eadu que\\\",\\\"B\\\\u1eafp c\\\\u1ea3i\\\"],\\\"spices\\\":[\\\"Mu\\\\u1ed1i\\\",\\\"Ti\\\\u00eau\\\",\\\"D\\\\u1ea7u h\\\\u00e0o\\\"],\\\"meat\\\":[\\\"Th\\\\u1ecbt b\\\\u00f2 \\\\u00dac\\\",\\\"Th\\\\u1ecbt b\\\\u00f2 xay\\\"]}\"', 'Món Cơm Bò Lúc Lắc đặc biệt', 'Đây là món Cơm Bò Lúc Lắc ngon tuyệt', 'selling', NULL, 0, NULL, NULL, '2025-06-02 15:35:11', '2025-06-02 15:35:11'),
(48, 4, 'CM-00003', 'Cơm Sườn BBQ', '65497.00', 21, '\"{\\\"base\\\":[\\\"C\\\\u01a1m tr\\\\u1eafng\\\"],\\\"vegetables\\\":[\\\"C\\\\u00e0 r\\\\u1ed1t\\\",\\\"\\\\u0110\\\\u1eadu que\\\",\\\"B\\\\u1eafp c\\\\u1ea3i\\\"],\\\"spices\\\":[\\\"Mu\\\\u1ed1i\\\",\\\"Ti\\\\u00eau\\\",\\\"D\\\\u1ea7u h\\\\u00e0o\\\"],\\\"sauce\\\":[\\\"S\\\\u1ed1t BBQ\\\",\\\"S\\\\u1ed1t ti\\\\u00eau \\\\u0111en\\\"],\\\"meat\\\":[\\\"S\\\\u01b0\\\\u1eddn heo\\\",\\\"S\\\\u01b0\\\\u1eddn non\\\"]}\"', 'Món Cơm Sườn BBQ đặc biệt', 'Đây là món Cơm Sườn BBQ ngon tuyệt', 'selling', NULL, 1, NULL, NULL, '2025-06-02 15:35:13', '2025-06-02 15:35:13'),
(49, 4, 'CM-00004', 'Cơm Gà Teriyaki', '173228.00', 29, '\"{\\\"base\\\":[\\\"C\\\\u01a1m tr\\\\u1eafng\\\"],\\\"vegetables\\\":[\\\"C\\\\u00e0 r\\\\u1ed1t\\\",\\\"\\\\u0110\\\\u1eadu que\\\",\\\"B\\\\u1eafp c\\\\u1ea3i\\\"],\\\"spices\\\":[\\\"Mu\\\\u1ed1i\\\",\\\"Ti\\\\u00eau\\\",\\\"D\\\\u1ea7u h\\\\u00e0o\\\"],\\\"meat\\\":[\\\"Th\\\\u1ecbt g\\\\u00e0 phi l\\\\u00ea\\\",\\\"\\\\u1ee8c g\\\\u00e0\\\"]}\"', 'Món Cơm Gà Teriyaki đặc biệt', 'Đây là món Cơm Gà Teriyaki ngon tuyệt', 'selling', NULL, 1, NULL, NULL, '2025-06-02 15:35:16', '2025-06-02 15:35:16'),
(50, 4, 'CM-00005', 'Cơm Bò Xào', '191796.00', 12, '\"{\\\"base\\\":[\\\"C\\\\u01a1m tr\\\\u1eafng\\\"],\\\"vegetables\\\":[\\\"C\\\\u00e0 r\\\\u1ed1t\\\",\\\"\\\\u0110\\\\u1eadu que\\\",\\\"B\\\\u1eafp c\\\\u1ea3i\\\"],\\\"spices\\\":[\\\"Mu\\\\u1ed1i\\\",\\\"Ti\\\\u00eau\\\",\\\"D\\\\u1ea7u h\\\\u00e0o\\\"],\\\"meat\\\":[\\\"Th\\\\u1ecbt b\\\\u00f2 \\\\u00dac\\\",\\\"Th\\\\u1ecbt b\\\\u00f2 xay\\\"]}\"', 'Món Cơm Bò Xào đặc biệt', 'Đây là món Cơm Bò Xào ngon tuyệt', 'selling', NULL, 0, NULL, NULL, '2025-06-02 15:35:17', '2025-06-02 15:35:17'),
(51, 4, 'CM-00006', 'Cơm Gà Xối Mỡ', '124901.00', 27, '\"{\\\"base\\\":[\\\"C\\\\u01a1m tr\\\\u1eafng\\\"],\\\"vegetables\\\":[\\\"C\\\\u00e0 r\\\\u1ed1t\\\",\\\"\\\\u0110\\\\u1eadu que\\\",\\\"B\\\\u1eafp c\\\\u1ea3i\\\"],\\\"spices\\\":[\\\"Mu\\\\u1ed1i\\\",\\\"Ti\\\\u00eau\\\",\\\"D\\\\u1ea7u h\\\\u00e0o\\\"],\\\"meat\\\":[\\\"Th\\\\u1ecbt g\\\\u00e0 phi l\\\\u00ea\\\",\\\"\\\\u1ee8c g\\\\u00e0\\\"]}\"', 'Món Cơm Gà Xối Mỡ đặc biệt', 'Đây là món Cơm Gà Xối Mỡ ngon tuyệt', 'selling', NULL, 1, NULL, NULL, '2025-06-02 15:35:18', '2025-06-02 15:35:18'),
(52, 4, 'CM-00007', 'Cơm Bò BBQ', '135274.00', 15, '\"{\\\"base\\\":[\\\"C\\\\u01a1m tr\\\\u1eafng\\\"],\\\"vegetables\\\":[\\\"C\\\\u00e0 r\\\\u1ed1t\\\",\\\"\\\\u0110\\\\u1eadu que\\\",\\\"B\\\\u1eafp c\\\\u1ea3i\\\"],\\\"spices\\\":[\\\"Mu\\\\u1ed1i\\\",\\\"Ti\\\\u00eau\\\",\\\"D\\\\u1ea7u h\\\\u00e0o\\\"],\\\"meat\\\":[\\\"Th\\\\u1ecbt b\\\\u00f2 \\\\u00dac\\\",\\\"Th\\\\u1ecbt b\\\\u00f2 xay\\\"],\\\"sauce\\\":[\\\"S\\\\u1ed1t BBQ\\\",\\\"S\\\\u1ed1t ti\\\\u00eau \\\\u0111en\\\"]}\"', 'Món Cơm Bò BBQ đặc biệt', 'Đây là món Cơm Bò BBQ ngon tuyệt', 'selling', NULL, 0, NULL, NULL, '2025-06-02 15:35:19', '2025-06-02 15:35:19'),
(53, 4, 'CM-00008', 'Cơm Sườn Cay', '157881.00', 11, '\"{\\\"base\\\":[\\\"C\\\\u01a1m tr\\\\u1eafng\\\"],\\\"vegetables\\\":[\\\"C\\\\u00e0 r\\\\u1ed1t\\\",\\\"\\\\u0110\\\\u1eadu que\\\",\\\"B\\\\u1eafp c\\\\u1ea3i\\\"],\\\"spices\\\":[\\\"\\\\u1edat t\\\\u01b0\\\\u01a1i\\\",\\\"B\\\\u1ed9t \\\\u1edbt\\\",\\\"S\\\\u1ed1t cay\\\"],\\\"meat\\\":[\\\"S\\\\u01b0\\\\u1eddn heo\\\",\\\"S\\\\u01b0\\\\u1eddn non\\\"]}\"', 'Món Cơm Sườn Cay đặc biệt', 'Đây là món Cơm Sườn Cay ngon tuyệt', 'selling', NULL, 1, NULL, NULL, '2025-06-02 15:35:20', '2025-06-02 15:35:20'),
(54, 4, 'CM-00009', 'Cơm Gà Nướng', '181977.00', 24, '\"{\\\"base\\\":[\\\"C\\\\u01a1m tr\\\\u1eafng\\\"],\\\"vegetables\\\":[\\\"C\\\\u00e0 r\\\\u1ed1t\\\",\\\"\\\\u0110\\\\u1eadu que\\\",\\\"B\\\\u1eafp c\\\\u1ea3i\\\"],\\\"spices\\\":[\\\"Mu\\\\u1ed1i\\\",\\\"Ti\\\\u00eau\\\",\\\"D\\\\u1ea7u h\\\\u00e0o\\\"],\\\"meat\\\":[\\\"Th\\\\u1ecbt g\\\\u00e0 phi l\\\\u00ea\\\",\\\"\\\\u1ee8c g\\\\u00e0\\\"]}\"', 'Món Cơm Gà Nướng đặc biệt', 'Đây là món Cơm Gà Nướng ngon tuyệt', 'selling', NULL, 1, NULL, NULL, '2025-06-02 15:35:21', '2025-06-02 15:35:21'),
(55, 4, 'CM-00010', 'Cơm Bò Trứng', '160700.00', 22, '\"{\\\"base\\\":[\\\"C\\\\u01a1m tr\\\\u1eafng\\\"],\\\"vegetables\\\":[\\\"C\\\\u00e0 r\\\\u1ed1t\\\",\\\"\\\\u0110\\\\u1eadu que\\\",\\\"B\\\\u1eafp c\\\\u1ea3i\\\"],\\\"spices\\\":[\\\"Mu\\\\u1ed1i\\\",\\\"Ti\\\\u00eau\\\",\\\"D\\\\u1ea7u h\\\\u00e0o\\\"],\\\"meat\\\":[\\\"Th\\\\u1ecbt b\\\\u00f2 \\\\u00dac\\\",\\\"Th\\\\u1ecbt b\\\\u00f2 xay\\\"]}\"', 'Món Cơm Bò Trứng đặc biệt', 'Đây là món Cơm Bò Trứng ngon tuyệt', 'selling', NULL, 1, NULL, NULL, '2025-06-02 15:35:22', '2025-06-02 15:35:22'),
(56, 4, 'CM-00011', 'Cơm Gà Sốt Cay', '65977.00', 16, '\"{\\\"base\\\":[\\\"C\\\\u01a1m tr\\\\u1eafng\\\"],\\\"vegetables\\\":[\\\"C\\\\u00e0 r\\\\u1ed1t\\\",\\\"\\\\u0110\\\\u1eadu que\\\",\\\"B\\\\u1eafp c\\\\u1ea3i\\\"],\\\"spices\\\":[\\\"\\\\u1edat t\\\\u01b0\\\\u01a1i\\\",\\\"B\\\\u1ed9t \\\\u1edbt\\\",\\\"S\\\\u1ed1t cay\\\"],\\\"meat\\\":[\\\"Th\\\\u1ecbt g\\\\u00e0 phi l\\\\u00ea\\\",\\\"\\\\u1ee8c g\\\\u00e0\\\"]}\"', 'Món Cơm Gà Sốt Cay đặc biệt', 'Đây là món Cơm Gà Sốt Cay ngon tuyệt', 'selling', NULL, 0, NULL, NULL, '2025-06-02 15:35:23', '2025-06-02 15:35:23'),
(57, 4, 'CM-00012', 'Cơm Sườn Nướng', '77952.00', 20, '\"{\\\"base\\\":[\\\"C\\\\u01a1m tr\\\\u1eafng\\\"],\\\"vegetables\\\":[\\\"C\\\\u00e0 r\\\\u1ed1t\\\",\\\"\\\\u0110\\\\u1eadu que\\\",\\\"B\\\\u1eafp c\\\\u1ea3i\\\"],\\\"spices\\\":[\\\"Mu\\\\u1ed1i\\\",\\\"Ti\\\\u00eau\\\",\\\"D\\\\u1ea7u h\\\\u00e0o\\\"],\\\"meat\\\":[\\\"S\\\\u01b0\\\\u1eddn heo\\\",\\\"S\\\\u01b0\\\\u1eddn non\\\"]}\"', 'Món Cơm Sườn Nướng đặc biệt', 'Đây là món Cơm Sườn Nướng ngon tuyệt', 'selling', NULL, 0, NULL, NULL, '2025-06-02 15:35:23', '2025-06-02 15:35:23'),
(58, 4, 'CM-00013', 'Cơm Bò Nướng', '44218.00', 16, '\"{\\\"base\\\":[\\\"C\\\\u01a1m tr\\\\u1eafng\\\"],\\\"vegetables\\\":[\\\"C\\\\u00e0 r\\\\u1ed1t\\\",\\\"\\\\u0110\\\\u1eadu que\\\",\\\"B\\\\u1eafp c\\\\u1ea3i\\\"],\\\"spices\\\":[\\\"Mu\\\\u1ed1i\\\",\\\"Ti\\\\u00eau\\\",\\\"D\\\\u1ea7u h\\\\u00e0o\\\"],\\\"meat\\\":[\\\"Th\\\\u1ecbt b\\\\u00f2 \\\\u00dac\\\",\\\"Th\\\\u1ecbt b\\\\u00f2 xay\\\"]}\"', 'Món Cơm Bò Nướng đặc biệt', 'Đây là món Cơm Bò Nướng ngon tuyệt', 'selling', NULL, 0, NULL, NULL, '2025-06-02 15:35:24', '2025-06-02 15:35:24'),
(59, 4, 'CM-00014', 'Cơm Gà Chiên', '57554.00', 28, '\"{\\\"base\\\":[\\\"C\\\\u01a1m tr\\\\u1eafng\\\"],\\\"vegetables\\\":[\\\"C\\\\u00e0 r\\\\u1ed1t\\\",\\\"\\\\u0110\\\\u1eadu que\\\",\\\"B\\\\u1eafp c\\\\u1ea3i\\\"],\\\"spices\\\":[\\\"Mu\\\\u1ed1i\\\",\\\"Ti\\\\u00eau\\\",\\\"D\\\\u1ea7u h\\\\u00e0o\\\"],\\\"meat\\\":[\\\"Th\\\\u1ecbt g\\\\u00e0 phi l\\\\u00ea\\\",\\\"\\\\u1ee8c g\\\\u00e0\\\"]}\"', 'Món Cơm Gà Chiên đặc biệt', 'Đây là món Cơm Gà Chiên ngon tuyệt', 'selling', NULL, 1, NULL, NULL, '2025-06-02 15:35:25', '2025-06-02 15:35:25'),
(60, 4, 'CM-00015', 'Cơm Đùi Gà Chiên', '73128.00', 18, '\"{\\\"base\\\":[\\\"C\\\\u01a1m tr\\\\u1eafng\\\"],\\\"vegetables\\\":[\\\"C\\\\u00e0 r\\\\u1ed1t\\\",\\\"\\\\u0110\\\\u1eadu que\\\",\\\"B\\\\u1eafp c\\\\u1ea3i\\\"],\\\"spices\\\":[\\\"Mu\\\\u1ed1i\\\",\\\"Ti\\\\u00eau\\\",\\\"D\\\\u1ea7u h\\\\u00e0o\\\"],\\\"meat\\\":[\\\"Th\\\\u1ecbt g\\\\u00e0 phi l\\\\u00ea\\\",\\\"\\\\u1ee8c g\\\\u00e0\\\"]}\"', 'Món Cơm Đùi Gà Chiên đặc biệt', 'Đây là món Cơm Đùi Gà Chiên ngon tuyệt', 'selling', NULL, 1, NULL, NULL, '2025-06-02 15:35:27', '2025-06-02 15:35:27'),
(61, 5, 'MI-00001', 'Mì Ý Sốt Bò', '68209.00', 28, '\"{\\\"base\\\":[\\\"M\\\\u00ec \\\\u00dd\\\",\\\"S\\\\u1ed1t c\\\\u00e0 chua\\\"],\\\"vegetables\\\":[\\\"C\\\\u00e0 r\\\\u1ed1t\\\",\\\"N\\\\u1ea5m\\\",\\\"H\\\\u00e0nh t\\\\u00e2y\\\"],\\\"spices\\\":[\\\"Mu\\\\u1ed1i\\\",\\\"Ti\\\\u00eau\\\",\\\"Oregano\\\"],\\\"meat\\\":[\\\"Th\\\\u1ecbt b\\\\u00f2 \\\\u00dac\\\",\\\"Th\\\\u1ecbt b\\\\u00f2 xay\\\"]}\"', 'Món Mì Ý Sốt Bò đặc biệt', 'Đây là món Mì Ý Sốt Bò ngon tuyệt', 'selling', NULL, 0, NULL, NULL, '2025-06-02 15:35:28', '2025-06-02 15:35:28'),
(62, 5, 'MI-00002', 'Mì Ý Hải Sản', '175756.00', 11, '\"{\\\"base\\\":[\\\"M\\\\u00ec \\\\u00dd\\\",\\\"S\\\\u1ed1t c\\\\u00e0 chua\\\"],\\\"vegetables\\\":[\\\"C\\\\u00e0 r\\\\u1ed1t\\\",\\\"N\\\\u1ea5m\\\",\\\"H\\\\u00e0nh t\\\\u00e2y\\\"],\\\"spices\\\":[\\\"Mu\\\\u1ed1i\\\",\\\"Ti\\\\u00eau\\\",\\\"Oregano\\\"],\\\"seafood\\\":[\\\"T\\\\u00f4m\\\",\\\"M\\\\u1ef1c\\\",\\\"C\\\\u00e1 h\\\\u1ed3i\\\"]}\"', 'Món Mì Ý Hải Sản đặc biệt', 'Đây là món Mì Ý Hải Sản ngon tuyệt', 'selling', NULL, 0, NULL, NULL, '2025-06-02 15:35:30', '2025-06-02 15:35:30'),
(63, 5, 'MI-00003', 'Mì Ý Gà', '161632.00', 11, '\"{\\\"base\\\":[\\\"M\\\\u00ec \\\\u00dd\\\",\\\"S\\\\u1ed1t c\\\\u00e0 chua\\\"],\\\"vegetables\\\":[\\\"C\\\\u00e0 r\\\\u1ed1t\\\",\\\"N\\\\u1ea5m\\\",\\\"H\\\\u00e0nh t\\\\u00e2y\\\"],\\\"spices\\\":[\\\"Mu\\\\u1ed1i\\\",\\\"Ti\\\\u00eau\\\",\\\"Oregano\\\"],\\\"meat\\\":[\\\"Th\\\\u1ecbt g\\\\u00e0 phi l\\\\u00ea\\\",\\\"\\\\u1ee8c g\\\\u00e0\\\"]}\"', 'Món Mì Ý Gà đặc biệt', 'Đây là món Mì Ý Gà ngon tuyệt', 'selling', NULL, 0, NULL, NULL, '2025-06-02 15:35:31', '2025-06-02 15:35:31'),
(64, 5, 'MI-00004', 'Mì Ý Carbonara', '145097.00', 11, '\"{\\\"base\\\":[\\\"M\\\\u00ec \\\\u00dd\\\",\\\"S\\\\u1ed1t c\\\\u00e0 chua\\\"],\\\"vegetables\\\":[\\\"C\\\\u00e0 r\\\\u1ed1t\\\",\\\"N\\\\u1ea5m\\\",\\\"H\\\\u00e0nh t\\\\u00e2y\\\"],\\\"spices\\\":[\\\"Mu\\\\u1ed1i\\\",\\\"Ti\\\\u00eau\\\",\\\"Oregano\\\"]}\"', 'Món Mì Ý Carbonara đặc biệt', 'Đây là món Mì Ý Carbonara ngon tuyệt', 'selling', NULL, 1, NULL, NULL, '2025-06-02 15:35:32', '2025-06-02 15:35:32'),
(65, 5, 'MI-00005', 'Mì Xào Hải Sản', '108477.00', 16, '\"{\\\"base\\\":[\\\"M\\\\u00ec \\\\u00dd\\\",\\\"S\\\\u1ed1t c\\\\u00e0 chua\\\"],\\\"vegetables\\\":[\\\"C\\\\u00e0 r\\\\u1ed1t\\\",\\\"N\\\\u1ea5m\\\",\\\"H\\\\u00e0nh t\\\\u00e2y\\\"],\\\"spices\\\":[\\\"Mu\\\\u1ed1i\\\",\\\"Ti\\\\u00eau\\\",\\\"Oregano\\\"],\\\"seafood\\\":[\\\"T\\\\u00f4m\\\",\\\"M\\\\u1ef1c\\\",\\\"C\\\\u00e1 h\\\\u1ed3i\\\"]}\"', 'Món Mì Xào Hải Sản đặc biệt', 'Đây là món Mì Xào Hải Sản ngon tuyệt', 'selling', NULL, 1, NULL, NULL, '2025-06-02 15:35:33', '2025-06-02 15:35:33'),
(66, 5, 'MI-00006', 'Mì Ý Sốt Kem', '176375.00', 18, '\"{\\\"base\\\":[\\\"M\\\\u00ec \\\\u00dd\\\",\\\"S\\\\u1ed1t c\\\\u00e0 chua\\\"],\\\"vegetables\\\":[\\\"C\\\\u00e0 r\\\\u1ed1t\\\",\\\"N\\\\u1ea5m\\\",\\\"H\\\\u00e0nh t\\\\u00e2y\\\"],\\\"spices\\\":[\\\"Mu\\\\u1ed1i\\\",\\\"Ti\\\\u00eau\\\",\\\"Oregano\\\"]}\"', 'Món Mì Ý Sốt Kem đặc biệt', 'Đây là món Mì Ý Sốt Kem ngon tuyệt', 'selling', NULL, 1, NULL, NULL, '2025-06-02 15:35:34', '2025-06-02 15:35:34'),
(67, 5, 'MI-00007', 'Mì Xào Bò', '109950.00', 24, '\"{\\\"base\\\":[\\\"M\\\\u00ec \\\\u00dd\\\",\\\"S\\\\u1ed1t c\\\\u00e0 chua\\\"],\\\"vegetables\\\":[\\\"C\\\\u00e0 r\\\\u1ed1t\\\",\\\"N\\\\u1ea5m\\\",\\\"H\\\\u00e0nh t\\\\u00e2y\\\"],\\\"spices\\\":[\\\"Mu\\\\u1ed1i\\\",\\\"Ti\\\\u00eau\\\",\\\"Oregano\\\"],\\\"meat\\\":[\\\"Th\\\\u1ecbt b\\\\u00f2 \\\\u00dac\\\",\\\"Th\\\\u1ecbt b\\\\u00f2 xay\\\"]}\"', 'Món Mì Xào Bò đặc biệt', 'Đây là món Mì Xào Bò ngon tuyệt', 'selling', NULL, 1, NULL, NULL, '2025-06-02 15:35:35', '2025-06-02 15:35:35'),
(68, 5, 'MI-00008', 'Mì Ý Sốt Cà Chua', '87343.00', 25, '\"{\\\"base\\\":[\\\"M\\\\u00ec \\\\u00dd\\\",\\\"S\\\\u1ed1t c\\\\u00e0 chua\\\"],\\\"vegetables\\\":[\\\"C\\\\u00e0 r\\\\u1ed1t\\\",\\\"N\\\\u1ea5m\\\",\\\"H\\\\u00e0nh t\\\\u00e2y\\\"],\\\"spices\\\":[\\\"Mu\\\\u1ed1i\\\",\\\"Ti\\\\u00eau\\\",\\\"Oregano\\\"]}\"', 'Món Mì Ý Sốt Cà Chua đặc biệt', 'Đây là món Mì Ý Sốt Cà Chua ngon tuyệt', 'selling', NULL, 0, NULL, NULL, '2025-06-02 15:35:37', '2025-06-02 15:35:37'),
(69, 5, 'MI-00009', 'Mì Xào Gà', '146322.00', 11, '\"{\\\"base\\\":[\\\"M\\\\u00ec \\\\u00dd\\\",\\\"S\\\\u1ed1t c\\\\u00e0 chua\\\"],\\\"vegetables\\\":[\\\"C\\\\u00e0 r\\\\u1ed1t\\\",\\\"N\\\\u1ea5m\\\",\\\"H\\\\u00e0nh t\\\\u00e2y\\\"],\\\"spices\\\":[\\\"Mu\\\\u1ed1i\\\",\\\"Ti\\\\u00eau\\\",\\\"Oregano\\\"],\\\"meat\\\":[\\\"Th\\\\u1ecbt g\\\\u00e0 phi l\\\\u00ea\\\",\\\"\\\\u1ee8c g\\\\u00e0\\\"]}\"', 'Món Mì Xào Gà đặc biệt', 'Đây là món Mì Xào Gà ngon tuyệt', 'selling', NULL, 0, NULL, NULL, '2025-06-02 15:35:39', '2025-06-02 15:35:39'),
(70, 5, 'MI-00010', 'Mì Ý Sốt Nấm', '157309.00', 12, '\"{\\\"base\\\":[\\\"M\\\\u00ec \\\\u00dd\\\",\\\"S\\\\u1ed1t c\\\\u00e0 chua\\\"],\\\"vegetables\\\":[\\\"C\\\\u00e0 r\\\\u1ed1t\\\",\\\"N\\\\u1ea5m\\\",\\\"H\\\\u00e0nh t\\\\u00e2y\\\"],\\\"spices\\\":[\\\"Mu\\\\u1ed1i\\\",\\\"Ti\\\\u00eau\\\",\\\"Oregano\\\"]}\"', 'Món Mì Ý Sốt Nấm đặc biệt', 'Đây là món Mì Ý Sốt Nấm ngon tuyệt', 'selling', NULL, 1, NULL, NULL, '2025-06-02 15:35:40', '2025-06-02 15:35:40'),
(71, 5, 'MI-00011', 'Mì Hoàng Kim', '114813.00', 19, '\"{\\\"base\\\":[\\\"M\\\\u00ec \\\\u00dd\\\",\\\"S\\\\u1ed1t c\\\\u00e0 chua\\\"],\\\"vegetables\\\":[\\\"C\\\\u00e0 r\\\\u1ed1t\\\",\\\"N\\\\u1ea5m\\\",\\\"H\\\\u00e0nh t\\\\u00e2y\\\"],\\\"spices\\\":[\\\"Mu\\\\u1ed1i\\\",\\\"Ti\\\\u00eau\\\",\\\"Oregano\\\"]}\"', 'Món Mì Hoàng Kim đặc biệt', 'Đây là món Mì Hoàng Kim ngon tuyệt', 'selling', NULL, 1, NULL, NULL, '2025-06-02 15:35:42', '2025-06-02 15:35:42'),
(72, 5, 'MI-00012', 'Mì Ý Thịt Viên', '167929.00', 28, '\"{\\\"base\\\":[\\\"M\\\\u00ec \\\\u00dd\\\",\\\"S\\\\u1ed1t c\\\\u00e0 chua\\\"],\\\"vegetables\\\":[\\\"C\\\\u00e0 r\\\\u1ed1t\\\",\\\"N\\\\u1ea5m\\\",\\\"H\\\\u00e0nh t\\\\u00e2y\\\"],\\\"spices\\\":[\\\"Mu\\\\u1ed1i\\\",\\\"Ti\\\\u00eau\\\",\\\"Oregano\\\"]}\"', 'Món Mì Ý Thịt Viên đặc biệt', 'Đây là món Mì Ý Thịt Viên ngon tuyệt', 'selling', NULL, 0, NULL, NULL, '2025-06-02 15:35:43', '2025-06-02 15:35:43'),
(73, 5, 'MI-00013', 'Mì Xào Thập Cẩm', '68432.00', 25, '\"{\\\"base\\\":[\\\"M\\\\u00ec \\\\u00dd\\\",\\\"S\\\\u1ed1t c\\\\u00e0 chua\\\"],\\\"vegetables\\\":[\\\"C\\\\u00e0 r\\\\u1ed1t\\\",\\\"N\\\\u1ea5m\\\",\\\"H\\\\u00e0nh t\\\\u00e2y\\\"],\\\"spices\\\":[\\\"Mu\\\\u1ed1i\\\",\\\"Ti\\\\u00eau\\\",\\\"Oregano\\\"]}\"', 'Món Mì Xào Thập Cẩm đặc biệt', 'Đây là món Mì Xào Thập Cẩm ngon tuyệt', 'selling', NULL, 1, NULL, NULL, '2025-06-02 15:35:44', '2025-06-02 15:35:44'),
(74, 5, 'MI-00014', 'Mì Ý Chay', '120711.00', 11, '\"{\\\"base\\\":[\\\"M\\\\u00ec \\\\u00dd\\\",\\\"S\\\\u1ed1t c\\\\u00e0 chua\\\"],\\\"vegetables\\\":[\\\"C\\\\u00e0 r\\\\u1ed1t\\\",\\\"N\\\\u1ea5m\\\",\\\"H\\\\u00e0nh t\\\\u00e2y\\\"],\\\"spices\\\":[\\\"Mu\\\\u1ed1i\\\",\\\"Ti\\\\u00eau\\\",\\\"Oregano\\\"]}\"', 'Món Mì Ý Chay đặc biệt', 'Đây là món Mì Ý Chay ngon tuyệt', 'selling', NULL, 1, NULL, NULL, '2025-06-02 15:35:45', '2025-06-02 15:35:45'),
(75, 5, 'MI-00015', 'Mì Đặc Biệt', '106437.00', 16, '\"{\\\"base\\\":[\\\"M\\\\u00ec \\\\u00dd\\\",\\\"S\\\\u1ed1t c\\\\u00e0 chua\\\"],\\\"vegetables\\\":[\\\"C\\\\u00e0 r\\\\u1ed1t\\\",\\\"N\\\\u1ea5m\\\",\\\"H\\\\u00e0nh t\\\\u00e2y\\\"],\\\"spices\\\":[\\\"Mu\\\\u1ed1i\\\",\\\"Ti\\\\u00eau\\\",\\\"Oregano\\\"]}\"', 'Món Mì Đặc Biệt đặc biệt', 'Đây là món Mì Đặc Biệt ngon tuyệt', 'selling', NULL, 1, NULL, NULL, '2025-06-02 15:35:46', '2025-06-02 15:35:46'),
(76, 6, 'DU-00001', 'Coca Cola', '53624.00', 14, '\"{\\\"base\\\":[\\\"N\\\\u01b0\\\\u1edbc c\\\\u00f3 ga\\\"],\\\"additives\\\":[\\\"\\\\u0110\\\\u01b0\\\\u1eddng\\\",\\\"\\\\u0110\\\\u00e1 vi\\\\u00ean\\\"]}\"', 'Món Coca Cola đặc biệt', 'Đây là món Coca Cola ngon tuyệt', 'selling', NULL, 0, NULL, NULL, '2025-06-02 15:35:48', '2025-06-02 15:35:48'),
(77, 6, 'DU-00002', 'Pepsi', '80666.00', 28, '\"{\\\"base\\\":[\\\"N\\\\u01b0\\\\u1edbc c\\\\u00f3 ga\\\"],\\\"additives\\\":[\\\"\\\\u0110\\\\u01b0\\\\u1eddng\\\",\\\"\\\\u0110\\\\u00e1 vi\\\\u00ean\\\"]}\"', 'Món Pepsi đặc biệt', 'Đây là món Pepsi ngon tuyệt', 'selling', NULL, 1, NULL, NULL, '2025-06-02 15:35:50', '2025-06-02 15:35:50'),
(78, 6, 'DU-00003', '7 Up', '194931.00', 19, '\"{\\\"base\\\":[\\\"N\\\\u01b0\\\\u1edbc c\\\\u00f3 ga\\\"],\\\"additives\\\":[\\\"\\\\u0110\\\\u01b0\\\\u1eddng\\\",\\\"\\\\u0110\\\\u00e1 vi\\\\u00ean\\\"]}\"', 'Món 7 Up đặc biệt', 'Đây là món 7 Up ngon tuyệt', 'selling', NULL, 1, NULL, NULL, '2025-06-02 15:35:51', '2025-06-02 15:35:51'),
(79, 6, 'DU-00004', 'Fanta', '125744.00', 11, '\"{\\\"base\\\":[\\\"N\\\\u01b0\\\\u1edbc c\\\\u00f3 ga\\\"],\\\"additives\\\":[\\\"\\\\u0110\\\\u01b0\\\\u1eddng\\\",\\\"\\\\u0110\\\\u00e1 vi\\\\u00ean\\\"]}\"', 'Món Fanta đặc biệt', 'Đây là món Fanta ngon tuyệt', 'selling', NULL, 0, NULL, NULL, '2025-06-02 15:35:52', '2025-06-02 15:35:52'),
(80, 6, 'DU-00005', 'Trà Đào', '176883.00', 29, '\"{\\\"base\\\":[\\\"Tr\\\\u00e0\\\",\\\"N\\\\u01b0\\\\u1edbc\\\"],\\\"additives\\\":[\\\"\\\\u0110\\\\u01b0\\\\u1eddng\\\",\\\"\\\\u0110\\\\u00e1\\\"],\\\"extras\\\":[\\\"\\\\u0110\\\\u00e0o mi\\\\u1ebfng\\\"]}\"', 'Món Trà Đào đặc biệt', 'Đây là món Trà Đào ngon tuyệt', 'selling', NULL, 1, NULL, NULL, '2025-06-02 15:35:52', '2025-06-02 15:35:52'),
(81, 6, 'DU-00006', 'Trà Vải', '40791.00', 26, '\"{\\\"base\\\":[\\\"Tr\\\\u00e0\\\",\\\"N\\\\u01b0\\\\u1edbc\\\"],\\\"additives\\\":[\\\"\\\\u0110\\\\u01b0\\\\u1eddng\\\",\\\"\\\\u0110\\\\u00e1\\\"],\\\"extras\\\":[\\\"V\\\\u1ea3i thi\\\\u1ec1u\\\"]}\"', 'Món Trà Vải đặc biệt', 'Đây là món Trà Vải ngon tuyệt', 'selling', NULL, 0, NULL, NULL, '2025-06-02 15:35:53', '2025-06-02 15:35:53'),
(82, 6, 'DU-00007', 'Trà Chanh', '112553.00', 26, '\"{\\\"base\\\":[\\\"Tr\\\\u00e0\\\",\\\"N\\\\u01b0\\\\u1edbc\\\"],\\\"additives\\\":[\\\"\\\\u0110\\\\u01b0\\\\u1eddng\\\",\\\"\\\\u0110\\\\u00e1\\\"],\\\"extras\\\":[\\\"Chanh t\\\\u01b0\\\\u01a1i\\\"]}\"', 'Món Trà Chanh đặc biệt', 'Đây là món Trà Chanh ngon tuyệt', 'selling', NULL, 1, NULL, NULL, '2025-06-02 15:35:53', '2025-06-02 15:35:53'),
(83, 6, 'DU-00008', 'Cà Phê Đen', '107871.00', 23, '\"{\\\"base\\\":[\\\"C\\\\u00e0 ph\\\\u00ea nguy\\\\u00ean ch\\\\u1ea5t\\\"],\\\"additives\\\":[\\\"\\\\u0110\\\\u01b0\\\\u1eddng\\\",\\\"\\\\u0110\\\\u00e1\\\"],\\\"extras\\\":[]}\"', 'Món Cà Phê Đen đặc biệt', 'Đây là món Cà Phê Đen ngon tuyệt', 'selling', NULL, 0, NULL, NULL, '2025-06-02 15:35:54', '2025-06-02 15:35:54'),
(84, 6, 'DU-00009', 'Cà Phê Sữa', '104767.00', 21, '\"{\\\"base\\\":[\\\"C\\\\u00e0 ph\\\\u00ea nguy\\\\u00ean ch\\\\u1ea5t\\\"],\\\"additives\\\":[\\\"\\\\u0110\\\\u01b0\\\\u1eddng\\\",\\\"\\\\u0110\\\\u00e1\\\"],\\\"extras\\\":[\\\"S\\\\u1eefa \\\\u0111\\\\u1eb7c\\\"]}\"', 'Món Cà Phê Sữa đặc biệt', 'Đây là món Cà Phê Sữa ngon tuyệt', 'selling', NULL, 0, NULL, NULL, '2025-06-02 15:35:57', '2025-06-02 15:35:57'),
(85, 6, 'DU-00010', 'Sinh Tố Dâu', '48061.00', 24, '\"{\\\"base\\\":[\\\"D\\\\u00e2u t\\\\u00e2y\\\",\\\"S\\\\u1eefa t\\\\u01b0\\\\u01a1i\\\"],\\\"additives\\\":[\\\"\\\\u0110\\\\u01b0\\\\u1eddng\\\",\\\"\\\\u0110\\\\u00e1 vi\\\\u00ean\\\"],\\\"extras\\\":[\\\"S\\\\u1eefa \\\\u0111\\\\u1eb7c\\\"]}\"', 'Món Sinh Tố Dâu đặc biệt', 'Đây là món Sinh Tố Dâu ngon tuyệt', 'selling', NULL, 0, NULL, NULL, '2025-06-02 15:36:00', '2025-06-02 15:36:00'),
(86, 6, 'DU-00011', 'Sinh Tố Bơ', '50035.00', 15, '\"{\\\"base\\\":[\\\"B\\\\u01a1\\\",\\\"S\\\\u1eefa t\\\\u01b0\\\\u01a1i\\\"],\\\"additives\\\":[\\\"\\\\u0110\\\\u01b0\\\\u1eddng\\\",\\\"\\\\u0110\\\\u00e1 vi\\\\u00ean\\\"],\\\"extras\\\":[\\\"S\\\\u1eefa \\\\u0111\\\\u1eb7c\\\"]}\"', 'Món Sinh Tố Bơ đặc biệt', 'Đây là món Sinh Tố Bơ ngon tuyệt', 'selling', NULL, 0, NULL, NULL, '2025-06-02 15:36:01', '2025-06-02 15:36:01'),
(87, 6, 'DU-00012', 'Nước Cam', '50074.00', 20, '\"{\\\"base\\\":[\\\"N\\\\u01b0\\\\u1edbc c\\\\u00f3 ga\\\"],\\\"additives\\\":[\\\"\\\\u0110\\\\u01b0\\\\u1eddng\\\",\\\"\\\\u0110\\\\u00e1 vi\\\\u00ean\\\"]}\"', 'Món Nước Cam đặc biệt', 'Đây là món Nước Cam ngon tuyệt', 'selling', NULL, 0, NULL, NULL, '2025-06-02 15:36:03', '2025-06-02 15:36:03'),
(88, 6, 'DU-00013', 'Nước Ép Táo', '113436.00', 17, '\"{\\\"base\\\":[\\\"N\\\\u01b0\\\\u1edbc c\\\\u00f3 ga\\\"],\\\"additives\\\":[\\\"\\\\u0110\\\\u01b0\\\\u1eddng\\\",\\\"\\\\u0110\\\\u00e1 vi\\\\u00ean\\\"]}\"', 'Món Nước Ép Táo đặc biệt', 'Đây là món Nước Ép Táo ngon tuyệt', 'selling', NULL, 0, NULL, NULL, '2025-06-02 15:36:05', '2025-06-02 15:36:05'),
(89, 6, 'DU-00014', 'Trà Sữa', '195910.00', 26, '\"{\\\"base\\\":[\\\"Tr\\\\u00e0\\\",\\\"N\\\\u01b0\\\\u1edbc\\\"],\\\"additives\\\":[\\\"\\\\u0110\\\\u01b0\\\\u1eddng\\\",\\\"\\\\u0110\\\\u00e1\\\"],\\\"extras\\\":[\\\"Chanh t\\\\u01b0\\\\u01a1i\\\"]}\"', 'Món Trà Sữa đặc biệt', 'Đây là món Trà Sữa ngon tuyệt', 'selling', NULL, 0, NULL, NULL, '2025-06-02 15:36:09', '2025-06-02 15:36:09'),
(90, 6, 'DU-00015', 'Matcha Đá Xay', '83851.00', 21, '\"{\\\"base\\\":[\\\"N\\\\u01b0\\\\u1edbc c\\\\u00f3 ga\\\"],\\\"additives\\\":[\\\"\\\\u0110\\\\u01b0\\\\u1eddng\\\",\\\"\\\\u0110\\\\u00e1 vi\\\\u00ean\\\"]}\"', 'Món Matcha Đá Xay đặc biệt', 'Đây là món Matcha Đá Xay ngon tuyệt', 'selling', NULL, 0, NULL, NULL, '2025-06-02 15:36:12', '2025-06-02 15:36:12');

-- --------------------------------------------------------

--
-- Table structure for table `product_imgs`
--

CREATE TABLE `product_imgs` (
  `id` bigint UNSIGNED NOT NULL,
  `img` varchar(191) COLLATE utf8mb4_unicode_ci DEFAULT NULL,
  `is_primary` tinyint(1) NOT NULL DEFAULT '0',
  `product_id` bigint UNSIGNED NOT NULL,
  `created_at` timestamp NULL DEFAULT NULL,
  `updated_at` timestamp NULL DEFAULT NULL
) ENGINE=InnoDB DEFAULT CHARSET=utf8mb4 COLLATE=utf8mb4_unicode_ci;

--
-- Dumping data for table `product_imgs`
--

INSERT INTO `product_imgs` (`id`, `img`, `is_primary`, `product_id`, `created_at`, `updated_at`) VALUES
(1, 'products/5050470a-bf12-4229-8a47-a516c70dd5ef.jpg', 1, 1, '2025-06-02 15:34:14', '2025-06-02 15:34:14'),
(2, 'products/79473279-cec2-4410-9d1e-f01be86b3b92.jpg', 0, 1, '2025-06-02 15:34:15', '2025-06-02 15:34:15'),
(3, 'products/48fcc817-1795-4c90-8002-794c757ea73f.jpg', 0, 1, '2025-06-02 15:34:15', '2025-06-02 15:34:15'),
(4, 'products/03e70197-8295-4a36-a303-c08189887989.jpg', 1, 2, '2025-06-02 15:34:16', '2025-06-02 15:34:16'),
(5, 'products/2b6fa8da-cba9-43cf-be0e-8656da1a8158.jpg', 0, 2, '2025-06-02 15:34:16', '2025-06-02 15:34:16'),
(6, 'products/default_0.jpg', 1, 3, '2025-06-02 15:34:17', '2025-06-02 15:34:17'),
(7, 'products/9f43680a-62d8-4943-b0a7-729b1797ea48.jpg', 0, 3, '2025-06-02 15:34:17', '2025-06-02 15:34:17'),
(8, 'products/default_2.jpg', 0, 3, '2025-06-02 15:34:17', '2025-06-02 15:34:17'),
(9, 'products/0c4a0471-564b-4059-aeda-e26177fb54ca.jpg', 0, 3, '2025-06-02 15:34:18', '2025-06-02 15:34:18'),
(10, 'products/5b68e38e-ddbf-4c87-b5d8-5dc2146f573e.jpg', 1, 4, '2025-06-02 15:34:18', '2025-06-02 15:34:18'),
(11, 'products/e788a619-3662-4426-aeca-1dc2e92a0dbb.jpg', 0, 4, '2025-06-02 15:34:19', '2025-06-02 15:34:19'),
(12, 'products/b39fe410-c2fe-4e13-883d-ab1fbfd0d450.jpg', 0, 4, '2025-06-02 15:34:19', '2025-06-02 15:34:19'),
(13, 'products/fb96c68b-1f1d-4fa3-af6e-da57f97cab1e.jpg', 0, 4, '2025-06-02 15:34:20', '2025-06-02 15:34:20'),
(14, 'products/5d246f22-99a0-456b-896f-c462f03eee8b.jpg', 1, 5, '2025-06-02 15:34:20', '2025-06-02 15:34:20'),
(15, 'products/ba9144a0-af45-415d-8af1-63d2106ab124.jpg', 0, 5, '2025-06-02 15:34:21', '2025-06-02 15:34:21'),
(16, 'products/7859b13f-08f1-4ca8-be60-eb2f5b3419f4.jpg', 0, 5, '2025-06-02 15:34:21', '2025-06-02 15:34:21'),
(17, 'products/a6bc37f0-54b1-43db-b72c-5b87da07307e.jpg', 1, 6, '2025-06-02 15:34:22', '2025-06-02 15:34:22'),
(18, 'products/30e2282e-a7bf-41a3-bfcb-755218ebc531.jpg', 0, 6, '2025-06-02 15:34:22', '2025-06-02 15:34:22'),
(19, 'products/f11a03c3-ea1d-4c8d-8121-146e1b406638.jpg', 1, 7, '2025-06-02 15:34:23', '2025-06-02 15:34:23'),
(20, 'products/1e621163-ec7a-4107-8767-77fc74c838ee.jpg', 0, 7, '2025-06-02 15:34:23', '2025-06-02 15:34:23'),
(21, 'products/1884d3a2-2417-4462-9b95-96a4ed374f40.jpg', 1, 8, '2025-06-02 15:34:24', '2025-06-02 15:34:24'),
(22, 'products/7878f5a4-876c-44a8-95f0-44c4d57e0b2b.jpg', 0, 8, '2025-06-02 15:34:24', '2025-06-02 15:34:24'),
(23, 'products/a4de9497-9f07-40bb-9abb-46b484b6eaad.jpg', 1, 9, '2025-06-02 15:34:25', '2025-06-02 15:34:25'),
(24, 'products/5de46ecc-7f14-4b76-9256-ada0fb9318e5.jpg', 1, 10, '2025-06-02 15:34:25', '2025-06-02 15:34:25'),
(25, 'products/13925472-fb8b-40aa-b4a3-3d559d71c990.jpg', 0, 10, '2025-06-02 15:34:26', '2025-06-02 15:34:26'),
(26, 'products/21b8e4d5-4c1a-4f8e-8e64-c075cd4eb3b8.jpg', 0, 10, '2025-06-02 15:34:26', '2025-06-02 15:34:26'),
(27, 'products/b6625727-0f70-424e-9f7a-69a104a9656a.jpg', 1, 11, '2025-06-02 15:34:27', '2025-06-02 15:34:27'),
(28, 'products/3780c367-4106-469d-ad76-0c40a69e4cbd.jpg', 0, 11, '2025-06-02 15:34:28', '2025-06-02 15:34:28'),
(29, 'products/26f7b2a2-faff-4764-a730-935d159d257d.jpg', 1, 12, '2025-06-02 15:34:28', '2025-06-02 15:34:28'),
(30, 'products/66b62207-fc48-46b7-8fb7-015c85785774.jpg', 0, 12, '2025-06-02 15:34:29', '2025-06-02 15:34:29'),
(31, 'products/2f2efb87-7cf9-41a5-bd7e-9ac843129ede.jpg', 0, 12, '2025-06-02 15:34:29', '2025-06-02 15:34:29'),
(32, 'products/ef360007-a6e4-4c6a-b74a-6b8548655666.jpg', 0, 12, '2025-06-02 15:34:30', '2025-06-02 15:34:30'),
(33, 'products/2f9c164b-e4b0-4d59-83d1-ae90fb83dadc.jpg', 1, 13, '2025-06-02 15:34:30', '2025-06-02 15:34:30'),
(34, 'products/59e7ce96-08d4-410b-8b23-cb3cb6b61383.jpg', 1, 14, '2025-06-02 15:34:31', '2025-06-02 15:34:31'),
(35, 'products/ad9d7728-fd08-484e-9b51-acb67c8898ca.jpg', 1, 15, '2025-06-02 15:34:31', '2025-06-02 15:34:31'),
(36, 'products/8f9296e2-3970-40fb-8120-1b9e7b6e7eab.jpg', 1, 16, '2025-06-02 15:34:32', '2025-06-02 15:34:32'),
(37, 'products/f3ececeb-040a-41b6-a73c-cad77cd3c8f4.jpg', 0, 16, '2025-06-02 15:34:32', '2025-06-02 15:34:32'),
(38, 'products/0e2492d7-774a-4bb2-b2e2-c837afd26d4e.jpg', 1, 17, '2025-06-02 15:34:33', '2025-06-02 15:34:33'),
(39, 'products/default_1.jpg', 0, 17, '2025-06-02 15:34:33', '2025-06-02 15:34:33'),
(40, 'products/09f722b0-d6f5-4645-956d-cfb8d428f4e8.jpg', 0, 17, '2025-06-02 15:34:34', '2025-06-02 15:34:34'),
(41, 'products/default_3.jpg', 0, 17, '2025-06-02 15:34:35', '2025-06-02 15:34:35'),
(42, 'products/885424ee-7661-494b-8fb2-305f68216613.jpg', 1, 18, '2025-06-02 15:34:35', '2025-06-02 15:34:35'),
(43, 'products/06370cea-dbcc-4fd3-be47-c884ceeaef9f.jpg', 0, 18, '2025-06-02 15:34:36', '2025-06-02 15:34:36'),
(44, 'products/47baede5-3162-4e47-bdd4-d31c15b12407.jpg', 0, 18, '2025-06-02 15:34:37', '2025-06-02 15:34:37'),
(45, 'products/9b92df9c-fe51-46a4-809c-be5287de14fa.jpg', 0, 18, '2025-06-02 15:34:37', '2025-06-02 15:34:37'),
(46, 'products/3982286a-4480-4498-8676-930a80a976d7.jpg', 1, 19, '2025-06-02 15:34:38', '2025-06-02 15:34:38'),
(47, 'products/fd264f28-1575-4de2-a896-e169283c5520.jpg', 1, 20, '2025-06-02 15:34:38', '2025-06-02 15:34:38'),
(48, 'products/9a8db931-01e6-4dd7-8754-fe42edcb7a80.jpg', 0, 20, '2025-06-02 15:34:39', '2025-06-02 15:34:39'),
(49, 'products/267f13be-65fc-4918-8adf-8ec9253db31e.jpg', 0, 20, '2025-06-02 15:34:39', '2025-06-02 15:34:39'),
(50, 'products/420a0ab4-cb88-4591-b9e9-929f598cf85d.jpg', 0, 20, '2025-06-02 15:34:40', '2025-06-02 15:34:40'),
(51, 'products/2e8dde97-fba7-413e-87a1-ce7fe9cc3a18.jpg', 1, 21, '2025-06-02 15:34:40', '2025-06-02 15:34:40'),
(52, 'products/f2fd642e-cb85-4638-989e-9eab38aa5c67.jpg', 1, 22, '2025-06-02 15:34:41', '2025-06-02 15:34:41'),
(53, 'products/1335c192-c0ab-4dc8-a9f0-940d7956fef4.jpg', 1, 23, '2025-06-02 15:34:42', '2025-06-02 15:34:42'),
(54, 'products/18a47054-7a58-45ce-b86b-4653d8ef927e.jpg', 0, 23, '2025-06-02 15:34:42', '2025-06-02 15:34:42'),
(55, 'products/0b6df084-25fd-4c80-9934-5d83f72fb616.jpg', 0, 23, '2025-06-02 15:34:43', '2025-06-02 15:34:43'),
(56, 'products/8bcb22d1-09e9-4bf8-9705-d0346f7aab0d.jpg', 1, 24, '2025-06-02 15:34:43', '2025-06-02 15:34:43'),
(57, 'products/681dd47e-e77b-42ee-9117-c654b7f80186.jpg', 1, 25, '2025-06-02 15:34:44', '2025-06-02 15:34:44'),
(58, 'products/0974d9f5-cad5-4798-a4fa-76eb8db8690d.jpg', 0, 25, '2025-06-02 15:34:44', '2025-06-02 15:34:44'),
(59, 'products/5f5e34e7-1d5b-41d7-b994-107bcb0b247b.jpg', 1, 26, '2025-06-02 15:34:45', '2025-06-02 15:34:45'),
(60, 'products/ba4b64a3-939b-435a-866f-35dfc01f0173.jpg', 0, 26, '2025-06-02 15:34:45', '2025-06-02 15:34:45'),
(61, 'products/90c3759e-d9a9-44a4-afb9-928cc8f6753f.jpg', 0, 26, '2025-06-02 15:34:46', '2025-06-02 15:34:46'),
(62, 'products/b84de8e9-8579-47a1-b992-f961004fd163.jpg', 0, 26, '2025-06-02 15:34:46', '2025-06-02 15:34:46'),
(63, 'products/9552a1f8-7561-4c83-889b-791c4ccba29e.jpg', 1, 27, '2025-06-02 15:34:47', '2025-06-02 15:34:47'),
(64, 'products/152555cd-56a3-4eb2-ac56-e4a82e55eee9.jpg', 0, 27, '2025-06-02 15:34:47', '2025-06-02 15:34:47'),
(65, 'products/542c60da-81ba-4c13-a44d-5cc7fc39653b.jpg', 1, 28, '2025-06-02 15:34:48', '2025-06-02 15:34:48'),
(66, 'products/f69d4393-94cd-4f1d-9b74-f3c9c95e616c.jpg', 0, 28, '2025-06-02 15:34:48', '2025-06-02 15:34:48'),
(67, 'products/21584974-e97e-46ec-a8b1-68fe59e3080c.jpg', 0, 28, '2025-06-02 15:34:49', '2025-06-02 15:34:49'),
(68, 'products/f12dc1de-0724-4eb1-b262-438037836a5a.jpg', 1, 29, '2025-06-02 15:34:49', '2025-06-02 15:34:49'),
(69, 'products/25c2f17b-712f-432f-9daf-59dfbe568297.jpg', 0, 29, '2025-06-02 15:34:50', '2025-06-02 15:34:50'),
(70, 'products/e273c700-7412-428e-bdb7-b4df27d35f3d.jpg', 0, 29, '2025-06-02 15:34:50', '2025-06-02 15:34:50'),
(71, 'products/d86bcc79-4c14-49b1-9aa9-f1f5ef61ca2e.jpg', 0, 29, '2025-06-02 15:34:51', '2025-06-02 15:34:51'),
(72, 'products/9da96441-befe-4118-a75c-4d32c203b390.jpg', 1, 30, '2025-06-02 15:34:52', '2025-06-02 15:34:52'),
(73, 'products/3ef1b53f-43c6-4558-aeab-0e2b01a320e0.jpg', 1, 31, '2025-06-02 15:34:52', '2025-06-02 15:34:52'),
(74, 'products/default_0.jpg', 1, 32, '2025-06-02 15:34:53', '2025-06-02 15:34:53'),
(75, 'products/default_0.jpg', 1, 33, '2025-06-02 15:34:54', '2025-06-02 15:34:54'),
(76, 'products/c7c59f41-060b-4a97-a7c3-1f7279418f87.jpg', 0, 33, '2025-06-02 15:34:54', '2025-06-02 15:34:54'),
(77, 'products/default_2.jpg', 0, 33, '2025-06-02 15:34:55', '2025-06-02 15:34:55'),
(78, 'products/default_0.jpg', 1, 34, '2025-06-02 15:34:55', '2025-06-02 15:34:55'),
(79, 'products/d8baa3a0-5ed4-4ae9-9c76-70e543f62a5e.jpg', 0, 34, '2025-06-02 15:34:55', '2025-06-02 15:34:55'),
(80, 'products/5326a7c3-86c4-4415-8c27-8a09a1ea256a.jpg', 1, 35, '2025-06-02 15:34:56', '2025-06-02 15:34:56'),
(81, 'products/6b474828-75eb-409a-ad38-4d757d8a9374.jpg', 0, 35, '2025-06-02 15:34:56', '2025-06-02 15:34:56'),
(82, 'products/9df74f1c-5ff1-4294-a6b3-77b5c1b2f83e.jpg', 0, 35, '2025-06-02 15:34:57', '2025-06-02 15:34:57'),
(83, 'products/1f088da8-9e65-4d16-b0e8-fae4881da72d.jpg', 0, 35, '2025-06-02 15:34:58', '2025-06-02 15:34:58'),
(84, 'products/default_0.jpg', 1, 36, '2025-06-02 15:34:58', '2025-06-02 15:34:58'),
(85, 'products/c3f19463-cc16-44c7-a26a-3814916d4407.jpg', 0, 36, '2025-06-02 15:34:58', '2025-06-02 15:34:58'),
(86, 'products/a4d5b492-2423-48ef-bd44-01432eeac8f3.jpg', 1, 37, '2025-06-02 15:34:59', '2025-06-02 15:34:59'),
(87, 'products/fef25569-9198-4397-88b1-6fccbbe993e0.jpg', 0, 37, '2025-06-02 15:34:59', '2025-06-02 15:34:59'),
(88, 'products/b811e5fc-9a10-4e20-b346-6ba7fc5a5624.jpg', 0, 37, '2025-06-02 15:35:00', '2025-06-02 15:35:00'),
(89, 'products/default_0.jpg', 1, 38, '2025-06-02 15:35:00', '2025-06-02 15:35:00'),
(90, 'products/5a61af4a-d8fd-41b2-bee3-5c68313a3839.jpg', 1, 39, '2025-06-02 15:35:01', '2025-06-02 15:35:01'),
(91, 'products/1fa25ce7-3804-4e9e-b483-2b9ae9f76a5d.jpg', 0, 39, '2025-06-02 15:35:01', '2025-06-02 15:35:01'),
(92, 'products/e7df3c3e-7440-4c1a-96ab-79ddac9b8278.jpg', 0, 39, '2025-06-02 15:35:02', '2025-06-02 15:35:02'),
(93, 'products/e1b44fdc-de33-4e86-9993-fdb36c82bbfb.jpg', 0, 39, '2025-06-02 15:35:02', '2025-06-02 15:35:02'),
(94, 'products/default_0.jpg', 1, 40, '2025-06-02 15:35:03', '2025-06-02 15:35:03'),
(95, 'products/98ce38b7-3d16-48ee-88a7-82a8baab35fc.jpg', 0, 40, '2025-06-02 15:35:03', '2025-06-02 15:35:03'),
(96, 'products/98de4cb0-f9c2-411f-ad5b-5d0bc263aa50.jpg', 0, 40, '2025-06-02 15:35:03', '2025-06-02 15:35:03'),
(97, 'products/6909d3df-2365-416e-b020-3522ca304117.jpg', 1, 41, '2025-06-02 15:35:04', '2025-06-02 15:35:04'),
(98, 'products/cd525c29-7176-43e7-a3e5-28c70d15b243.jpg', 0, 41, '2025-06-02 15:35:04', '2025-06-02 15:35:04'),
(99, 'products/046d0895-e923-4131-b7e1-7d7a7ab7a74b.jpg', 0, 41, '2025-06-02 15:35:05', '2025-06-02 15:35:05'),
(100, 'products/ff178724-c08e-422d-903c-bf070dfb5211.jpg', 0, 41, '2025-06-02 15:35:06', '2025-06-02 15:35:06'),
(101, 'products/default_0.jpg', 1, 42, '2025-06-02 15:35:06', '2025-06-02 15:35:06'),
(102, 'products/cbbd9589-d8d9-49b2-b2a7-8f8b84af651b.jpg', 0, 42, '2025-06-02 15:35:06', '2025-06-02 15:35:06'),
(103, 'products/default_0.jpg', 1, 43, '2025-06-02 15:35:07', '2025-06-02 15:35:07'),
(104, 'products/5716f62b-3b8e-4599-b70d-3fbb0d3be03f.jpg', 0, 43, '2025-06-02 15:35:07', '2025-06-02 15:35:07'),
(105, 'products/bd5d3c18-f1bf-45cc-94cf-d41f420c6dda.jpg', 0, 43, '2025-06-02 15:35:07', '2025-06-02 15:35:07'),
(106, 'products/default_3.jpg', 0, 43, '2025-06-02 15:35:08', '2025-06-02 15:35:08'),
(107, 'products/fb9a33f9-2d45-4c98-966d-f043238045f0.jpg', 1, 44, '2025-06-02 15:35:08', '2025-06-02 15:35:08'),
(108, 'products/7c4f63eb-aa21-483a-8263-a2224d95fa76.jpg', 1, 45, '2025-06-02 15:35:09', '2025-06-02 15:35:09'),
(109, 'products/01b8145d-dcb8-4728-9a9f-49facfca44cc.jpg', 0, 45, '2025-06-02 15:35:09', '2025-06-02 15:35:09'),
(110, 'products/ad8f29b2-ae31-4f05-8f3d-5a33c198a305.jpg', 0, 45, '2025-06-02 15:35:10', '2025-06-02 15:35:10'),
(111, 'products/550241b4-e75b-4ee4-9ae7-4895c46d8160.jpg', 1, 46, '2025-06-02 15:35:10', '2025-06-02 15:35:10'),
(112, 'products/default_1.jpg', 0, 46, '2025-06-02 15:35:11', '2025-06-02 15:35:11'),
(113, 'products/default_0.jpg', 1, 47, '2025-06-02 15:35:12', '2025-06-02 15:35:12'),
(114, 'products/635974c2-57bc-40eb-90ff-fcd264e9c81b.jpg', 0, 47, '2025-06-02 15:35:12', '2025-06-02 15:35:12'),
(115, 'products/default_2.jpg', 0, 47, '2025-06-02 15:35:13', '2025-06-02 15:35:13'),
(116, 'products/1e573ca4-8b26-4ad8-8dc1-3b16710a1ff9.jpg', 0, 47, '2025-06-02 15:35:13', '2025-06-02 15:35:13'),
(117, 'products/6136e597-be4f-4cdd-b8e8-564a680ed107.jpg', 1, 48, '2025-06-02 15:35:14', '2025-06-02 15:35:14'),
(118, 'products/915aac7e-2e44-4db7-acd1-a0e5b201a11a.jpg', 0, 48, '2025-06-02 15:35:15', '2025-06-02 15:35:15'),
(119, 'products/7cc7ec19-24b3-41f9-a47e-d6a9d61d0b78.jpg', 0, 48, '2025-06-02 15:35:16', '2025-06-02 15:35:16'),
(120, 'products/8ea3346d-f496-4bb0-85dc-1340a9126c2e.jpg', 1, 49, '2025-06-02 15:35:16', '2025-06-02 15:35:16'),
(121, 'products/32fa8e40-6884-4e42-b8ce-51473606d770.jpg', 0, 49, '2025-06-02 15:35:17', '2025-06-02 15:35:17'),
(122, 'products/acaf56d3-ac0a-444a-b95d-ce66ee51b5d2.jpg', 1, 50, '2025-06-02 15:35:17', '2025-06-02 15:35:17'),
(123, 'products/d3c760e7-c837-47b5-b28b-a597526344e6.jpg', 0, 50, '2025-06-02 15:35:18', '2025-06-02 15:35:18'),
(124, 'products/2725018c-fcff-4a54-94cc-0c9dfa720d9c.jpg', 1, 51, '2025-06-02 15:35:19', '2025-06-02 15:35:19'),
(125, 'products/ecbef7e3-341e-47b3-8184-cef9e52c8dc3.jpg', 0, 51, '2025-06-02 15:35:19', '2025-06-02 15:35:19'),
(126, 'products/540ca694-a6f6-44c7-8b4f-115109ee7f74.jpg', 1, 52, '2025-06-02 15:35:20', '2025-06-02 15:35:20'),
(127, 'products/14ae4328-6791-43a5-9be0-6a5f442174b6.jpg', 0, 52, '2025-06-02 15:35:20', '2025-06-02 15:35:20'),
(128, 'products/0eb1ec34-7b94-46e8-a997-b1c2e42938f1.jpg', 1, 53, '2025-06-02 15:35:21', '2025-06-02 15:35:21'),
(129, 'products/22b7912f-08a6-4cd7-a026-918856d63d43.jpg', 1, 54, '2025-06-02 15:35:21', '2025-06-02 15:35:21'),
(130, 'products/c519d682-1a26-401e-80ed-89a285eb991e.jpg', 0, 54, '2025-06-02 15:35:22', '2025-06-02 15:35:22'),
(131, 'products/919afd41-2ec1-4086-b85d-f084b11c41af.jpg', 0, 54, '2025-06-02 15:35:22', '2025-06-02 15:35:22'),
(132, 'products/ec3d282c-b96e-4ef3-ad10-6cc2a43b87d5.jpg', 1, 55, '2025-06-02 15:35:22', '2025-06-02 15:35:22'),
(133, 'products/15c1aaac-5121-49d6-a411-72e545ab5b00.jpg', 0, 55, '2025-06-02 15:35:23', '2025-06-02 15:35:23'),
(134, 'products/3dda9119-c509-4f8d-a0cb-7504a1a0b98a.jpg', 1, 56, '2025-06-02 15:35:23', '2025-06-02 15:35:23'),
(135, 'products/dc5f3fde-2585-43e6-acef-20e11e9841a1.jpg', 1, 57, '2025-06-02 15:35:24', '2025-06-02 15:35:24'),
(136, 'products/1d9977b0-ba86-4f40-8afb-f0bbe4d0e558.jpg', 0, 57, '2025-06-02 15:35:24', '2025-06-02 15:35:24'),
(137, 'products/ed19f7a6-8b41-4b8e-b3eb-206e6cb13a66.jpg', 1, 58, '2025-06-02 15:35:25', '2025-06-02 15:35:25'),
(138, 'products/77fa064f-e6df-41bf-8359-44d644fef5e1.jpg', 0, 58, '2025-06-02 15:35:25', '2025-06-02 15:35:25'),
(139, 'products/398b05bc-c3e7-49cf-9666-dbb8ccad74ec.jpg', 1, 59, '2025-06-02 15:35:26', '2025-06-02 15:35:26'),
(140, 'products/9c046944-3cca-4cef-b9c9-dc2f0914fcd1.jpg', 0, 59, '2025-06-02 15:35:26', '2025-06-02 15:35:26'),
(141, 'products/a4abe198-7215-415a-9a00-f72b10e3bf2b.jpg', 0, 59, '2025-06-02 15:35:27', '2025-06-02 15:35:27'),
(142, 'products/77db867c-1559-4a84-91be-533b02dd3af9.jpg', 1, 60, '2025-06-02 15:35:28', '2025-06-02 15:35:28'),
(143, 'products/99e691d8-a686-472b-9648-2857b24174a6.jpg', 0, 60, '2025-06-02 15:35:28', '2025-06-02 15:35:28'),
(144, 'products/59ee50de-f76f-4325-9966-9ae49691b10f.jpg', 1, 61, '2025-06-02 15:35:29', '2025-06-02 15:35:29'),
(145, 'products/3669dfe0-733c-4c7c-97eb-902147b27957.jpg', 0, 61, '2025-06-02 15:35:29', '2025-06-02 15:35:29'),
(146, 'products/5d15a160-e686-4935-9297-49be0ffe3493.jpg', 0, 61, '2025-06-02 15:35:30', '2025-06-02 15:35:30'),
(147, 'products/467451e4-19b5-496a-876e-c14506de569e.jpg', 1, 62, '2025-06-02 15:35:30', '2025-06-02 15:35:30'),
(148, 'products/fd4d39cb-13fa-4bc0-8d1c-02ba5a7f8fd1.jpg', 0, 62, '2025-06-02 15:35:31', '2025-06-02 15:35:31'),
(149, 'products/0364441a-e3da-4d76-a123-393c8cc50872.jpg', 1, 63, '2025-06-02 15:35:31', '2025-06-02 15:35:31'),
(150, 'products/991657cc-9943-45c9-a773-629153d25383.jpg', 0, 63, '2025-06-02 15:35:32', '2025-06-02 15:35:32'),
(151, 'products/c03d8ae8-eb56-4d07-87c5-4c8097064292.jpg', 1, 64, '2025-06-02 15:35:32', '2025-06-02 15:35:32'),
(152, 'products/10749aec-fba1-4df1-83c7-490357e6a2bf.jpg', 0, 64, '2025-06-02 15:35:33', '2025-06-02 15:35:33'),
(153, 'products/6f7813bc-b18d-4327-b53a-01fafd55f9b1.jpg', 1, 65, '2025-06-02 15:35:34', '2025-06-02 15:35:34'),
(154, 'products/adf19c49-17e8-4372-8f83-d47e6d43ed10.jpg', 0, 65, '2025-06-02 15:35:34', '2025-06-02 15:35:34'),
(155, 'products/929b422d-05c9-43c2-a152-8649090e6904.jpg', 1, 66, '2025-06-02 15:35:35', '2025-06-02 15:35:35'),
(156, 'products/39d90080-cebf-4a67-bdbe-21ffe5dd0269.jpg', 0, 66, '2025-06-02 15:35:35', '2025-06-02 15:35:35'),
(157, 'products/007bc0b7-864a-48ff-8600-0c43d2b9f3b4.jpg', 0, 66, '2025-06-02 15:35:35', '2025-06-02 15:35:35'),
(158, 'products/669e4fe9-befd-4833-bac7-2a7111c757b5.jpg', 1, 67, '2025-06-02 15:35:36', '2025-06-02 15:35:36'),
(159, 'products/83a4bdd0-b2fe-43db-bcf5-0623a01a92ef.jpg', 0, 67, '2025-06-02 15:35:37', '2025-06-02 15:35:37'),
(160, 'products/af93993c-6d3b-44d1-ae71-5023d079f73c.jpg', 0, 67, '2025-06-02 15:35:37', '2025-06-02 15:35:37'),
(161, 'products/fc22ad6d-4af1-465d-b523-f028ffaa98cb.jpg', 1, 68, '2025-06-02 15:35:38', '2025-06-02 15:35:38'),
(162, 'products/e739b7f2-02e4-4da1-b4f1-ee2a8ea3076a.jpg', 0, 68, '2025-06-02 15:35:38', '2025-06-02 15:35:38'),
(163, 'products/c8bcf86c-02c3-4d60-8080-c207a8bca24f.jpg', 0, 68, '2025-06-02 15:35:39', '2025-06-02 15:35:39'),
(164, 'products/c0943d60-9104-4a83-b547-ee10b9b8a735.jpg', 1, 69, '2025-06-02 15:35:39', '2025-06-02 15:35:39'),
(165, 'products/2813930b-c589-486d-a4c3-3c23ed142962.jpg', 0, 69, '2025-06-02 15:35:40', '2025-06-02 15:35:40'),
(166, 'products/9de685c3-18f3-4eef-a571-3b5b7e372f98.jpg', 1, 70, '2025-06-02 15:35:40', '2025-06-02 15:35:40'),
(167, 'products/28281dbb-81f1-4f98-888c-cff1f6ded99c.jpg', 0, 70, '2025-06-02 15:35:41', '2025-06-02 15:35:41'),
(168, 'products/9ca20c89-c6e1-4656-8b2d-c15801c1098e.jpg', 0, 70, '2025-06-02 15:35:41', '2025-06-02 15:35:41'),
(169, 'products/d13fe95e-c994-4735-96e9-d21c0fe14381.jpg', 0, 70, '2025-06-02 15:35:42', '2025-06-02 15:35:42'),
(170, 'products/96adf403-77f0-48a9-8cb4-c52189c24b3c.jpg', 1, 71, '2025-06-02 15:35:43', '2025-06-02 15:35:43'),
(171, 'products/a361ff07-d1f5-4b41-ba00-0e10906286ff.jpg', 0, 71, '2025-06-02 15:35:43', '2025-06-02 15:35:43'),
(172, 'products/83ac2115-9982-4616-934a-11a7ae18a4e7.jpg', 1, 72, '2025-06-02 15:35:44', '2025-06-02 15:35:44'),
(173, 'products/ab5e9858-2275-4326-8b86-bbbf50018377.jpg', 1, 73, '2025-06-02 15:35:44', '2025-06-02 15:35:44'),
(174, 'products/0801cff7-1fc1-4239-8e39-7084e4bfee40.jpg', 0, 73, '2025-06-02 15:35:45', '2025-06-02 15:35:45'),
(175, 'products/c37d2167-10da-489a-8aae-bde321a4dc2d.jpg', 1, 74, '2025-06-02 15:35:45', '2025-06-02 15:35:45'),
(176, 'products/5a744435-fc70-46a1-a83f-009f8a9b6e1e.jpg', 0, 74, '2025-06-02 15:35:46', '2025-06-02 15:35:46'),
(177, 'products/eb47cdc8-bd78-4d0c-986d-a01b06e653b1.jpg', 0, 74, '2025-06-02 15:35:46', '2025-06-02 15:35:46'),
(178, 'products/e375a914-8fe8-40e6-b2a5-48dc8af72cec.jpg', 1, 75, '2025-06-02 15:35:47', '2025-06-02 15:35:47'),
(179, 'products/ff694993-eddf-479f-8302-d158300d3073.jpg', 0, 75, '2025-06-02 15:35:47', '2025-06-02 15:35:47'),
(180, 'products/13a55f47-16f4-46b3-abc6-59f474caeed8.jpg', 0, 75, '2025-06-02 15:35:48', '2025-06-02 15:35:48'),
(181, 'products/c7113375-6f9e-47f3-9cd9-a1cf9953cfdc.jpg', 1, 76, '2025-06-02 15:35:49', '2025-06-02 15:35:49'),
(182, 'products/89490410-2170-4873-8214-7817fc413533.jpg', 0, 76, '2025-06-02 15:35:49', '2025-06-02 15:35:49'),
(183, 'products/67c41f66-3fdd-432a-97d9-dc9dd76b0e2a.jpg', 0, 76, '2025-06-02 15:35:50', '2025-06-02 15:35:50'),
(184, 'products/default_0.jpg', 1, 77, '2025-06-02 15:35:51', '2025-06-02 15:35:51'),
(185, 'products/default_0.jpg', 1, 78, '2025-06-02 15:35:51', '2025-06-02 15:35:51'),
(186, 'products/e81fd84c-a2c8-4a4f-b125-ebf3ace31f2d.jpg', 0, 78, '2025-06-02 15:35:51', '2025-06-02 15:35:51'),
(187, 'products/3cfad4a5-6a81-415d-86da-fb60e095f11c.jpg', 0, 78, '2025-06-02 15:35:52', '2025-06-02 15:35:52'),
(188, 'products/default_0.jpg', 1, 79, '2025-06-02 15:35:52', '2025-06-02 15:35:52'),
(189, 'products/f6562e5c-9d70-4d0d-b4b4-30ade87aef48.jpg', 0, 79, '2025-06-02 15:35:52', '2025-06-02 15:35:52'),
(190, 'products/10fdf4b6-f6d4-47d1-8eba-01d8e927eed6.jpg', 1, 80, '2025-06-02 15:35:53', '2025-06-02 15:35:53'),
(191, 'products/default_0.jpg', 1, 81, '2025-06-02 15:35:53', '2025-06-02 15:35:53'),
(192, 'products/default_0.jpg', 1, 82, '2025-06-02 15:35:53', '2025-06-02 15:35:53'),
(193, 'products/71342cdb-1301-4d12-8155-6fcbd7b70f02.jpg', 0, 82, '2025-06-02 15:35:53', '2025-06-02 15:35:53'),
(194, 'products/628c01d8-17ce-41dc-ab3e-9a9ca6c79f4d.jpg', 0, 82, '2025-06-02 15:35:54', '2025-06-02 15:35:54'),
(195, 'products/default_3.jpg', 0, 82, '2025-06-02 15:35:54', '2025-06-02 15:35:54'),
(196, 'products/default_0.jpg', 1, 83, '2025-06-02 15:35:54', '2025-06-02 15:35:54'),
(197, 'products/6d3d5fac-31af-44fc-9606-4aa563779c50.jpg', 0, 83, '2025-06-02 15:35:55', '2025-06-02 15:35:55'),
(198, 'products/0fd86b72-d4c0-411f-806f-a909b1eb85c9.jpg', 0, 83, '2025-06-02 15:35:55', '2025-06-02 15:35:55'),
(199, 'products/default_3.jpg', 0, 83, '2025-06-02 15:35:57', '2025-06-02 15:35:57'),
(200, 'products/29db3fb8-8819-4667-bc04-6f61f6084142.jpg', 1, 84, '2025-06-02 15:35:57', '2025-06-02 15:35:57'),
(201, 'products/8c8ff9dd-daed-4baf-9d3d-d7390ed63890.jpg', 0, 84, '2025-06-02 15:35:58', '2025-06-02 15:35:58'),
(202, 'products/a3abe7df-28e5-4720-bcbc-ec5337ffb107.jpg', 0, 84, '2025-06-02 15:35:59', '2025-06-02 15:35:59'),
(203, 'products/9d2baebf-1906-4147-9d7a-13e3b15a4ff0.jpg', 0, 84, '2025-06-02 15:36:00', '2025-06-02 15:36:00'),
(204, 'products/default_0.jpg', 1, 85, '2025-06-02 15:36:01', '2025-06-02 15:36:01'),
(205, 'products/default_0.jpg', 1, 86, '2025-06-02 15:36:01', '2025-06-02 15:36:01'),
(206, 'products/5461f01d-bd07-4ed0-801e-29dbee847d5e.jpg', 0, 86, '2025-06-02 15:36:02', '2025-06-02 15:36:02'),
(207, 'products/25015221-5c3d-40f6-b68e-e4121d31163a.jpg', 0, 86, '2025-06-02 15:36:02', '2025-06-02 15:36:02'),
(208, 'products/default_3.jpg', 0, 86, '2025-06-02 15:36:03', '2025-06-02 15:36:03'),
(209, 'products/default_0.jpg', 1, 87, '2025-06-02 15:36:04', '2025-06-02 15:36:04'),
(210, 'products/0fcba641-eac2-414c-a798-6c211585c95c.jpg', 0, 87, '2025-06-02 15:36:05', '2025-06-02 15:36:05'),
(211, 'products/default_0.jpg', 1, 88, '2025-06-02 15:36:07', '2025-06-02 15:36:07'),
(212, 'products/9f9ad5c5-ad1b-4485-aecd-824aba112fcc.jpg', 0, 88, '2025-06-02 15:36:07', '2025-06-02 15:36:07'),
(213, 'products/248bd2eb-407c-4e7d-8923-94b1f691b44f.jpg', 0, 88, '2025-06-02 15:36:08', '2025-06-02 15:36:08'),
(214, 'products/default_3.jpg', 0, 88, '2025-06-02 15:36:09', '2025-06-02 15:36:09'),
(215, 'products/default_0.jpg', 1, 89, '2025-06-02 15:36:09', '2025-06-02 15:36:09'),
(216, 'products/d5502d0b-805f-4a8f-b93e-70c7cd9fc666.jpg', 0, 89, '2025-06-02 15:36:10', '2025-06-02 15:36:10'),
(217, 'products/4f068952-8224-46c2-8b51-8065ba466fba.jpg', 0, 89, '2025-06-02 15:36:10', '2025-06-02 15:36:10'),
(218, 'products/default_3.jpg', 0, 89, '2025-06-02 15:36:12', '2025-06-02 15:36:12'),
(219, 'products/default_0.jpg', 1, 90, '2025-06-02 15:36:12', '2025-06-02 15:36:12'),
(220, 'products/00b40cad-800b-419c-97c0-6a084e42d11b.jpg', 0, 90, '2025-06-02 15:36:12', '2025-06-02 15:36:12'),
(221, 'products/fc8656c0-088b-4717-8119-4eebc7e9570b.jpg', 0, 90, '2025-06-02 15:36:13', '2025-06-02 15:36:13');

-- --------------------------------------------------------

--
-- Table structure for table `product_reviews`
--

CREATE TABLE `product_reviews` (
  `id` bigint UNSIGNED NOT NULL,
  `user_id` bigint UNSIGNED NOT NULL,
  `product_id` bigint UNSIGNED NOT NULL,
  `order_id` bigint UNSIGNED NOT NULL,
  `branch_id` bigint UNSIGNED DEFAULT NULL,
  `rating` int NOT NULL,
  `review` text COLLATE utf8mb4_unicode_ci,
  `review_date` datetime NOT NULL,
  `approved` tinyint(1) NOT NULL DEFAULT '0',
  `review_image` varchar(191) COLLATE utf8mb4_unicode_ci DEFAULT NULL,
  `is_verified_purchase` tinyint(1) NOT NULL DEFAULT '1',
  `is_anonymous` tinyint(1) NOT NULL DEFAULT '0',
  `helpful_count` int NOT NULL DEFAULT '0',
  `report_count` int NOT NULL DEFAULT '0',
  `is_featured` tinyint(1) NOT NULL DEFAULT '0',
  `created_at` timestamp NULL DEFAULT NULL,
  `updated_at` timestamp NULL DEFAULT NULL
) ENGINE=InnoDB DEFAULT CHARSET=utf8mb4 COLLATE=utf8mb4_unicode_ci;

--
-- Dumping data for table `product_reviews`
--

INSERT INTO `product_reviews` (`id`, `user_id`, `product_id`, `order_id`, `branch_id`, `rating`, `review`, `review_date`, `approved`, `review_image`, `is_verified_purchase`, `is_anonymous`, `helpful_count`, `report_count`, `is_featured`, `created_at`, `updated_at`) VALUES
(1, 11, 1, 41, 1, 5, 'Điều làm tôi thích thú với món này là hương vị tuyệt vời, đậm đà. Recommended cho mọi người!', '2025-05-06 22:37:45', 1, NULL, 1, 1, 16, 3, 1, '2025-06-02 15:37:45', '2025-06-02 15:37:45'),
(2, 13, 1, 38, 3, 5, 'Tôi rất hài lòng với chất lượng món này vì đồ ăn nóng hổi khi nhận được. Không chỉ vậy, phần ăn đầy đặn, nhiều nhân. Chắc chắn sẽ quay lại lần nữa!', '2025-05-16 22:37:45', 1, 'reviews/review_yOB5jOGhVK.jpg', 1, 0, 40, 3, 0, '2025-06-02 15:37:45', '2025-06-02 15:37:45'),
(3, 20, 1, 74, 2, 5, 'Tôi đã thử nhiều nơi nhưng vẫn thích ở đây nhất bởi phục vụ chuyên nghiệp, nhanh chóng. Không chỉ vậy, chất lượng ổn định qua nhiều lần order. Mong rằng thời gian chờ hơi lâu vào giờ cao điểm. Chắc chắn sẽ quay lại lần nữa!', '2025-05-12 22:37:45', 1, NULL, 1, 1, 2, 5, 1, '2025-06-02 15:37:45', '2025-06-02 15:37:45'),
(4, 2, 1, 86, 1, 3, 'Tôi rất hài lòng với chất lượng món này vì chất lượng ổn định qua nhiều lần order. Không chỉ vậy, đóng gói cẩn thận, sạch sẽ. Hy vọng lần sau thời gian chờ hơi lâu vào giờ cao điểm. Chắc chắn sẽ quay lại lần nữa!', '2025-05-23 22:37:45', 1, 'reviews/review_daYFrz4Auz.jpg', 1, 1, 25, 3, 0, '2025-06-02 15:37:45', '2025-06-02 15:37:45'),
(5, 27, 1, 66, 2, 3, 'Tôi thường xuyên đặt món này vì phần ăn đầy đặn, nhiều nhân. Không chỉ vậy, hương vị tuyệt vời, đậm đà. Mong rằng rau củ garnish có thể tươi hơn. Nhìn chung vẫn rất đáng để thử!', '2025-05-31 22:37:45', 1, 'reviews/review_qrMb2PxpOu.jpg', 1, 0, 21, 0, 0, '2025-06-02 15:37:45', '2025-06-02 15:37:45'),
(6, 23, 1, 43, 3, 3, 'Món này luôn là lựa chọn hàng đầu của tôi bởi hương vị tuyệt vời, đậm đà. Không chỉ vậy, nguyên liệu tươi ngon, chọn lọc kỹ. Recommended cho mọi người!', '2025-05-16 22:37:45', 1, 'reviews/review_twxooUkwrb.jpg', 1, 1, 48, 1, 0, '2025-06-02 15:37:45', '2025-06-02 15:37:45'),
(7, 12, 1, 75, 3, 4, 'Tôi thường xuyên đặt món này vì nguyên liệu tươi ngon, chọn lọc kỹ. Tuy nhiên, nên có thêm option về độ cay. Recommended cho mọi người!', '2025-05-12 22:37:45', 1, 'reviews/review_UaB6hrxI1g.jpg', 1, 0, 27, 3, 1, '2025-06-02 15:37:45', '2025-06-02 15:37:45'),
(8, 2, 1, 54, 1, 3, 'Sau nhiều lần order, tôi vẫn đánh giá cao vì hương vị tuyệt vời, đậm đà. Không chỉ vậy, hương vị tuyệt vời, đậm đà. Nhìn chung vẫn rất đáng để thử!', '2025-05-04 22:37:45', 1, NULL, 1, 1, 2, 3, 1, '2025-06-02 15:37:45', '2025-06-02 15:37:45'),
(9, 5, 1, 31, 3, 4, 'Tôi đã thử nhiều nơi nhưng vẫn thích ở đây nhất bởi đồ ăn nóng hổi khi nhận được. Recommended cho mọi người!', '2025-05-23 22:37:45', 1, 'reviews/review_xK9drU8Qp4.jpg', 1, 0, 39, 3, 1, '2025-06-02 15:37:45', '2025-06-02 15:37:45'),
(10, 17, 1, 14, 2, 5, 'Tôi rất hài lòng với chất lượng món này vì giá cả phải chăng cho chất lượng này. Không chỉ vậy, hương vị tuyệt vời, đậm đà. Recommended cho mọi người!', '2025-05-08 22:37:45', 1, 'reviews/review_OJnxybdCUi.jpg', 1, 0, 34, 5, 0, '2025-06-02 15:37:45', '2025-06-02 15:37:45'),
(11, 22, 2, 10, 2, 4, 'Tôi đánh giá rất cao món này vì chất lượng ổn định qua nhiều lần order. Điểm cần cải thiện là nước chấm hơi ít so với khẩu phần. Sẽ tiếp tục ủng hộ dài dài!', '2025-05-30 22:37:45', 1, 'reviews/review_rRmsqzmlAc.jpg', 1, 1, 3, 1, 0, '2025-06-02 15:37:45', '2025-06-02 15:37:45'),
(12, 27, 2, 95, 1, 5, 'Tôi đánh giá rất cao món này vì đóng gói cẩn thận, sạch sẽ. Không chỉ vậy, giao hàng đúng giờ, shipper thân thiện. Recommended cho mọi người!', '2025-05-27 22:37:45', 1, NULL, 1, 0, 8, 4, 0, '2025-06-02 15:37:45', '2025-06-02 15:37:45'),
(13, 6, 2, 52, 1, 4, 'Tôi đánh giá rất cao món này vì giao hàng đúng giờ, shipper thân thiện. Sẽ tiếp tục ủng hộ dài dài!', '2025-05-22 22:37:45', 1, NULL, 1, 1, 11, 1, 0, '2025-06-02 15:37:45', '2025-06-02 15:37:45'),
(14, 13, 2, 17, 2, 4, 'Món ăn để lại ấn tượng tốt nhờ hương vị tuyệt vời, đậm đà. Không chỉ vậy, phục vụ chuyên nghiệp, nhanh chóng. Chắc chắn sẽ quay lại lần nữa!', '2025-06-01 22:37:45', 1, 'reviews/review_y9CcV50lE3.jpg', 1, 1, 25, 4, 1, '2025-06-02 15:37:45', '2025-06-02 15:37:45'),
(15, 28, 2, 78, 1, 4, 'Đây là một trong những món tôi thích nhất ở đây vì nhân viên nhiệt tình, chu đáo. Không chỉ vậy, phần ăn đầy đặn, nhiều nhân. Mong rằng rau củ garnish có thể tươi hơn. Nhìn chung vẫn rất đáng để thử!', '2025-05-06 22:37:45', 1, NULL, 1, 0, 9, 4, 1, '2025-06-02 15:37:45', '2025-06-02 15:37:45'),
(16, 2, 2, 77, 3, 4, 'Điều làm tôi thích thú với món này là nhân viên nhiệt tình, chu đáo. Sẽ tiếp tục ủng hộ dài dài!', '2025-05-19 22:37:45', 1, 'reviews/review_SLk7QBuPqv.jpg', 1, 0, 27, 3, 0, '2025-06-02 15:37:45', '2025-06-02 15:37:45'),
(17, 6, 2, 40, 1, 5, 'Món này luôn là lựa chọn hàng đầu của tôi bởi đóng gói cẩn thận, sạch sẽ. Recommended cho mọi người!', '2025-05-14 22:37:45', 1, 'reviews/review_rZo9Qp9Qhh.jpg', 1, 1, 48, 2, 0, '2025-06-02 15:37:45', '2025-06-02 15:37:45'),
(18, 20, 2, 16, 3, 5, 'Sau nhiều lần order, tôi vẫn đánh giá cao vì phần ăn đầy đặn, nhiều nhân. Không chỉ vậy, đóng gói cẩn thận, sạch sẽ. Chắc chắn sẽ quay lại lần nữa!', '2025-05-06 22:37:45', 1, 'reviews/review_CO4NGkVnrZ.jpg', 1, 0, 24, 2, 0, '2025-06-02 15:37:45', '2025-06-02 15:37:45'),
(19, 28, 2, 17, 2, 5, 'Tôi thường xuyên đặt món này vì đồ ăn nóng hổi khi nhận được. Rất đáng đồng tiền!', '2025-05-09 22:37:45', 1, 'reviews/review_TwRdHNFi9d.jpg', 1, 0, 4, 1, 1, '2025-06-02 15:37:45', '2025-06-02 15:37:45'),
(20, 8, 2, 39, 1, 5, 'Tôi rất hài lòng với chất lượng món này vì giá cả phải chăng cho chất lượng này. Recommended cho mọi người!', '2025-05-07 22:37:45', 1, 'reviews/review_L9AtXTtEIN.jpg', 1, 1, 48, 0, 1, '2025-06-02 15:37:45', '2025-06-02 15:37:45'),
(21, 5, 3, 31, 1, 3, 'Điểm khiến tôi ấn tượng với món này là phục vụ chuyên nghiệp, nhanh chóng. Chắc chắn sẽ quay lại lần nữa!', '2025-05-18 22:37:45', 1, NULL, 1, 0, 21, 0, 1, '2025-06-02 15:37:45', '2025-06-02 15:37:45'),
(22, 3, 3, 100, 3, 3, 'Tôi đã thử nhiều nơi nhưng vẫn thích ở đây nhất bởi nguyên liệu tươi ngon, chọn lọc kỹ. Recommended cho mọi người!', '2025-05-08 22:37:45', 1, NULL, 1, 0, 40, 4, 1, '2025-06-02 15:37:45', '2025-06-02 15:37:45'),
(23, 9, 3, 70, 1, 4, 'Điều làm tôi thích thú với món này là nguyên liệu tươi ngon, chọn lọc kỹ. Không chỉ vậy, chất lượng ổn định qua nhiều lần order. Recommended cho mọi người!', '2025-05-20 22:37:45', 1, 'reviews/review_wzzY2IlRCJ.jpg', 1, 1, 44, 4, 0, '2025-06-02 15:37:45', '2025-06-02 15:37:45'),
(24, 25, 3, 31, 3, 4, 'Điểm khiến tôi ấn tượng với món này là phần ăn đầy đặn, nhiều nhân. Rất đáng đồng tiền!', '2025-05-06 22:37:45', 1, NULL, 1, 0, 22, 4, 1, '2025-06-02 15:37:45', '2025-06-02 15:37:45'),
(25, 13, 3, 30, 1, 5, 'Món ăn để lại ấn tượng tốt nhờ nhân viên nhiệt tình, chu đáo. Không chỉ vậy, đóng gói cẩn thận, sạch sẽ. Sẽ tiếp tục ủng hộ dài dài!', '2025-06-01 22:37:45', 1, NULL, 1, 1, 40, 4, 0, '2025-06-02 15:37:45', '2025-06-02 15:37:45'),
(26, 28, 3, 16, 2, 3, 'Điểm khiến tôi ấn tượng với món này là giá cả phải chăng cho chất lượng này. Không chỉ vậy, nguyên liệu tươi ngon, chọn lọc kỹ. Sẽ tiếp tục ủng hộ dài dài!', '2025-05-08 22:37:45', 1, NULL, 1, 0, 27, 3, 0, '2025-06-02 15:37:45', '2025-06-02 15:37:45'),
(27, 21, 3, 19, 3, 3, 'Tôi thường xuyên đặt món này vì nguyên liệu tươi ngon, chọn lọc kỹ. Sẽ tiếp tục ủng hộ dài dài!', '2025-05-29 22:37:45', 1, 'reviews/review_wXincMyKdq.jpg', 1, 0, 46, 5, 1, '2025-06-02 15:37:45', '2025-06-02 15:37:45'),
(28, 25, 3, 69, 1, 3, 'Món này luôn là lựa chọn hàng đầu của tôi bởi nguyên liệu tươi ngon, chọn lọc kỹ. Không chỉ vậy, đồ ăn nóng hổi khi nhận được. Recommended cho mọi người!', '2025-05-31 22:37:45', 1, NULL, 1, 0, 32, 1, 0, '2025-06-02 15:37:45', '2025-06-02 15:37:45'),
(29, 11, 3, 68, 2, 3, 'Sau nhiều lần order, tôi vẫn đánh giá cao vì đóng gói cẩn thận, sạch sẽ. Không chỉ vậy, giá cả phải chăng cho chất lượng này. Recommended cho mọi người!', '2025-05-14 22:37:45', 1, 'reviews/review_8a6cPbzmAt.jpg', 1, 0, 43, 3, 1, '2025-06-02 15:37:45', '2025-06-02 15:37:45'),
(30, 19, 3, 28, 2, 5, 'Điểm khiến tôi ấn tượng với món này là đóng gói cẩn thận, sạch sẽ. Không chỉ vậy, chất lượng ổn định qua nhiều lần order. Chắc chắn sẽ quay lại lần nữa!', '2025-05-07 22:37:45', 1, NULL, 1, 0, 40, 0, 0, '2025-06-02 15:37:45', '2025-06-02 15:37:45'),
(31, 24, 4, 29, 1, 5, 'Điều làm tôi thích thú với món này là đồ ăn nóng hổi khi nhận được. Nhìn chung vẫn rất đáng để thử!', '2025-05-07 22:37:45', 1, 'reviews/review_Bhn7tHDzxQ.jpg', 1, 0, 36, 5, 0, '2025-06-02 15:37:45', '2025-06-02 15:37:45'),
(32, 15, 4, 47, 2, 5, 'Tôi đánh giá rất cao món này vì giá cả phải chăng cho chất lượng này. Recommended cho mọi người!', '2025-05-31 22:37:45', 1, 'reviews/review_w3xrNM3fO5.jpg', 1, 0, 2, 2, 1, '2025-06-02 15:37:45', '2025-06-02 15:37:45'),
(33, 25, 4, 32, 1, 4, 'Món ăn để lại ấn tượng tốt nhờ đồ ăn nóng hổi khi nhận được. Không chỉ vậy, phần ăn đầy đặn, nhiều nhân. Mong rằng vị có thể đa dạng hơn. Rất đáng đồng tiền!', '2025-05-28 22:37:45', 1, 'reviews/review_WEAs08vl5m.jpg', 1, 1, 37, 4, 1, '2025-06-02 15:37:45', '2025-06-02 15:37:45'),
(34, 6, 4, 28, 1, 4, 'Tôi rất hài lòng với chất lượng món này vì giá cả phải chăng cho chất lượng này. Không chỉ vậy, giao hàng đúng giờ, shipper thân thiện. Recommended cho mọi người!', '2025-05-21 22:37:45', 1, NULL, 1, 1, 13, 4, 1, '2025-06-02 15:37:45', '2025-06-02 15:37:45'),
(35, 4, 4, 79, 3, 3, 'Món ăn để lại ấn tượng tốt nhờ đồ ăn nóng hổi khi nhận được. Sẽ tiếp tục ủng hộ dài dài!', '2025-05-18 22:37:45', 1, NULL, 1, 0, 21, 3, 0, '2025-06-02 15:37:45', '2025-06-02 15:37:45'),
(36, 12, 4, 38, 1, 5, 'Món này luôn là lựa chọn hàng đầu của tôi bởi phục vụ chuyên nghiệp, nhanh chóng. Chắc chắn sẽ quay lại lần nữa!', '2025-05-25 22:37:45', 1, NULL, 1, 1, 0, 2, 1, '2025-06-02 15:37:45', '2025-06-02 15:37:45'),
(37, 26, 4, 40, 2, 5, 'Đây là một trong những món tôi thích nhất ở đây vì hương vị tuyệt vời, đậm đà. Chắc chắn sẽ quay lại lần nữa!', '2025-05-30 22:37:45', 1, 'reviews/review_FiwDkfYwfz.jpg', 1, 0, 47, 1, 1, '2025-06-02 15:37:45', '2025-06-02 15:37:45'),
(38, 22, 4, 69, 3, 5, 'Tôi thường xuyên đặt món này vì hương vị tuyệt vời, đậm đà. Sẽ tiếp tục ủng hộ dài dài!', '2025-05-06 22:37:45', 1, 'reviews/review_f5t1hHgr4G.jpg', 1, 1, 33, 3, 1, '2025-06-02 15:37:45', '2025-06-02 15:37:45'),
(39, 27, 4, 43, 3, 5, 'Sau nhiều lần order, tôi vẫn đánh giá cao vì giao hàng đúng giờ, shipper thân thiện. Sẽ tiếp tục ủng hộ dài dài!', '2025-05-09 22:37:45', 1, NULL, 1, 0, 14, 1, 0, '2025-06-02 15:37:45', '2025-06-02 15:37:45'),
(40, 5, 4, 20, 3, 4, 'Tôi thường xuyên đặt món này vì phần ăn đầy đặn, nhiều nhân. Recommended cho mọi người!', '2025-05-20 22:37:45', 1, 'reviews/review_kPAg4QF9RT.jpg', 1, 0, 34, 5, 1, '2025-06-02 15:37:45', '2025-06-02 15:37:45'),
(41, 24, 5, 98, 3, 3, 'Tôi thường xuyên đặt món này vì phần ăn đầy đặn, nhiều nhân. Nhìn chung vẫn rất đáng để thử!', '2025-05-12 22:37:45', 1, NULL, 1, 1, 28, 3, 1, '2025-06-02 15:37:45', '2025-06-02 15:37:45'),
(42, 20, 5, 39, 1, 3, 'Tôi đã thử nhiều nơi nhưng vẫn thích ở đây nhất bởi nhân viên nhiệt tình, chu đáo. Không chỉ vậy, giao hàng đúng giờ, shipper thân thiện. Sẽ tiếp tục ủng hộ dài dài!', '2025-05-05 22:37:45', 1, 'reviews/review_cykhrx82Og.jpg', 1, 1, 36, 0, 1, '2025-06-02 15:37:45', '2025-06-02 15:37:45'),
(43, 23, 5, 81, 1, 5, 'Tôi thường xuyên đặt món này vì hương vị tuyệt vời, đậm đà. Không chỉ vậy, đóng gói cẩn thận, sạch sẽ. Sẽ tiếp tục ủng hộ dài dài!', '2025-05-12 22:37:45', 1, NULL, 1, 1, 43, 3, 1, '2025-06-02 15:37:45', '2025-06-02 15:37:45'),
(44, 17, 5, 35, 2, 5, 'Tôi đánh giá rất cao món này vì đóng gói cẩn thận, sạch sẽ. Không chỉ vậy, phần ăn đầy đặn, nhiều nhân. Rất đáng đồng tiền!', '2025-05-15 22:37:45', 1, 'reviews/review_72PNS5pVCo.jpg', 1, 0, 16, 5, 1, '2025-06-02 15:37:45', '2025-06-02 15:37:45'),
(45, 2, 5, 1, 1, 3, 'Điểm khiến tôi ấn tượng với món này là phục vụ chuyên nghiệp, nhanh chóng. Không chỉ vậy, phục vụ chuyên nghiệp, nhanh chóng. Rất đáng đồng tiền!', '2025-05-06 22:37:45', 1, 'reviews/review_RjCzktLmXL.jpg', 1, 0, 23, 3, 1, '2025-06-02 15:37:45', '2025-06-02 15:37:45'),
(46, 12, 5, 43, 3, 5, 'Tôi đánh giá rất cao món này vì đồ ăn nóng hổi khi nhận được. Góp ý nhỏ là thời gian chờ hơi lâu vào giờ cao điểm. Rất đáng đồng tiền!', '2025-05-06 22:37:45', 1, NULL, 1, 1, 28, 5, 1, '2025-06-02 15:37:45', '2025-06-02 15:37:45'),
(47, 28, 5, 90, 1, 5, 'Món này luôn là lựa chọn hàng đầu của tôi bởi phần ăn đầy đặn, nhiều nhân. Không chỉ vậy, giao hàng đúng giờ, shipper thân thiện. Tuy nhiên, thời gian chờ hơi lâu vào giờ cao điểm. Recommended cho mọi người!', '2025-05-19 22:37:45', 1, 'reviews/review_TuUX8LWTZb.jpg', 1, 0, 31, 0, 1, '2025-06-02 15:37:45', '2025-06-02 15:37:45'),
(48, 25, 5, 36, 1, 4, 'Tôi rất hài lòng với chất lượng món này vì đóng gói cẩn thận, sạch sẽ. Không chỉ vậy, đồ ăn nóng hổi khi nhận được. Sẽ tiếp tục ủng hộ dài dài!', '2025-05-19 22:37:45', 1, NULL, 1, 1, 4, 0, 1, '2025-06-02 15:37:45', '2025-06-02 15:37:45'),
(49, 15, 5, 54, 2, 4, 'Sau nhiều lần order, tôi vẫn đánh giá cao vì phần ăn đầy đặn, nhiều nhân. Chắc chắn sẽ quay lại lần nữa!', '2025-05-26 22:37:45', 1, NULL, 1, 1, 31, 3, 1, '2025-06-02 15:37:45', '2025-06-02 15:37:45'),
(50, 3, 5, 53, 3, 3, 'Điều làm tôi thích thú với món này là giao hàng đúng giờ, shipper thân thiện. Không chỉ vậy, đồ ăn nóng hổi khi nhận được. Chắc chắn sẽ quay lại lần nữa!', '2025-05-13 22:37:45', 1, 'reviews/review_j05V2YBzyb.jpg', 1, 0, 26, 2, 1, '2025-06-02 15:37:45', '2025-06-02 15:37:45'),
(51, 4, 6, 43, 3, 4, 'Tôi đánh giá rất cao món này vì đóng gói cẩn thận, sạch sẽ. Recommended cho mọi người!', '2025-05-19 22:37:45', 1, NULL, 1, 0, 4, 3, 1, '2025-06-02 15:37:45', '2025-06-02 15:37:45'),
(52, 1, 6, 24, 2, 4, 'Điểm khiến tôi ấn tượng với món này là nguyên liệu tươi ngon, chọn lọc kỹ. Không chỉ vậy, giá cả phải chăng cho chất lượng này. Chắc chắn sẽ quay lại lần nữa!', '2025-05-15 22:37:45', 1, 'reviews/review_zPRYHWv38k.jpg', 1, 1, 0, 4, 0, '2025-06-02 15:37:45', '2025-06-02 15:37:45'),
(53, 2, 6, 44, 1, 3, 'Điều làm tôi thích thú với món này là giao hàng đúng giờ, shipper thân thiện. Nhìn chung vẫn rất đáng để thử!', '2025-05-31 22:37:45', 1, NULL, 1, 0, 24, 1, 0, '2025-06-02 15:37:45', '2025-06-02 15:37:45'),
(54, 18, 6, 86, 2, 3, 'Tôi đã thử nhiều nơi nhưng vẫn thích ở đây nhất bởi giao hàng đúng giờ, shipper thân thiện. Không chỉ vậy, chất lượng ổn định qua nhiều lần order. Nhìn chung vẫn rất đáng để thử!', '2025-05-27 22:37:45', 1, NULL, 1, 1, 13, 3, 0, '2025-06-02 15:37:45', '2025-06-02 15:37:45'),
(55, 18, 6, 49, 2, 3, 'Điểm khiến tôi ấn tượng với món này là giá cả phải chăng cho chất lượng này. Sẽ tiếp tục ủng hộ dài dài!', '2025-05-13 22:37:46', 1, NULL, 1, 1, 37, 2, 0, '2025-06-02 15:37:46', '2025-06-02 15:37:46'),
(56, 5, 6, 39, 1, 5, 'Sau nhiều lần order, tôi vẫn đánh giá cao vì phục vụ chuyên nghiệp, nhanh chóng. Sẽ tiếp tục ủng hộ dài dài!', '2025-05-19 22:37:46', 1, NULL, 1, 0, 8, 2, 0, '2025-06-02 15:37:46', '2025-06-02 15:37:46'),
(57, 20, 6, 15, 1, 3, 'Điểm khiến tôi ấn tượng với món này là phục vụ chuyên nghiệp, nhanh chóng. Không chỉ vậy, nguyên liệu tươi ngon, chọn lọc kỹ. Chắc chắn sẽ quay lại lần nữa!', '2025-05-08 22:37:46', 1, NULL, 1, 0, 3, 4, 1, '2025-06-02 15:37:46', '2025-06-02 15:37:46'),
(58, 3, 6, 73, 3, 4, 'Món ăn để lại ấn tượng tốt nhờ phần ăn đầy đặn, nhiều nhân. Góp ý nhỏ là thời gian chờ hơi lâu vào giờ cao điểm. Rất đáng đồng tiền!', '2025-05-04 22:37:46', 1, 'reviews/review_Zc2thMcDuK.jpg', 1, 0, 35, 5, 1, '2025-06-02 15:37:46', '2025-06-02 15:37:46'),
(59, 28, 6, 33, 1, 4, 'Sau nhiều lần order, tôi vẫn đánh giá cao vì phục vụ chuyên nghiệp, nhanh chóng. Mong rằng bao bì đóng gói cần cải thiện thêm. Rất đáng đồng tiền!', '2025-05-19 22:37:46', 1, NULL, 1, 0, 36, 1, 0, '2025-06-02 15:37:46', '2025-06-02 15:37:46'),
(60, 9, 6, 48, 3, 5, 'Điều làm tôi thích thú với món này là đồ ăn nóng hổi khi nhận được. Chắc chắn sẽ quay lại lần nữa!', '2025-05-25 22:37:46', 1, 'reviews/review_o1Q2dzB6jv.jpg', 1, 0, 6, 4, 0, '2025-06-02 15:37:46', '2025-06-02 15:37:46'),
(61, 16, 7, 34, 3, 4, 'Món này luôn là lựa chọn hàng đầu của tôi bởi giá cả phải chăng cho chất lượng này. Nhìn chung vẫn rất đáng để thử!', '2025-06-01 22:37:46', 1, 'reviews/review_9HSUiiIGj1.jpg', 1, 1, 45, 4, 1, '2025-06-02 15:37:46', '2025-06-02 15:37:46'),
(62, 8, 7, 42, 2, 3, 'Điều làm tôi thích thú với món này là giá cả phải chăng cho chất lượng này. Sẽ tiếp tục ủng hộ dài dài!', '2025-05-10 22:37:46', 1, 'reviews/review_5Q8KJc9o7y.jpg', 1, 0, 24, 1, 0, '2025-06-02 15:37:46', '2025-06-02 15:37:46'),
(63, 13, 7, 87, 1, 3, 'Tôi đánh giá rất cao món này vì đồ ăn nóng hổi khi nhận được. Recommended cho mọi người!', '2025-05-30 22:37:46', 1, NULL, 1, 0, 28, 1, 1, '2025-06-02 15:37:46', '2025-06-02 15:37:46'),
(64, 27, 7, 35, 2, 5, 'Tôi thường xuyên đặt món này vì đóng gói cẩn thận, sạch sẽ. Chắc chắn sẽ quay lại lần nữa!', '2025-05-20 22:37:46', 1, 'reviews/review_1hWHVEzWNW.jpg', 1, 1, 29, 4, 1, '2025-06-02 15:37:46', '2025-06-02 15:37:46'),
(65, 25, 7, 33, 3, 3, 'Tôi đánh giá rất cao món này vì hương vị tuyệt vời, đậm đà. Nhìn chung vẫn rất đáng để thử!', '2025-05-26 22:37:46', 1, 'reviews/review_KxISs9KAyP.jpg', 1, 1, 17, 4, 0, '2025-06-02 15:37:46', '2025-06-02 15:37:46'),
(66, 26, 7, 2, 1, 5, 'Món ăn để lại ấn tượng tốt nhờ phần ăn đầy đặn, nhiều nhân. Nhìn chung vẫn rất đáng để thử!', '2025-05-14 22:37:46', 1, 'reviews/review_OsjZjwevtZ.jpg', 1, 0, 23, 5, 1, '2025-06-02 15:37:46', '2025-06-02 15:37:46'),
(67, 21, 7, 27, 3, 4, 'Điều làm tôi thích thú với món này là đồ ăn nóng hổi khi nhận được. Chắc chắn sẽ quay lại lần nữa!', '2025-05-18 22:37:46', 1, 'reviews/review_ZcEmJFuXUz.jpg', 1, 0, 20, 0, 1, '2025-06-02 15:37:46', '2025-06-02 15:37:46'),
(68, 10, 7, 6, 3, 4, 'Sau nhiều lần order, tôi vẫn đánh giá cao vì chất lượng ổn định qua nhiều lần order. Không chỉ vậy, phần ăn đầy đặn, nhiều nhân. Rất đáng đồng tiền!', '2025-06-01 22:37:46', 1, 'reviews/review_g1u7DO5fEa.jpg', 1, 1, 37, 1, 0, '2025-06-02 15:37:46', '2025-06-02 15:37:46'),
(69, 2, 7, 64, 2, 3, 'Điểm khiến tôi ấn tượng với món này là nhân viên nhiệt tình, chu đáo. Không chỉ vậy, hương vị tuyệt vời, đậm đà. Hy vọng lần sau đồ ăn hơi nguội khi giao đến. Sẽ tiếp tục ủng hộ dài dài!', '2025-05-16 22:37:46', 1, NULL, 1, 0, 7, 3, 0, '2025-06-02 15:37:46', '2025-06-02 15:37:46'),
(70, 6, 7, 40, 2, 3, 'Tôi rất hài lòng với chất lượng món này vì giao hàng đúng giờ, shipper thân thiện. Sẽ tiếp tục ủng hộ dài dài!', '2025-05-06 22:37:46', 1, 'reviews/review_uZUJgelKoh.jpg', 1, 1, 5, 3, 1, '2025-06-02 15:37:46', '2025-06-02 15:37:46'),
(71, 5, 8, 54, 3, 5, 'Món này luôn là lựa chọn hàng đầu của tôi bởi nguyên liệu tươi ngon, chọn lọc kỹ. Điểm cần cải thiện là nước chấm hơi ít so với khẩu phần. Recommended cho mọi người!', '2025-05-12 22:37:46', 1, NULL, 1, 0, 48, 3, 1, '2025-06-02 15:37:46', '2025-06-02 15:37:46'),
(72, 5, 8, 3, 2, 4, 'Sau nhiều lần order, tôi vẫn đánh giá cao vì phần ăn đầy đặn, nhiều nhân. Không chỉ vậy, nhân viên nhiệt tình, chu đáo. Nhìn chung vẫn rất đáng để thử!', '2025-05-28 22:37:46', 1, 'reviews/review_aHBgP56VoD.jpg', 1, 0, 20, 0, 1, '2025-06-02 15:37:46', '2025-06-02 15:37:46'),
(73, 11, 8, 49, 1, 3, 'Tôi rất hài lòng với chất lượng món này vì nguyên liệu tươi ngon, chọn lọc kỹ. Không chỉ vậy, phục vụ chuyên nghiệp, nhanh chóng. Mong rằng phần ăn có thể nhiều hơn một chút. Rất đáng đồng tiền!', '2025-05-23 22:37:46', 1, NULL, 1, 1, 46, 0, 0, '2025-06-02 15:37:46', '2025-06-02 15:37:46'),
(74, 28, 8, 26, 3, 3, 'Đây là một trong những món tôi thích nhất ở đây vì nhân viên nhiệt tình, chu đáo. Điểm cần cải thiện là rau củ garnish có thể tươi hơn. Sẽ tiếp tục ủng hộ dài dài!', '2025-05-10 22:37:46', 1, 'reviews/review_P3w5XQtDmg.jpg', 1, 0, 49, 4, 1, '2025-06-02 15:37:46', '2025-06-02 15:37:46'),
(75, 18, 8, 5, 3, 4, 'Tôi đã thử nhiều nơi nhưng vẫn thích ở đây nhất bởi phục vụ chuyên nghiệp, nhanh chóng. Không chỉ vậy, chất lượng ổn định qua nhiều lần order. Chắc chắn sẽ quay lại lần nữa!', '2025-05-27 22:37:46', 1, 'reviews/review_psaZnbVDUm.jpg', 1, 0, 27, 1, 0, '2025-06-02 15:37:46', '2025-06-02 15:37:46'),
(76, 24, 8, 82, 2, 3, 'Sau nhiều lần order, tôi vẫn đánh giá cao vì phần ăn đầy đặn, nhiều nhân. Điểm cần cải thiện là bao bì đóng gói cần cải thiện thêm. Chắc chắn sẽ quay lại lần nữa!', '2025-05-22 22:37:46', 1, 'reviews/review_0unCGKQE6g.jpg', 1, 1, 20, 4, 0, '2025-06-02 15:37:46', '2025-06-02 15:37:46'),
(77, 8, 8, 72, 2, 5, 'Tôi đã thử nhiều nơi nhưng vẫn thích ở đây nhất bởi giao hàng đúng giờ, shipper thân thiện. Recommended cho mọi người!', '2025-05-23 22:37:46', 1, 'reviews/review_kVFqI8Kr38.jpg', 1, 0, 49, 3, 0, '2025-06-02 15:37:46', '2025-06-02 15:37:46'),
(78, 14, 8, 5, 2, 4, 'Tôi đã thử nhiều nơi nhưng vẫn thích ở đây nhất bởi đóng gói cẩn thận, sạch sẽ. Không chỉ vậy, phần ăn đầy đặn, nhiều nhân. Recommended cho mọi người!', '2025-05-29 22:37:46', 1, 'reviews/review_uqyientsVk.jpg', 1, 1, 3, 2, 1, '2025-06-02 15:37:46', '2025-06-02 15:37:46'),
(79, 20, 8, 2, 3, 3, 'Tôi đã thử nhiều nơi nhưng vẫn thích ở đây nhất bởi đóng gói cẩn thận, sạch sẽ. Chắc chắn sẽ quay lại lần nữa!', '2025-05-21 22:37:46', 1, NULL, 1, 1, 41, 4, 1, '2025-06-02 15:37:46', '2025-06-02 15:37:46'),
(80, 27, 8, 77, 2, 5, 'Điểm khiến tôi ấn tượng với món này là hương vị tuyệt vời, đậm đà. Rất đáng đồng tiền!', '2025-05-23 22:37:46', 1, 'reviews/review_Zwoj7tzN1k.jpg', 1, 0, 33, 2, 1, '2025-06-02 15:37:46', '2025-06-02 15:37:46'),
(81, 3, 9, 2, 1, 3, 'Đây là một trong những món tôi thích nhất ở đây vì phần ăn đầy đặn, nhiều nhân. Không chỉ vậy, hương vị tuyệt vời, đậm đà. Chắc chắn sẽ quay lại lần nữa!', '2025-05-04 22:37:46', 1, NULL, 1, 0, 24, 4, 1, '2025-06-02 15:37:46', '2025-06-02 15:37:46'),
(82, 28, 9, 100, 1, 5, 'Điểm khiến tôi ấn tượng với món này là đóng gói cẩn thận, sạch sẽ. Recommended cho mọi người!', '2025-05-31 22:37:46', 1, NULL, 1, 1, 48, 5, 0, '2025-06-02 15:37:46', '2025-06-02 15:37:46'),
(83, 22, 9, 22, 3, 5, 'Điểm khiến tôi ấn tượng với món này là chất lượng ổn định qua nhiều lần order. Chắc chắn sẽ quay lại lần nữa!', '2025-05-08 22:37:46', 1, 'reviews/review_KhbuwGEVMX.jpg', 1, 1, 30, 5, 1, '2025-06-02 15:37:46', '2025-06-02 15:37:46'),
(84, 4, 9, 69, 1, 5, 'Điều làm tôi thích thú với món này là chất lượng ổn định qua nhiều lần order. Không chỉ vậy, phục vụ chuyên nghiệp, nhanh chóng. Chắc chắn sẽ quay lại lần nữa!', '2025-05-28 22:37:46', 1, 'reviews/review_z86tsXafWu.jpg', 1, 0, 48, 1, 1, '2025-06-02 15:37:46', '2025-06-02 15:37:46'),
(85, 10, 9, 95, 2, 5, 'Tôi đánh giá rất cao món này vì đóng gói cẩn thận, sạch sẽ. Không chỉ vậy, đóng gói cẩn thận, sạch sẽ. Điểm cần cải thiện là bao bì đóng gói cần cải thiện thêm. Chắc chắn sẽ quay lại lần nữa!', '2025-05-21 22:37:46', 1, NULL, 1, 0, 24, 1, 0, '2025-06-02 15:37:46', '2025-06-02 15:37:46'),
(86, 22, 9, 32, 1, 4, 'Sau nhiều lần order, tôi vẫn đánh giá cao vì hương vị tuyệt vời, đậm đà. Rất đáng đồng tiền!', '2025-05-13 22:37:46', 1, 'reviews/review_Gke60UoJZI.jpg', 1, 1, 7, 2, 1, '2025-06-02 15:37:46', '2025-06-02 15:37:46'),
(87, 4, 9, 14, 2, 4, 'Tôi đánh giá rất cao món này vì phần ăn đầy đặn, nhiều nhân. Không chỉ vậy, nguyên liệu tươi ngon, chọn lọc kỹ. Góp ý nhỏ là nên có thêm option về độ cay. Sẽ tiếp tục ủng hộ dài dài!', '2025-05-15 22:37:46', 1, NULL, 1, 1, 17, 0, 0, '2025-06-02 15:37:46', '2025-06-02 15:37:46'),
(88, 19, 9, 18, 1, 3, 'Món ăn để lại ấn tượng tốt nhờ giao hàng đúng giờ, shipper thân thiện. Rất đáng đồng tiền!', '2025-05-04 22:37:46', 1, 'reviews/review_6RrkABeLfd.jpg', 1, 0, 45, 5, 0, '2025-06-02 15:37:46', '2025-06-02 15:37:46'),
(89, 28, 9, 86, 2, 4, 'Món này luôn là lựa chọn hàng đầu của tôi bởi nguyên liệu tươi ngon, chọn lọc kỹ. Sẽ tiếp tục ủng hộ dài dài!', '2025-05-30 22:37:46', 1, 'reviews/review_dqeLZbhntt.jpg', 1, 1, 12, 5, 1, '2025-06-02 15:37:46', '2025-06-02 15:37:46'),
(90, 12, 9, 3, 2, 5, 'Tôi thường xuyên đặt món này vì phục vụ chuyên nghiệp, nhanh chóng. Chắc chắn sẽ quay lại lần nữa!', '2025-05-31 22:37:46', 1, 'reviews/review_58ymgRuYI8.jpg', 1, 0, 24, 2, 0, '2025-06-02 15:37:46', '2025-06-02 15:37:46'),
(91, 11, 10, 58, 3, 5, 'Đây là một trong những món tôi thích nhất ở đây vì đồ ăn nóng hổi khi nhận được. Sẽ tiếp tục ủng hộ dài dài!', '2025-05-10 22:37:46', 1, NULL, 1, 0, 43, 3, 0, '2025-06-02 15:37:46', '2025-06-02 15:37:46'),
(92, 28, 10, 78, 3, 5, 'Tôi đã thử nhiều nơi nhưng vẫn thích ở đây nhất bởi giá cả phải chăng cho chất lượng này. Chắc chắn sẽ quay lại lần nữa!', '2025-05-26 22:37:46', 1, NULL, 1, 0, 49, 2, 0, '2025-06-02 15:37:46', '2025-06-02 15:37:46'),
(93, 5, 10, 85, 2, 3, 'Tôi rất hài lòng với chất lượng món này vì đồ ăn nóng hổi khi nhận được. Nhìn chung vẫn rất đáng để thử!', '2025-05-04 22:37:46', 1, NULL, 1, 1, 45, 5, 0, '2025-06-02 15:37:46', '2025-06-02 15:37:46'),
(94, 28, 10, 58, 3, 5, 'Điểm khiến tôi ấn tượng với món này là đồ ăn nóng hổi khi nhận được. Mong rằng giá hơi cao so với portion size. Sẽ tiếp tục ủng hộ dài dài!', '2025-05-18 22:37:46', 1, 'reviews/review_l19QBNaghJ.jpg', 1, 0, 0, 5, 0, '2025-06-02 15:37:46', '2025-06-02 15:37:46'),
(95, 17, 10, 64, 3, 5, 'Tôi đã thử nhiều nơi nhưng vẫn thích ở đây nhất bởi nhân viên nhiệt tình, chu đáo. Sẽ tiếp tục ủng hộ dài dài!', '2025-05-07 22:37:46', 1, 'reviews/review_vbfLHuYtzn.jpg', 1, 0, 44, 1, 0, '2025-06-02 15:37:46', '2025-06-02 15:37:46'),
(96, 9, 10, 87, 2, 5, 'Điều làm tôi thích thú với món này là chất lượng ổn định qua nhiều lần order. Chắc chắn sẽ quay lại lần nữa!', '2025-05-03 22:37:46', 1, NULL, 1, 0, 34, 5, 1, '2025-06-02 15:37:46', '2025-06-02 15:37:46'),
(97, 21, 10, 65, 3, 5, 'Điểm khiến tôi ấn tượng với món này là đồ ăn nóng hổi khi nhận được. Chắc chắn sẽ quay lại lần nữa!', '2025-05-23 22:37:46', 1, NULL, 1, 0, 10, 4, 0, '2025-06-02 15:37:46', '2025-06-02 15:37:46'),
(98, 13, 10, 78, 3, 4, 'Tôi đã thử nhiều nơi nhưng vẫn thích ở đây nhất bởi hương vị tuyệt vời, đậm đà. Không chỉ vậy, đóng gói cẩn thận, sạch sẽ. Mong rằng đồ ăn hơi nguội khi giao đến. Recommended cho mọi người!', '2025-05-21 22:37:46', 1, 'reviews/review_ljGB6WdC0v.jpg', 1, 1, 31, 2, 0, '2025-06-02 15:37:46', '2025-06-02 15:37:46'),
(99, 25, 10, 61, 2, 3, 'Tôi đánh giá rất cao món này vì đồ ăn nóng hổi khi nhận được. Recommended cho mọi người!', '2025-05-24 22:37:46', 1, NULL, 1, 0, 18, 2, 0, '2025-06-02 15:37:46', '2025-06-02 15:37:46'),
(100, 11, 10, 16, 1, 4, 'Món ăn để lại ấn tượng tốt nhờ đồ ăn nóng hổi khi nhận được. Rất đáng đồng tiền!', '2025-05-31 22:37:46', 1, 'reviews/review_nRN2xeB5UA.jpg', 1, 1, 45, 2, 1, '2025-06-02 15:37:46', '2025-06-02 15:37:46'),
(101, 13, 11, 40, 2, 5, 'Điểm khiến tôi ấn tượng với món này là đồ ăn nóng hổi khi nhận được. Không chỉ vậy, hương vị tuyệt vời, đậm đà. Chắc chắn sẽ quay lại lần nữa!', '2025-05-10 22:37:46', 1, NULL, 1, 0, 28, 2, 0, '2025-06-02 15:37:46', '2025-06-02 15:37:46'),
(102, 7, 11, 44, 2, 3, 'Tôi rất hài lòng với chất lượng món này vì giá cả phải chăng cho chất lượng này. Không chỉ vậy, phần ăn đầy đặn, nhiều nhân. Điểm cần cải thiện là rau củ garnish có thể tươi hơn. Rất đáng đồng tiền!', '2025-05-18 22:37:46', 1, 'reviews/review_6byb6fyl5s.jpg', 1, 1, 50, 0, 1, '2025-06-02 15:37:46', '2025-06-02 15:37:46'),
(103, 5, 11, 18, 2, 5, 'Điểm khiến tôi ấn tượng với món này là phần ăn đầy đặn, nhiều nhân. Không chỉ vậy, giá cả phải chăng cho chất lượng này. Recommended cho mọi người!', '2025-05-15 22:37:46', 1, NULL, 1, 0, 49, 3, 1, '2025-06-02 15:37:46', '2025-06-02 15:37:46'),
(104, 22, 11, 45, 3, 3, 'Món này luôn là lựa chọn hàng đầu của tôi bởi đóng gói cẩn thận, sạch sẽ. Không chỉ vậy, đóng gói cẩn thận, sạch sẽ. Rất đáng đồng tiền!', '2025-05-17 22:37:46', 1, NULL, 1, 0, 37, 4, 0, '2025-06-02 15:37:46', '2025-06-02 15:37:46'),
(105, 22, 11, 46, 1, 4, 'Tôi đánh giá rất cao món này vì phần ăn đầy đặn, nhiều nhân. Sẽ tiếp tục ủng hộ dài dài!', '2025-05-27 22:37:46', 1, NULL, 1, 1, 0, 4, 1, '2025-06-02 15:37:46', '2025-06-02 15:37:46'),
(106, 9, 11, 61, 2, 3, 'Món ăn để lại ấn tượng tốt nhờ chất lượng ổn định qua nhiều lần order. Nhìn chung vẫn rất đáng để thử!', '2025-05-29 22:37:46', 1, 'reviews/review_UcDoYi9iIe.jpg', 1, 1, 17, 1, 1, '2025-06-02 15:37:46', '2025-06-02 15:37:46'),
(107, 23, 11, 33, 1, 5, 'Điều làm tôi thích thú với món này là phục vụ chuyên nghiệp, nhanh chóng. Recommended cho mọi người!', '2025-05-23 22:37:46', 1, 'reviews/review_IJLpzzhj6B.jpg', 1, 0, 40, 1, 1, '2025-06-02 15:37:46', '2025-06-02 15:37:46'),
(108, 20, 11, 43, 2, 3, 'Sau nhiều lần order, tôi vẫn đánh giá cao vì nhân viên nhiệt tình, chu đáo. Tuy nhiên, thời gian chờ hơi lâu vào giờ cao điểm. Nhìn chung vẫn rất đáng để thử!', '2025-05-16 22:37:46', 1, NULL, 1, 1, 28, 2, 0, '2025-06-02 15:37:46', '2025-06-02 15:37:46'),
(109, 17, 11, 10, 3, 4, 'Điều làm tôi thích thú với món này là giá cả phải chăng cho chất lượng này. Không chỉ vậy, phục vụ chuyên nghiệp, nhanh chóng. Recommended cho mọi người!', '2025-05-04 22:37:46', 1, 'reviews/review_kOjBQaHKkB.jpg', 1, 0, 4, 2, 1, '2025-06-02 15:37:46', '2025-06-02 15:37:46'),
(110, 1, 11, 86, 3, 4, 'Điều làm tôi thích thú với món này là hương vị tuyệt vời, đậm đà. Không chỉ vậy, đồ ăn nóng hổi khi nhận được. Sẽ tiếp tục ủng hộ dài dài!', '2025-05-26 22:37:46', 1, 'reviews/review_7SOlDQLlxP.jpg', 1, 0, 10, 0, 1, '2025-06-02 15:37:46', '2025-06-02 15:37:46'),
(111, 10, 12, 30, 3, 4, 'Đây là một trong những món tôi thích nhất ở đây vì đóng gói cẩn thận, sạch sẽ. Không chỉ vậy, giá cả phải chăng cho chất lượng này. Mong rằng vị có thể đậm đà hơn một chút. Recommended cho mọi người!', '2025-05-15 22:37:46', 1, NULL, 1, 1, 8, 1, 1, '2025-06-02 15:37:46', '2025-06-02 15:37:46'),
(112, 27, 12, 74, 3, 4, 'Món này luôn là lựa chọn hàng đầu của tôi bởi đồ ăn nóng hổi khi nhận được. Rất đáng đồng tiền!', '2025-05-09 22:37:46', 1, 'reviews/review_dB29LKxUiQ.jpg', 1, 1, 6, 0, 0, '2025-06-02 15:37:46', '2025-06-02 15:37:46'),
(113, 17, 12, 24, 1, 5, 'Điều làm tôi thích thú với món này là đồ ăn nóng hổi khi nhận được. Chắc chắn sẽ quay lại lần nữa!', '2025-05-28 22:37:46', 1, NULL, 1, 1, 8, 1, 0, '2025-06-02 15:37:46', '2025-06-02 15:37:46'),
(114, 6, 12, 22, 2, 3, 'Món ăn để lại ấn tượng tốt nhờ đồ ăn nóng hổi khi nhận được. Không chỉ vậy, chất lượng ổn định qua nhiều lần order. Recommended cho mọi người!', '2025-05-25 22:37:46', 1, NULL, 1, 1, 5, 5, 1, '2025-06-02 15:37:46', '2025-06-02 15:37:46'),
(115, 7, 12, 96, 2, 4, 'Sau nhiều lần order, tôi vẫn đánh giá cao vì giao hàng đúng giờ, shipper thân thiện. Tuy nhiên, nước chấm hơi ít so với khẩu phần. Sẽ tiếp tục ủng hộ dài dài!', '2025-06-01 22:37:46', 1, NULL, 1, 1, 49, 5, 0, '2025-06-02 15:37:46', '2025-06-02 15:37:46'),
(116, 5, 12, 46, 2, 4, 'Tôi rất hài lòng với chất lượng món này vì phục vụ chuyên nghiệp, nhanh chóng. Chắc chắn sẽ quay lại lần nữa!', '2025-05-23 22:37:46', 1, NULL, 1, 0, 37, 3, 1, '2025-06-02 15:37:46', '2025-06-02 15:37:46'),
(117, 20, 12, 46, 3, 4, 'Tôi thường xuyên đặt món này vì nguyên liệu tươi ngon, chọn lọc kỹ. Tuy nhiên, phần ăn có thể nhiều hơn một chút. Sẽ tiếp tục ủng hộ dài dài!', '2025-05-21 22:37:46', 1, NULL, 1, 0, 38, 4, 0, '2025-06-02 15:37:46', '2025-06-02 15:37:46'),
(118, 26, 12, 78, 2, 4, 'Tôi đã thử nhiều nơi nhưng vẫn thích ở đây nhất bởi hương vị tuyệt vời, đậm đà. Không chỉ vậy, giá cả phải chăng cho chất lượng này. Điểm cần cải thiện là đồ ăn hơi nguội khi giao đến. Chắc chắn sẽ quay lại lần nữa!', '2025-06-01 22:37:46', 1, NULL, 1, 0, 29, 2, 0, '2025-06-02 15:37:46', '2025-06-02 15:37:46'),
(119, 7, 12, 37, 3, 3, 'Tôi đánh giá rất cao món này vì đồ ăn nóng hổi khi nhận được. Không chỉ vậy, nguyên liệu tươi ngon, chọn lọc kỹ. Điểm cần cải thiện là phần ăn có thể nhiều hơn một chút. Sẽ tiếp tục ủng hộ dài dài!', '2025-05-28 22:37:46', 1, 'reviews/review_E3ehDshkzI.jpg', 1, 1, 38, 4, 0, '2025-06-02 15:37:46', '2025-06-02 15:37:46'),
(120, 28, 12, 19, 3, 4, 'Tôi đánh giá rất cao món này vì phần ăn đầy đặn, nhiều nhân. Không chỉ vậy, nhân viên nhiệt tình, chu đáo. Sẽ tiếp tục ủng hộ dài dài!', '2025-05-28 22:37:46', 1, NULL, 1, 0, 13, 2, 0, '2025-06-02 15:37:46', '2025-06-02 15:37:46'),
(121, 12, 13, 40, 2, 4, 'Tôi thường xuyên đặt món này vì chất lượng ổn định qua nhiều lần order. Nhìn chung vẫn rất đáng để thử!', '2025-05-21 22:37:46', 1, 'reviews/review_V8bZNJEQrI.jpg', 1, 1, 30, 5, 1, '2025-06-02 15:37:46', '2025-06-02 15:37:46'),
(122, 1, 13, 26, 2, 4, 'Món này luôn là lựa chọn hàng đầu của tôi bởi giao hàng đúng giờ, shipper thân thiện. Không chỉ vậy, giá cả phải chăng cho chất lượng này. Nhìn chung vẫn rất đáng để thử!', '2025-05-12 22:37:46', 1, 'reviews/review_s1T6S6to6Q.jpg', 1, 0, 22, 3, 0, '2025-06-02 15:37:46', '2025-06-02 15:37:46'),
(123, 28, 13, 78, 1, 3, 'Tôi đã thử nhiều nơi nhưng vẫn thích ở đây nhất bởi nhân viên nhiệt tình, chu đáo. Sẽ tiếp tục ủng hộ dài dài!', '2025-05-15 22:37:46', 1, 'reviews/review_5X5s8oLF7b.jpg', 1, 1, 21, 3, 0, '2025-06-02 15:37:46', '2025-06-02 15:37:46'),
(124, 28, 13, 70, 1, 3, 'Món ăn để lại ấn tượng tốt nhờ phần ăn đầy đặn, nhiều nhân. Không chỉ vậy, nguyên liệu tươi ngon, chọn lọc kỹ. Hy vọng lần sau phần ăn có thể nhiều hơn một chút. Sẽ tiếp tục ủng hộ dài dài!', '2025-05-05 22:37:46', 1, NULL, 1, 1, 5, 2, 1, '2025-06-02 15:37:46', '2025-06-02 15:37:46'),
(125, 11, 13, 46, 2, 3, 'Điều làm tôi thích thú với món này là đồ ăn nóng hổi khi nhận được. Không chỉ vậy, phần ăn đầy đặn, nhiều nhân. Rất đáng đồng tiền!', '2025-05-24 22:37:46', 1, 'reviews/review_cYdz6B8wq0.jpg', 1, 1, 31, 0, 0, '2025-06-02 15:37:46', '2025-06-02 15:37:46'),
(126, 27, 13, 100, 1, 3, 'Đây là một trong những món tôi thích nhất ở đây vì đồ ăn nóng hổi khi nhận được. Nhìn chung vẫn rất đáng để thử!', '2025-05-16 22:37:46', 1, 'reviews/review_q78GdxZlD1.jpg', 1, 0, 2, 3, 1, '2025-06-02 15:37:46', '2025-06-02 15:37:46'),
(127, 15, 13, 54, 3, 5, 'Tôi thường xuyên đặt món này vì hương vị tuyệt vời, đậm đà. Không chỉ vậy, phục vụ chuyên nghiệp, nhanh chóng. Mong rằng nước chấm hơi ít so với khẩu phần. Chắc chắn sẽ quay lại lần nữa!', '2025-05-27 22:37:46', 1, 'reviews/review_5WSR6mESom.jpg', 1, 1, 0, 2, 1, '2025-06-02 15:37:46', '2025-06-02 15:37:46'),
(128, 23, 13, 49, 3, 3, 'Điều làm tôi thích thú với món này là nguyên liệu tươi ngon, chọn lọc kỹ. Không chỉ vậy, hương vị tuyệt vời, đậm đà. Hy vọng lần sau thời gian chờ hơi lâu vào giờ cao điểm. Chắc chắn sẽ quay lại lần nữa!', '2025-05-26 22:37:46', 1, NULL, 1, 1, 49, 5, 1, '2025-06-02 15:37:46', '2025-06-02 15:37:46'),
(129, 24, 13, 85, 2, 4, 'Điểm khiến tôi ấn tượng với món này là hương vị tuyệt vời, đậm đà. Sẽ tiếp tục ủng hộ dài dài!', '2025-05-09 22:37:46', 1, NULL, 1, 1, 40, 0, 1, '2025-06-02 15:37:46', '2025-06-02 15:37:46'),
(130, 8, 13, 58, 2, 5, 'Điểm khiến tôi ấn tượng với món này là nguyên liệu tươi ngon, chọn lọc kỹ. Rất đáng đồng tiền!', '2025-05-21 22:37:46', 1, NULL, 1, 0, 11, 3, 1, '2025-06-02 15:37:46', '2025-06-02 15:37:46'),
(131, 24, 14, 81, 2, 3, 'Món ăn để lại ấn tượng tốt nhờ phục vụ chuyên nghiệp, nhanh chóng. Không chỉ vậy, giao hàng đúng giờ, shipper thân thiện. Rất đáng đồng tiền!', '2025-05-25 22:37:46', 1, 'reviews/review_ihQr33m6ag.jpg', 1, 1, 45, 0, 1, '2025-06-02 15:37:46', '2025-06-02 15:37:46'),
(132, 1, 14, 5, 2, 3, 'Điểm khiến tôi ấn tượng với món này là đóng gói cẩn thận, sạch sẽ. Không chỉ vậy, nhân viên nhiệt tình, chu đáo. Nhìn chung vẫn rất đáng để thử!', '2025-05-06 22:37:46', 1, 'reviews/review_sTC1BFzIQb.jpg', 1, 1, 49, 2, 1, '2025-06-02 15:37:46', '2025-06-02 15:37:46'),
(133, 25, 14, 14, 3, 4, 'Điểm khiến tôi ấn tượng với món này là nguyên liệu tươi ngon, chọn lọc kỹ. Không chỉ vậy, đóng gói cẩn thận, sạch sẽ. Rất đáng đồng tiền!', '2025-05-25 22:37:46', 1, NULL, 1, 0, 16, 3, 1, '2025-06-02 15:37:46', '2025-06-02 15:37:46'),
(134, 11, 14, 1, 1, 4, 'Sau nhiều lần order, tôi vẫn đánh giá cao vì phần ăn đầy đặn, nhiều nhân. Không chỉ vậy, giao hàng đúng giờ, shipper thân thiện. Góp ý nhỏ là vị có thể đa dạng hơn. Sẽ tiếp tục ủng hộ dài dài!', '2025-05-29 22:37:46', 1, NULL, 1, 1, 25, 3, 1, '2025-06-02 15:37:46', '2025-06-02 15:37:46'),
(135, 17, 14, 9, 1, 3, 'Món ăn để lại ấn tượng tốt nhờ giá cả phải chăng cho chất lượng này. Chắc chắn sẽ quay lại lần nữa!', '2025-05-06 22:37:46', 1, 'reviews/review_8vzXlRKo5L.jpg', 1, 0, 13, 0, 0, '2025-06-02 15:37:46', '2025-06-02 15:37:46'),
(136, 23, 14, 20, 1, 4, 'Đây là một trong những món tôi thích nhất ở đây vì phục vụ chuyên nghiệp, nhanh chóng. Sẽ tiếp tục ủng hộ dài dài!', '2025-05-03 22:37:46', 1, NULL, 1, 0, 34, 4, 1, '2025-06-02 15:37:46', '2025-06-02 15:37:46'),
(137, 24, 14, 46, 2, 3, 'Điều làm tôi thích thú với món này là nguyên liệu tươi ngon, chọn lọc kỹ. Không chỉ vậy, nguyên liệu tươi ngon, chọn lọc kỹ. Rất đáng đồng tiền!', '2025-05-18 22:37:46', 1, NULL, 1, 1, 31, 3, 1, '2025-06-02 15:37:46', '2025-06-02 15:37:46'),
(138, 16, 14, 60, 1, 4, 'Tôi thường xuyên đặt món này vì hương vị tuyệt vời, đậm đà. Không chỉ vậy, giá cả phải chăng cho chất lượng này. Mong rằng nước chấm hơi ít so với khẩu phần. Chắc chắn sẽ quay lại lần nữa!', '2025-05-31 22:37:46', 1, NULL, 1, 0, 1, 2, 0, '2025-06-02 15:37:46', '2025-06-02 15:37:46'),
(139, 9, 14, 54, 3, 4, 'Sau nhiều lần order, tôi vẫn đánh giá cao vì phần ăn đầy đặn, nhiều nhân. Không chỉ vậy, nguyên liệu tươi ngon, chọn lọc kỹ. Góp ý nhỏ là vị có thể đa dạng hơn. Recommended cho mọi người!', '2025-05-31 22:37:46', 1, 'reviews/review_ninjfmyFPL.jpg', 1, 0, 18, 4, 1, '2025-06-02 15:37:46', '2025-06-02 15:37:46'),
(140, 25, 14, 32, 1, 5, 'Đây là một trong những món tôi thích nhất ở đây vì phần ăn đầy đặn, nhiều nhân. Góp ý nhỏ là nước chấm hơi ít so với khẩu phần. Chắc chắn sẽ quay lại lần nữa!', '2025-05-12 22:37:46', 1, 'reviews/review_KX5g7kB50m.jpg', 1, 1, 38, 2, 1, '2025-06-02 15:37:46', '2025-06-02 15:37:46'),
(141, 18, 15, 35, 3, 5, 'Điều làm tôi thích thú với món này là phục vụ chuyên nghiệp, nhanh chóng. Rất đáng đồng tiền!', '2025-05-21 22:37:46', 1, 'reviews/review_U87SUjxBLc.jpg', 1, 1, 30, 5, 1, '2025-06-02 15:37:46', '2025-06-02 15:37:46'),
(142, 10, 15, 30, 1, 5, 'Tôi thường xuyên đặt món này vì chất lượng ổn định qua nhiều lần order. Không chỉ vậy, hương vị tuyệt vời, đậm đà. Nhìn chung vẫn rất đáng để thử!', '2025-05-15 22:37:46', 1, 'reviews/review_6H3fTOtVe9.jpg', 1, 0, 3, 0, 0, '2025-06-02 15:37:46', '2025-06-02 15:37:46'),
(143, 28, 15, 19, 3, 3, 'Đây là một trong những món tôi thích nhất ở đây vì nguyên liệu tươi ngon, chọn lọc kỹ. Nhìn chung vẫn rất đáng để thử!', '2025-05-30 22:37:46', 1, NULL, 1, 1, 45, 1, 0, '2025-06-02 15:37:46', '2025-06-02 15:37:46'),
(144, 22, 15, 91, 2, 4, 'Đây là một trong những món tôi thích nhất ở đây vì nhân viên nhiệt tình, chu đáo. Tuy nhiên, bao bì đóng gói cần cải thiện thêm. Nhìn chung vẫn rất đáng để thử!', '2025-05-26 22:37:46', 1, 'reviews/review_3PZZD98pX0.jpg', 1, 0, 0, 5, 0, '2025-06-02 15:37:46', '2025-06-02 15:37:46'),
(145, 16, 15, 24, 3, 3, 'Sau nhiều lần order, tôi vẫn đánh giá cao vì đóng gói cẩn thận, sạch sẽ. Recommended cho mọi người!', '2025-05-21 22:37:46', 1, 'reviews/review_2uTgnY7oVs.jpg', 1, 1, 20, 4, 0, '2025-06-02 15:37:46', '2025-06-02 15:37:46'),
(146, 28, 15, 71, 2, 4, 'Sau nhiều lần order, tôi vẫn đánh giá cao vì hương vị tuyệt vời, đậm đà. Hy vọng lần sau thời gian chờ hơi lâu vào giờ cao điểm. Rất đáng đồng tiền!', '2025-05-15 22:37:46', 1, NULL, 1, 0, 15, 2, 1, '2025-06-02 15:37:46', '2025-06-02 15:37:46'),
(147, 10, 15, 1, 2, 3, 'Món này luôn là lựa chọn hàng đầu của tôi bởi giá cả phải chăng cho chất lượng này. Recommended cho mọi người!', '2025-05-16 22:37:46', 1, 'reviews/review_xXLKpcwPPf.jpg', 1, 1, 7, 2, 0, '2025-06-02 15:37:46', '2025-06-02 15:37:46'),
(148, 25, 15, 78, 1, 5, 'Đây là một trong những món tôi thích nhất ở đây vì giá cả phải chăng cho chất lượng này. Chắc chắn sẽ quay lại lần nữa!', '2025-05-05 22:37:46', 1, 'reviews/review_pU6iitMRyi.jpg', 1, 1, 38, 0, 1, '2025-06-02 15:37:46', '2025-06-02 15:37:46'),
(149, 13, 15, 20, 2, 5, 'Món này luôn là lựa chọn hàng đầu của tôi bởi giá cả phải chăng cho chất lượng này. Không chỉ vậy, chất lượng ổn định qua nhiều lần order. Rất đáng đồng tiền!', '2025-05-27 22:37:46', 1, NULL, 1, 0, 16, 2, 1, '2025-06-02 15:37:46', '2025-06-02 15:37:46'),
(150, 26, 15, 17, 1, 5, 'Tôi rất hài lòng với chất lượng món này vì phần ăn đầy đặn, nhiều nhân. Không chỉ vậy, phần ăn đầy đặn, nhiều nhân. Sẽ tiếp tục ủng hộ dài dài!', '2025-05-03 22:37:46', 1, 'reviews/review_owKbymNLjK.jpg', 1, 1, 14, 1, 1, '2025-06-02 15:37:46', '2025-06-02 15:37:46'),
(151, 22, 16, 53, 1, 5, 'Món này luôn là lựa chọn hàng đầu của tôi bởi đồ ăn nóng hổi khi nhận được. Không chỉ vậy, đồ ăn nóng hổi khi nhận được. Chắc chắn sẽ quay lại lần nữa!', '2025-05-31 22:37:46', 1, 'reviews/review_pXmNZgn8Xg.jpg', 1, 0, 48, 3, 1, '2025-06-02 15:37:46', '2025-06-02 15:37:46'),
(152, 26, 16, 36, 3, 4, 'Điều làm tôi thích thú với món này là chất lượng ổn định qua nhiều lần order. Sẽ tiếp tục ủng hộ dài dài!', '2025-05-06 22:37:46', 1, NULL, 1, 0, 19, 4, 0, '2025-06-02 15:37:46', '2025-06-02 15:37:46'),
(153, 24, 16, 100, 3, 4, 'Tôi thường xuyên đặt món này vì phần ăn đầy đặn, nhiều nhân. Nhìn chung vẫn rất đáng để thử!', '2025-05-19 22:37:46', 1, 'reviews/review_vleuwxPqLa.jpg', 1, 0, 15, 3, 1, '2025-06-02 15:37:46', '2025-06-02 15:37:46'),
(154, 18, 16, 64, 1, 5, 'Món ăn để lại ấn tượng tốt nhờ nhân viên nhiệt tình, chu đáo. Chắc chắn sẽ quay lại lần nữa!', '2025-05-26 22:37:46', 1, NULL, 1, 1, 15, 1, 1, '2025-06-02 15:37:46', '2025-06-02 15:37:46'),
(155, 1, 16, 43, 2, 3, 'Điều làm tôi thích thú với món này là phần ăn đầy đặn, nhiều nhân. Rất đáng đồng tiền!', '2025-05-07 22:37:46', 1, NULL, 1, 1, 44, 0, 0, '2025-06-02 15:37:46', '2025-06-02 15:37:46'),
(156, 17, 16, 10, 1, 4, 'Món này luôn là lựa chọn hàng đầu của tôi bởi giao hàng đúng giờ, shipper thân thiện. Không chỉ vậy, đóng gói cẩn thận, sạch sẽ. Góp ý nhỏ là đồ ăn hơi nguội khi giao đến. Chắc chắn sẽ quay lại lần nữa!', '2025-05-22 22:37:46', 1, NULL, 1, 0, 5, 4, 1, '2025-06-02 15:37:46', '2025-06-02 15:37:46'),
(157, 20, 16, 38, 1, 4, 'Điểm khiến tôi ấn tượng với món này là nguyên liệu tươi ngon, chọn lọc kỹ. Rất đáng đồng tiền!', '2025-05-11 22:37:46', 1, NULL, 1, 0, 49, 0, 0, '2025-06-02 15:37:46', '2025-06-02 15:37:46'),
(158, 18, 16, 76, 2, 4, 'Điểm khiến tôi ấn tượng với món này là nguyên liệu tươi ngon, chọn lọc kỹ. Không chỉ vậy, phục vụ chuyên nghiệp, nhanh chóng. Rất đáng đồng tiền!', '2025-05-31 22:37:46', 1, NULL, 1, 0, 28, 1, 1, '2025-06-02 15:37:46', '2025-06-02 15:37:46'),
(159, 15, 16, 46, 2, 3, 'Tôi thường xuyên đặt món này vì giao hàng đúng giờ, shipper thân thiện. Recommended cho mọi người!', '2025-05-09 22:37:46', 1, 'reviews/review_h6n5Y7QaTB.jpg', 1, 1, 29, 1, 0, '2025-06-02 15:37:46', '2025-06-02 15:37:46'),
(160, 11, 16, 24, 3, 3, 'Tôi đánh giá rất cao món này vì giao hàng đúng giờ, shipper thân thiện. Recommended cho mọi người!', '2025-05-30 22:37:46', 1, 'reviews/review_4szXvbHWPk.jpg', 1, 1, 0, 3, 0, '2025-06-02 15:37:46', '2025-06-02 15:37:46'),
(161, 7, 17, 43, 1, 3, 'Tôi đánh giá rất cao món này vì nhân viên nhiệt tình, chu đáo. Recommended cho mọi người!', '2025-05-22 22:37:46', 1, NULL, 1, 0, 21, 5, 0, '2025-06-02 15:37:46', '2025-06-02 15:37:46'),
(162, 2, 17, 19, 2, 3, 'Tôi rất hài lòng với chất lượng món này vì đóng gói cẩn thận, sạch sẽ. Không chỉ vậy, nguyên liệu tươi ngon, chọn lọc kỹ. Chắc chắn sẽ quay lại lần nữa!', '2025-05-07 22:37:46', 1, NULL, 1, 0, 38, 2, 0, '2025-06-02 15:37:46', '2025-06-02 15:37:46'),
(163, 9, 17, 19, 1, 4, 'Tôi thường xuyên đặt món này vì phần ăn đầy đặn, nhiều nhân. Sẽ tiếp tục ủng hộ dài dài!', '2025-05-10 22:37:46', 1, NULL, 1, 1, 47, 1, 0, '2025-06-02 15:37:46', '2025-06-02 15:37:46'),
(164, 3, 17, 16, 3, 5, 'Điểm khiến tôi ấn tượng với món này là phục vụ chuyên nghiệp, nhanh chóng. Recommended cho mọi người!', '2025-06-01 22:37:46', 1, 'reviews/review_uZRXc4XqZd.jpg', 1, 1, 21, 3, 0, '2025-06-02 15:37:46', '2025-06-02 15:37:46'),
(165, 9, 17, 75, 2, 3, 'Tôi đã thử nhiều nơi nhưng vẫn thích ở đây nhất bởi đồ ăn nóng hổi khi nhận được. Không chỉ vậy, chất lượng ổn định qua nhiều lần order. Nhìn chung vẫn rất đáng để thử!', '2025-05-07 22:37:46', 1, NULL, 1, 1, 17, 5, 1, '2025-06-02 15:37:46', '2025-06-02 15:37:46'),
(166, 7, 17, 57, 2, 5, 'Điểm khiến tôi ấn tượng với món này là giá cả phải chăng cho chất lượng này. Mong rằng giá hơi cao so với portion size. Nhìn chung vẫn rất đáng để thử!', '2025-05-17 22:37:46', 1, 'reviews/review_oJxeGHszLW.jpg', 1, 0, 30, 2, 1, '2025-06-02 15:37:46', '2025-06-02 15:37:46'),
(167, 1, 17, 68, 2, 4, 'Tôi đánh giá rất cao món này vì giao hàng đúng giờ, shipper thân thiện. Không chỉ vậy, chất lượng ổn định qua nhiều lần order. Rất đáng đồng tiền!', '2025-05-08 22:37:46', 1, 'reviews/review_OIHLUE4CBL.jpg', 1, 0, 32, 0, 0, '2025-06-02 15:37:46', '2025-06-02 15:37:46'),
(168, 27, 17, 13, 2, 4, 'Món ăn để lại ấn tượng tốt nhờ giao hàng đúng giờ, shipper thân thiện. Góp ý nhỏ là vị có thể đậm đà hơn một chút. Nhìn chung vẫn rất đáng để thử!', '2025-05-06 22:37:46', 1, NULL, 1, 1, 46, 4, 0, '2025-06-02 15:37:46', '2025-06-02 15:37:46'),
(169, 16, 17, 29, 1, 5, 'Tôi rất hài lòng với chất lượng món này vì giao hàng đúng giờ, shipper thân thiện. Không chỉ vậy, phần ăn đầy đặn, nhiều nhân. Mong rằng bao bì đóng gói cần cải thiện thêm. Sẽ tiếp tục ủng hộ dài dài!', '2025-05-24 22:37:46', 1, 'reviews/review_RryILPydll.jpg', 1, 1, 20, 3, 1, '2025-06-02 15:37:46', '2025-06-02 15:37:46'),
(170, 18, 17, 5, 3, 4, 'Tôi thường xuyên đặt món này vì đồ ăn nóng hổi khi nhận được. Chắc chắn sẽ quay lại lần nữa!', '2025-05-12 22:37:46', 1, 'reviews/review_CvXrxrIwgz.jpg', 1, 1, 31, 4, 0, '2025-06-02 15:37:46', '2025-06-02 15:37:46'),
(171, 5, 18, 20, 3, 3, 'Tôi đánh giá rất cao món này vì nhân viên nhiệt tình, chu đáo. Recommended cho mọi người!', '2025-05-23 22:37:46', 1, 'reviews/review_5CqyfPTe4O.jpg', 1, 1, 2, 2, 0, '2025-06-02 15:37:46', '2025-06-02 15:37:46'),
(172, 18, 18, 49, 1, 3, 'Tôi đã thử nhiều nơi nhưng vẫn thích ở đây nhất bởi giá cả phải chăng cho chất lượng này. Không chỉ vậy, nguyên liệu tươi ngon, chọn lọc kỹ. Chắc chắn sẽ quay lại lần nữa!', '2025-05-28 22:37:46', 1, 'reviews/review_Og5VUPCHvb.jpg', 1, 1, 0, 3, 0, '2025-06-02 15:37:46', '2025-06-02 15:37:46'),
(173, 13, 18, 40, 1, 5, 'Món này luôn là lựa chọn hàng đầu của tôi bởi đồ ăn nóng hổi khi nhận được. Recommended cho mọi người!', '2025-05-14 22:37:46', 1, NULL, 1, 0, 20, 2, 1, '2025-06-02 15:37:46', '2025-06-02 15:37:46'),
(174, 25, 18, 98, 3, 5, 'Tôi đánh giá rất cao món này vì chất lượng ổn định qua nhiều lần order. Không chỉ vậy, chất lượng ổn định qua nhiều lần order. Nhìn chung vẫn rất đáng để thử!', '2025-05-19 22:37:46', 1, NULL, 1, 0, 33, 0, 1, '2025-06-02 15:37:46', '2025-06-02 15:37:46'),
(175, 13, 18, 10, 3, 3, 'Món này luôn là lựa chọn hàng đầu của tôi bởi nguyên liệu tươi ngon, chọn lọc kỹ. Recommended cho mọi người!', '2025-05-09 22:37:46', 1, NULL, 1, 0, 7, 4, 0, '2025-06-02 15:37:46', '2025-06-02 15:37:46'),
(176, 3, 18, 7, 3, 5, 'Điều làm tôi thích thú với món này là đóng gói cẩn thận, sạch sẽ. Không chỉ vậy, đóng gói cẩn thận, sạch sẽ. Recommended cho mọi người!', '2025-05-11 22:37:46', 1, NULL, 1, 0, 14, 2, 1, '2025-06-02 15:37:46', '2025-06-02 15:37:46'),
(177, 6, 18, 3, 2, 4, 'Tôi thường xuyên đặt món này vì phần ăn đầy đặn, nhiều nhân. Điểm cần cải thiện là đồ ăn hơi nguội khi giao đến. Sẽ tiếp tục ủng hộ dài dài!', '2025-05-11 22:37:46', 1, 'reviews/review_SSapMwads9.jpg', 1, 0, 49, 2, 0, '2025-06-02 15:37:46', '2025-06-02 15:37:46'),
(178, 17, 18, 74, 1, 4, 'Tôi rất hài lòng với chất lượng món này vì chất lượng ổn định qua nhiều lần order. Điểm cần cải thiện là vị có thể đa dạng hơn. Sẽ tiếp tục ủng hộ dài dài!', '2025-05-28 22:37:46', 1, 'reviews/review_9O4uHZN4tO.jpg', 1, 0, 43, 1, 1, '2025-06-02 15:37:46', '2025-06-02 15:37:46'),
(179, 20, 18, 86, 3, 5, 'Tôi thường xuyên đặt món này vì giao hàng đúng giờ, shipper thân thiện. Sẽ tiếp tục ủng hộ dài dài!', '2025-05-16 22:37:46', 1, NULL, 1, 1, 20, 2, 1, '2025-06-02 15:37:46', '2025-06-02 15:37:46'),
(180, 25, 18, 53, 1, 3, 'Đây là một trong những món tôi thích nhất ở đây vì phục vụ chuyên nghiệp, nhanh chóng. Chắc chắn sẽ quay lại lần nữa!', '2025-05-11 22:37:46', 1, 'reviews/review_IWBfNUyB56.jpg', 1, 0, 23, 2, 1, '2025-06-02 15:37:46', '2025-06-02 15:37:46'),
(181, 4, 19, 92, 1, 4, 'Điều làm tôi thích thú với món này là phần ăn đầy đặn, nhiều nhân. Rất đáng đồng tiền!', '2025-06-01 22:37:46', 1, 'reviews/review_XOwNLsAbOH.jpg', 1, 0, 13, 2, 0, '2025-06-02 15:37:46', '2025-06-02 15:37:46'),
(182, 19, 19, 82, 2, 5, 'Tôi rất hài lòng với chất lượng món này vì hương vị tuyệt vời, đậm đà. Sẽ tiếp tục ủng hộ dài dài!', '2025-05-09 22:37:46', 1, 'reviews/review_hxnSbwzzgu.jpg', 1, 0, 0, 2, 0, '2025-06-02 15:37:46', '2025-06-02 15:37:46'),
(183, 11, 19, 86, 2, 3, 'Tôi rất hài lòng với chất lượng món này vì giá cả phải chăng cho chất lượng này. Rất đáng đồng tiền!', '2025-05-04 22:37:46', 1, NULL, 1, 0, 13, 0, 0, '2025-06-02 15:37:46', '2025-06-02 15:37:46'),
(184, 14, 19, 17, 2, 4, 'Món này luôn là lựa chọn hàng đầu của tôi bởi giá cả phải chăng cho chất lượng này. Sẽ tiếp tục ủng hộ dài dài!', '2025-05-29 22:37:46', 1, 'reviews/review_WhEHxEOd6i.jpg', 1, 0, 36, 5, 0, '2025-06-02 15:37:46', '2025-06-02 15:37:46'),
(185, 17, 19, 46, 1, 3, 'Tôi thường xuyên đặt món này vì hương vị tuyệt vời, đậm đà. Không chỉ vậy, đồ ăn nóng hổi khi nhận được. Rất đáng đồng tiền!', '2025-05-25 22:37:46', 1, NULL, 1, 1, 3, 1, 1, '2025-06-02 15:37:46', '2025-06-02 15:37:46'),
(186, 11, 19, 37, 2, 4, 'Món này luôn là lựa chọn hàng đầu của tôi bởi giá cả phải chăng cho chất lượng này. Không chỉ vậy, giá cả phải chăng cho chất lượng này. Recommended cho mọi người!', '2025-05-05 22:37:46', 1, NULL, 1, 0, 34, 5, 1, '2025-06-02 15:37:46', '2025-06-02 15:37:46'),
(187, 8, 19, 89, 3, 4, 'Tôi đã thử nhiều nơi nhưng vẫn thích ở đây nhất bởi hương vị tuyệt vời, đậm đà. Không chỉ vậy, chất lượng ổn định qua nhiều lần order. Điểm cần cải thiện là bao bì đóng gói cần cải thiện thêm. Recommended cho mọi người!', '2025-05-15 22:37:46', 1, 'reviews/review_gtdHG5WxPg.jpg', 1, 0, 49, 5, 0, '2025-06-02 15:37:46', '2025-06-02 15:37:46');
INSERT INTO `product_reviews` (`id`, `user_id`, `product_id`, `order_id`, `branch_id`, `rating`, `review`, `review_date`, `approved`, `review_image`, `is_verified_purchase`, `is_anonymous`, `helpful_count`, `report_count`, `is_featured`, `created_at`, `updated_at`) VALUES
(188, 16, 19, 64, 2, 4, 'Món ăn để lại ấn tượng tốt nhờ phần ăn đầy đặn, nhiều nhân. Rất đáng đồng tiền!', '2025-05-11 22:37:46', 1, NULL, 1, 0, 42, 0, 1, '2025-06-02 15:37:46', '2025-06-02 15:37:46'),
(189, 27, 19, 2, 1, 5, 'Sau nhiều lần order, tôi vẫn đánh giá cao vì nhân viên nhiệt tình, chu đáo. Không chỉ vậy, phục vụ chuyên nghiệp, nhanh chóng. Rất đáng đồng tiền!', '2025-05-25 22:37:46', 1, 'reviews/review_Xri2wk3GVb.jpg', 1, 1, 22, 0, 0, '2025-06-02 15:37:46', '2025-06-02 15:37:46'),
(190, 25, 19, 19, 3, 5, 'Tôi rất hài lòng với chất lượng món này vì đóng gói cẩn thận, sạch sẽ. Rất đáng đồng tiền!', '2025-05-10 22:37:46', 1, 'reviews/review_FJQ2WJhGsr.jpg', 1, 0, 39, 2, 1, '2025-06-02 15:37:46', '2025-06-02 15:37:46'),
(191, 12, 20, 47, 1, 3, 'Tôi đánh giá rất cao món này vì phục vụ chuyên nghiệp, nhanh chóng. Recommended cho mọi người!', '2025-05-21 22:37:46', 1, NULL, 1, 1, 31, 5, 1, '2025-06-02 15:37:46', '2025-06-02 15:37:46'),
(192, 26, 20, 100, 1, 4, 'Đây là một trong những món tôi thích nhất ở đây vì giá cả phải chăng cho chất lượng này. Mong rằng nên có thêm option về độ cay. Nhìn chung vẫn rất đáng để thử!', '2025-05-11 22:37:46', 1, 'reviews/review_96TU0SkTSQ.jpg', 1, 0, 33, 4, 0, '2025-06-02 15:37:46', '2025-06-02 15:37:46'),
(193, 28, 20, 33, 2, 5, 'Đây là một trong những món tôi thích nhất ở đây vì phần ăn đầy đặn, nhiều nhân. Không chỉ vậy, đóng gói cẩn thận, sạch sẽ. Tuy nhiên, rau củ garnish có thể tươi hơn. Nhìn chung vẫn rất đáng để thử!', '2025-05-18 22:37:46', 1, NULL, 1, 1, 17, 1, 0, '2025-06-02 15:37:46', '2025-06-02 15:37:46'),
(194, 4, 20, 84, 2, 5, 'Điểm khiến tôi ấn tượng với món này là đồ ăn nóng hổi khi nhận được. Rất đáng đồng tiền!', '2025-05-31 22:37:46', 1, 'reviews/review_akZkcTV44w.jpg', 1, 1, 15, 3, 1, '2025-06-02 15:37:46', '2025-06-02 15:37:46'),
(195, 17, 20, 76, 2, 4, 'Điều làm tôi thích thú với món này là hương vị tuyệt vời, đậm đà. Recommended cho mọi người!', '2025-05-07 22:37:46', 1, NULL, 1, 1, 32, 1, 1, '2025-06-02 15:37:46', '2025-06-02 15:37:46'),
(196, 24, 20, 48, 3, 5, 'Món này luôn là lựa chọn hàng đầu của tôi bởi giao hàng đúng giờ, shipper thân thiện. Không chỉ vậy, phục vụ chuyên nghiệp, nhanh chóng. Sẽ tiếp tục ủng hộ dài dài!', '2025-05-19 22:37:46', 1, NULL, 1, 1, 16, 4, 0, '2025-06-02 15:37:46', '2025-06-02 15:37:46'),
(197, 13, 20, 100, 3, 5, 'Món này luôn là lựa chọn hàng đầu của tôi bởi nguyên liệu tươi ngon, chọn lọc kỹ. Không chỉ vậy, đồ ăn nóng hổi khi nhận được. Sẽ tiếp tục ủng hộ dài dài!', '2025-05-04 22:37:46', 1, NULL, 1, 0, 26, 0, 1, '2025-06-02 15:37:46', '2025-06-02 15:37:46'),
(198, 1, 20, 42, 3, 5, 'Sau nhiều lần order, tôi vẫn đánh giá cao vì nhân viên nhiệt tình, chu đáo. Tuy nhiên, vị có thể đậm đà hơn một chút. Recommended cho mọi người!', '2025-05-08 22:37:46', 1, 'reviews/review_4LG1ZpItTK.jpg', 1, 1, 37, 2, 1, '2025-06-02 15:37:46', '2025-06-02 15:37:46'),
(199, 26, 20, 20, 2, 4, 'Sau nhiều lần order, tôi vẫn đánh giá cao vì giá cả phải chăng cho chất lượng này. Sẽ tiếp tục ủng hộ dài dài!', '2025-05-25 22:37:46', 1, 'reviews/review_eNNMg0CMJw.jpg', 1, 1, 40, 0, 0, '2025-06-02 15:37:46', '2025-06-02 15:37:46'),
(200, 25, 20, 4, 3, 3, 'Món này luôn là lựa chọn hàng đầu của tôi bởi hương vị tuyệt vời, đậm đà. Mong rằng thời gian chờ hơi lâu vào giờ cao điểm. Chắc chắn sẽ quay lại lần nữa!', '2025-05-17 22:37:46', 1, NULL, 1, 1, 9, 0, 1, '2025-06-02 15:37:46', '2025-06-02 15:37:46'),
(201, 27, 21, 88, 2, 5, 'Món này luôn là lựa chọn hàng đầu của tôi bởi đồ ăn nóng hổi khi nhận được. Nhìn chung vẫn rất đáng để thử!', '2025-05-18 22:37:46', 1, 'reviews/review_Z6VNKm5glN.jpg', 1, 0, 5, 2, 0, '2025-06-02 15:37:46', '2025-06-02 15:37:46'),
(202, 1, 21, 96, 1, 4, 'Tôi thường xuyên đặt món này vì hương vị tuyệt vời, đậm đà. Không chỉ vậy, hương vị tuyệt vời, đậm đà. Điểm cần cải thiện là đồ ăn hơi nguội khi giao đến. Rất đáng đồng tiền!', '2025-05-27 22:37:46', 1, 'reviews/review_p6TycJrvGQ.jpg', 1, 1, 21, 4, 0, '2025-06-02 15:37:46', '2025-06-02 15:37:46'),
(203, 18, 21, 58, 1, 3, 'Món ăn để lại ấn tượng tốt nhờ phần ăn đầy đặn, nhiều nhân. Không chỉ vậy, nhân viên nhiệt tình, chu đáo. Sẽ tiếp tục ủng hộ dài dài!', '2025-05-14 22:37:46', 1, NULL, 1, 1, 46, 1, 1, '2025-06-02 15:37:46', '2025-06-02 15:37:46'),
(204, 15, 21, 26, 2, 4, 'Món ăn để lại ấn tượng tốt nhờ hương vị tuyệt vời, đậm đà. Góp ý nhỏ là đồ ăn hơi nguội khi giao đến. Nhìn chung vẫn rất đáng để thử!', '2025-05-20 22:37:46', 1, 'reviews/review_z5wfGottbS.jpg', 1, 0, 43, 1, 0, '2025-06-02 15:37:46', '2025-06-02 15:37:46'),
(205, 6, 21, 18, 2, 3, 'Điều làm tôi thích thú với món này là chất lượng ổn định qua nhiều lần order. Không chỉ vậy, đồ ăn nóng hổi khi nhận được. Chắc chắn sẽ quay lại lần nữa!', '2025-05-15 22:37:46', 1, NULL, 1, 0, 41, 0, 1, '2025-06-02 15:37:46', '2025-06-02 15:37:46'),
(206, 1, 21, 41, 1, 5, 'Tôi thường xuyên đặt món này vì phần ăn đầy đặn, nhiều nhân. Rất đáng đồng tiền!', '2025-05-20 22:37:46', 1, NULL, 1, 0, 32, 0, 1, '2025-06-02 15:37:46', '2025-06-02 15:37:46'),
(207, 14, 21, 99, 3, 5, 'Sau nhiều lần order, tôi vẫn đánh giá cao vì phần ăn đầy đặn, nhiều nhân. Không chỉ vậy, phần ăn đầy đặn, nhiều nhân. Điểm cần cải thiện là đồ ăn hơi nguội khi giao đến. Nhìn chung vẫn rất đáng để thử!', '2025-05-05 22:37:46', 1, NULL, 1, 0, 43, 0, 1, '2025-06-02 15:37:46', '2025-06-02 15:37:46'),
(208, 6, 21, 49, 1, 3, 'Tôi đã thử nhiều nơi nhưng vẫn thích ở đây nhất bởi chất lượng ổn định qua nhiều lần order. Không chỉ vậy, giao hàng đúng giờ, shipper thân thiện. Recommended cho mọi người!', '2025-05-18 22:37:46', 1, NULL, 1, 0, 35, 2, 1, '2025-06-02 15:37:46', '2025-06-02 15:37:46'),
(209, 22, 21, 6, 2, 4, 'Sau nhiều lần order, tôi vẫn đánh giá cao vì phục vụ chuyên nghiệp, nhanh chóng. Sẽ tiếp tục ủng hộ dài dài!', '2025-06-01 22:37:46', 1, NULL, 1, 1, 25, 2, 0, '2025-06-02 15:37:46', '2025-06-02 15:37:46'),
(210, 13, 21, 91, 2, 3, 'Tôi đánh giá rất cao món này vì giá cả phải chăng cho chất lượng này. Không chỉ vậy, phục vụ chuyên nghiệp, nhanh chóng. Góp ý nhỏ là phần ăn có thể nhiều hơn một chút. Nhìn chung vẫn rất đáng để thử!', '2025-05-28 22:37:46', 1, NULL, 1, 0, 1, 2, 0, '2025-06-02 15:37:46', '2025-06-02 15:37:46'),
(211, 2, 22, 6, 3, 4, 'Đây là một trong những món tôi thích nhất ở đây vì nhân viên nhiệt tình, chu đáo. Chắc chắn sẽ quay lại lần nữa!', '2025-05-24 22:37:46', 1, 'reviews/review_bEfr4oB6sb.jpg', 1, 1, 16, 1, 0, '2025-06-02 15:37:46', '2025-06-02 15:37:46'),
(212, 27, 22, 23, 3, 3, 'Món này luôn là lựa chọn hàng đầu của tôi bởi giá cả phải chăng cho chất lượng này. Tuy nhiên, giá hơi cao so với portion size. Sẽ tiếp tục ủng hộ dài dài!', '2025-05-05 22:37:46', 1, NULL, 1, 0, 41, 4, 1, '2025-06-02 15:37:46', '2025-06-02 15:37:46'),
(213, 12, 22, 98, 3, 5, 'Món này luôn là lựa chọn hàng đầu của tôi bởi phần ăn đầy đặn, nhiều nhân. Nhìn chung vẫn rất đáng để thử!', '2025-05-23 22:37:46', 1, NULL, 1, 0, 25, 0, 0, '2025-06-02 15:37:46', '2025-06-02 15:37:46'),
(214, 14, 22, 63, 1, 5, 'Sau nhiều lần order, tôi vẫn đánh giá cao vì chất lượng ổn định qua nhiều lần order. Chắc chắn sẽ quay lại lần nữa!', '2025-05-08 22:37:46', 1, NULL, 1, 1, 26, 4, 0, '2025-06-02 15:37:46', '2025-06-02 15:37:46'),
(215, 20, 22, 65, 2, 4, 'Điểm khiến tôi ấn tượng với món này là đóng gói cẩn thận, sạch sẽ. Không chỉ vậy, hương vị tuyệt vời, đậm đà. Sẽ tiếp tục ủng hộ dài dài!', '2025-05-06 22:37:46', 1, 'reviews/review_2qYL5Rbtg8.jpg', 1, 1, 8, 5, 1, '2025-06-02 15:37:46', '2025-06-02 15:37:46'),
(216, 3, 22, 43, 1, 5, 'Tôi rất hài lòng với chất lượng món này vì phần ăn đầy đặn, nhiều nhân. Recommended cho mọi người!', '2025-05-24 22:37:46', 1, NULL, 1, 0, 17, 4, 0, '2025-06-02 15:37:46', '2025-06-02 15:37:46'),
(217, 18, 22, 22, 2, 4, 'Tôi đã thử nhiều nơi nhưng vẫn thích ở đây nhất bởi hương vị tuyệt vời, đậm đà. Rất đáng đồng tiền!', '2025-05-25 22:37:46', 1, 'reviews/review_a1bkwTyOPf.jpg', 1, 1, 4, 3, 0, '2025-06-02 15:37:46', '2025-06-02 15:37:46'),
(218, 26, 22, 17, 2, 3, 'Điểm khiến tôi ấn tượng với món này là nguyên liệu tươi ngon, chọn lọc kỹ. Không chỉ vậy, nhân viên nhiệt tình, chu đáo. Nhìn chung vẫn rất đáng để thử!', '2025-05-13 22:37:46', 1, 'reviews/review_Jx40NaO9gG.jpg', 1, 0, 5, 4, 0, '2025-06-02 15:37:46', '2025-06-02 15:37:46'),
(219, 27, 22, 44, 3, 3, 'Món này luôn là lựa chọn hàng đầu của tôi bởi giá cả phải chăng cho chất lượng này. Rất đáng đồng tiền!', '2025-05-31 22:37:46', 1, 'reviews/review_Co1ldwQEhk.jpg', 1, 1, 19, 0, 0, '2025-06-02 15:37:46', '2025-06-02 15:37:46'),
(220, 7, 22, 93, 1, 3, 'Món ăn để lại ấn tượng tốt nhờ giá cả phải chăng cho chất lượng này. Nhìn chung vẫn rất đáng để thử!', '2025-05-21 22:37:46', 1, 'reviews/review_IPK15zllcH.jpg', 1, 1, 1, 1, 0, '2025-06-02 15:37:46', '2025-06-02 15:37:46'),
(221, 7, 23, 74, 3, 4, 'Món ăn để lại ấn tượng tốt nhờ giá cả phải chăng cho chất lượng này. Không chỉ vậy, đóng gói cẩn thận, sạch sẽ. Điểm cần cải thiện là nên có thêm option về độ cay. Chắc chắn sẽ quay lại lần nữa!', '2025-05-19 22:37:46', 1, 'reviews/review_85q6PMGze1.jpg', 1, 0, 48, 4, 0, '2025-06-02 15:37:46', '2025-06-02 15:37:46'),
(222, 28, 23, 79, 3, 5, 'Điểm khiến tôi ấn tượng với món này là đồ ăn nóng hổi khi nhận được. Điểm cần cải thiện là giá hơi cao so với portion size. Recommended cho mọi người!', '2025-05-17 22:37:46', 1, 'reviews/review_3ej4xXIODb.jpg', 1, 0, 33, 1, 0, '2025-06-02 15:37:46', '2025-06-02 15:37:46'),
(223, 26, 23, 55, 3, 3, 'Sau nhiều lần order, tôi vẫn đánh giá cao vì đóng gói cẩn thận, sạch sẽ. Không chỉ vậy, chất lượng ổn định qua nhiều lần order. Tuy nhiên, rau củ garnish có thể tươi hơn. Recommended cho mọi người!', '2025-05-05 22:37:46', 1, 'reviews/review_YWMtPmXDz2.jpg', 1, 0, 43, 4, 1, '2025-06-02 15:37:46', '2025-06-02 15:37:46'),
(224, 14, 23, 53, 3, 3, 'Món này luôn là lựa chọn hàng đầu của tôi bởi giao hàng đúng giờ, shipper thân thiện. Nhìn chung vẫn rất đáng để thử!', '2025-05-07 22:37:46', 1, 'reviews/review_swXLmzx8fM.jpg', 1, 1, 20, 2, 1, '2025-06-02 15:37:46', '2025-06-02 15:37:46'),
(225, 5, 23, 98, 1, 4, 'Đây là một trong những món tôi thích nhất ở đây vì phục vụ chuyên nghiệp, nhanh chóng. Sẽ tiếp tục ủng hộ dài dài!', '2025-05-16 22:37:46', 1, 'reviews/review_Y0FM2YaTTd.jpg', 1, 1, 27, 1, 0, '2025-06-02 15:37:46', '2025-06-02 15:37:46'),
(226, 10, 23, 22, 3, 3, 'Món này luôn là lựa chọn hàng đầu của tôi bởi nhân viên nhiệt tình, chu đáo. Không chỉ vậy, đóng gói cẩn thận, sạch sẽ. Mong rằng rau củ garnish có thể tươi hơn. Rất đáng đồng tiền!', '2025-05-18 22:37:46', 1, NULL, 1, 1, 21, 2, 1, '2025-06-02 15:37:46', '2025-06-02 15:37:46'),
(227, 15, 23, 3, 2, 4, 'Sau nhiều lần order, tôi vẫn đánh giá cao vì hương vị tuyệt vời, đậm đà. Rất đáng đồng tiền!', '2025-05-18 22:37:46', 1, NULL, 1, 1, 5, 3, 0, '2025-06-02 15:37:46', '2025-06-02 15:37:46'),
(228, 21, 23, 43, 3, 3, 'Điểm khiến tôi ấn tượng với món này là phục vụ chuyên nghiệp, nhanh chóng. Không chỉ vậy, đóng gói cẩn thận, sạch sẽ. Chắc chắn sẽ quay lại lần nữa!', '2025-05-09 22:37:46', 1, 'reviews/review_prV2y76eJi.jpg', 1, 0, 45, 3, 0, '2025-06-02 15:37:46', '2025-06-02 15:37:46'),
(229, 3, 23, 74, 1, 4, 'Tôi đã thử nhiều nơi nhưng vẫn thích ở đây nhất bởi đồ ăn nóng hổi khi nhận được. Góp ý nhỏ là vị có thể đa dạng hơn. Rất đáng đồng tiền!', '2025-05-20 22:37:46', 1, NULL, 1, 0, 43, 2, 1, '2025-06-02 15:37:46', '2025-06-02 15:37:46'),
(230, 17, 23, 10, 1, 3, 'Tôi đã thử nhiều nơi nhưng vẫn thích ở đây nhất bởi nhân viên nhiệt tình, chu đáo. Mong rằng nên có thêm option về độ cay. Recommended cho mọi người!', '2025-05-16 22:37:46', 1, NULL, 1, 0, 35, 1, 0, '2025-06-02 15:37:46', '2025-06-02 15:37:46'),
(231, 9, 24, 41, 1, 4, 'Món này luôn là lựa chọn hàng đầu của tôi bởi phần ăn đầy đặn, nhiều nhân. Điểm cần cải thiện là nên có thêm option về độ cay. Sẽ tiếp tục ủng hộ dài dài!', '2025-05-26 22:37:46', 1, 'reviews/review_vj1lZRZeE8.jpg', 1, 0, 27, 5, 0, '2025-06-02 15:37:46', '2025-06-02 15:37:46'),
(232, 2, 24, 44, 3, 5, 'Tôi rất hài lòng với chất lượng món này vì nhân viên nhiệt tình, chu đáo. Recommended cho mọi người!', '2025-05-10 22:37:46', 1, NULL, 1, 1, 47, 5, 1, '2025-06-02 15:37:46', '2025-06-02 15:37:46'),
(233, 6, 24, 78, 2, 5, 'Điểm khiến tôi ấn tượng với món này là nhân viên nhiệt tình, chu đáo. Không chỉ vậy, nguyên liệu tươi ngon, chọn lọc kỹ. Hy vọng lần sau giá hơi cao so với portion size. Recommended cho mọi người!', '2025-05-28 22:37:46', 1, 'reviews/review_FojMxfeSbc.jpg', 1, 1, 8, 2, 0, '2025-06-02 15:37:46', '2025-06-02 15:37:46'),
(234, 2, 24, 92, 2, 4, 'Món này luôn là lựa chọn hàng đầu của tôi bởi hương vị tuyệt vời, đậm đà. Nhìn chung vẫn rất đáng để thử!', '2025-05-10 22:37:46', 1, 'reviews/review_7TmWBl9Lmf.jpg', 1, 1, 2, 5, 1, '2025-06-02 15:37:46', '2025-06-02 15:37:46'),
(235, 2, 24, 24, 3, 3, 'Tôi đánh giá rất cao món này vì đồ ăn nóng hổi khi nhận được. Chắc chắn sẽ quay lại lần nữa!', '2025-05-05 22:37:46', 1, 'reviews/review_9oQDPsgPYV.jpg', 1, 0, 47, 2, 1, '2025-06-02 15:37:46', '2025-06-02 15:37:46'),
(236, 10, 24, 20, 2, 5, 'Tôi rất hài lòng với chất lượng món này vì đóng gói cẩn thận, sạch sẽ. Điểm cần cải thiện là đồ ăn hơi nguội khi giao đến. Nhìn chung vẫn rất đáng để thử!', '2025-05-04 22:37:46', 1, NULL, 1, 1, 27, 3, 0, '2025-06-02 15:37:46', '2025-06-02 15:37:46'),
(237, 23, 24, 1, 3, 4, 'Điểm khiến tôi ấn tượng với món này là đồ ăn nóng hổi khi nhận được. Sẽ tiếp tục ủng hộ dài dài!', '2025-05-29 22:37:46', 1, 'reviews/review_e9OklqXDUT.jpg', 1, 1, 9, 3, 0, '2025-06-02 15:37:46', '2025-06-02 15:37:46'),
(238, 22, 24, 60, 1, 3, 'Tôi rất hài lòng với chất lượng món này vì giá cả phải chăng cho chất lượng này. Không chỉ vậy, chất lượng ổn định qua nhiều lần order. Chắc chắn sẽ quay lại lần nữa!', '2025-05-11 22:37:46', 1, NULL, 1, 1, 5, 5, 0, '2025-06-02 15:37:46', '2025-06-02 15:37:46'),
(239, 2, 24, 28, 1, 4, 'Món ăn để lại ấn tượng tốt nhờ hương vị tuyệt vời, đậm đà. Nhìn chung vẫn rất đáng để thử!', '2025-05-26 22:37:46', 1, NULL, 1, 1, 44, 5, 0, '2025-06-02 15:37:46', '2025-06-02 15:37:46'),
(240, 10, 24, 53, 3, 4, 'Đây là một trong những món tôi thích nhất ở đây vì giao hàng đúng giờ, shipper thân thiện. Không chỉ vậy, nhân viên nhiệt tình, chu đáo. Nhìn chung vẫn rất đáng để thử!', '2025-05-14 22:37:46', 1, NULL, 1, 1, 19, 2, 0, '2025-06-02 15:37:46', '2025-06-02 15:37:46'),
(241, 9, 25, 16, 1, 4, 'Sau nhiều lần order, tôi vẫn đánh giá cao vì đóng gói cẩn thận, sạch sẽ. Nhìn chung vẫn rất đáng để thử!', '2025-05-30 22:37:46', 1, 'reviews/review_EfJ74t42kl.jpg', 1, 0, 24, 5, 1, '2025-06-02 15:37:46', '2025-06-02 15:37:46'),
(242, 9, 25, 9, 2, 5, 'Món ăn để lại ấn tượng tốt nhờ đồ ăn nóng hổi khi nhận được. Không chỉ vậy, nguyên liệu tươi ngon, chọn lọc kỹ. Điểm cần cải thiện là nên có thêm option về độ cay. Nhìn chung vẫn rất đáng để thử!', '2025-05-26 22:37:46', 1, 'reviews/review_K9U4woP9X7.jpg', 1, 0, 28, 0, 0, '2025-06-02 15:37:46', '2025-06-02 15:37:46'),
(243, 24, 25, 71, 2, 5, 'Tôi đã thử nhiều nơi nhưng vẫn thích ở đây nhất bởi giá cả phải chăng cho chất lượng này. Không chỉ vậy, nhân viên nhiệt tình, chu đáo. Recommended cho mọi người!', '2025-05-09 22:37:46', 1, 'reviews/review_VkUSUEETkA.jpg', 1, 1, 18, 3, 0, '2025-06-02 15:37:46', '2025-06-02 15:37:46'),
(244, 16, 25, 64, 1, 5, 'Điều làm tôi thích thú với món này là phần ăn đầy đặn, nhiều nhân. Rất đáng đồng tiền!', '2025-05-20 22:37:46', 1, 'reviews/review_JXa51nWrop.jpg', 1, 1, 34, 0, 1, '2025-06-02 15:37:46', '2025-06-02 15:37:46'),
(245, 15, 25, 16, 3, 4, 'Điểm khiến tôi ấn tượng với món này là nhân viên nhiệt tình, chu đáo. Không chỉ vậy, phần ăn đầy đặn, nhiều nhân. Điểm cần cải thiện là đồ ăn hơi nguội khi giao đến. Rất đáng đồng tiền!', '2025-05-08 22:37:46', 1, 'reviews/review_9kOqw29Xqw.jpg', 1, 0, 3, 5, 1, '2025-06-02 15:37:46', '2025-06-02 15:37:46'),
(246, 15, 25, 83, 2, 5, 'Sau nhiều lần order, tôi vẫn đánh giá cao vì chất lượng ổn định qua nhiều lần order. Sẽ tiếp tục ủng hộ dài dài!', '2025-05-14 22:37:46', 1, 'reviews/review_ezMlrZd2p2.jpg', 1, 0, 34, 4, 1, '2025-06-02 15:37:46', '2025-06-02 15:37:46'),
(247, 9, 25, 77, 2, 4, 'Điểm khiến tôi ấn tượng với món này là nguyên liệu tươi ngon, chọn lọc kỹ. Không chỉ vậy, giao hàng đúng giờ, shipper thân thiện. Recommended cho mọi người!', '2025-05-28 22:37:46', 1, 'reviews/review_UDwPi6CmuN.jpg', 1, 1, 20, 4, 0, '2025-06-02 15:37:46', '2025-06-02 15:37:46'),
(248, 14, 25, 25, 3, 4, 'Điều làm tôi thích thú với món này là đóng gói cẩn thận, sạch sẽ. Tuy nhiên, phần ăn có thể nhiều hơn một chút. Recommended cho mọi người!', '2025-05-07 22:37:46', 1, NULL, 1, 0, 33, 4, 0, '2025-06-02 15:37:46', '2025-06-02 15:37:46'),
(249, 23, 25, 46, 1, 4, 'Tôi rất hài lòng với chất lượng món này vì nhân viên nhiệt tình, chu đáo. Không chỉ vậy, chất lượng ổn định qua nhiều lần order. Nhìn chung vẫn rất đáng để thử!', '2025-05-25 22:37:46', 1, 'reviews/review_6y6iJAFHgj.jpg', 1, 0, 38, 3, 0, '2025-06-02 15:37:46', '2025-06-02 15:37:46'),
(250, 2, 25, 62, 1, 5, 'Món này luôn là lựa chọn hàng đầu của tôi bởi hương vị tuyệt vời, đậm đà. Sẽ tiếp tục ủng hộ dài dài!', '2025-05-19 22:37:46', 1, 'reviews/review_l7tYUXiUyY.jpg', 1, 1, 44, 1, 1, '2025-06-02 15:37:46', '2025-06-02 15:37:46'),
(251, 7, 26, 24, 1, 3, 'Tôi đánh giá rất cao món này vì đóng gói cẩn thận, sạch sẽ. Không chỉ vậy, phục vụ chuyên nghiệp, nhanh chóng. Sẽ tiếp tục ủng hộ dài dài!', '2025-05-12 22:37:46', 1, 'reviews/review_MZtv98ki7X.jpg', 1, 1, 37, 0, 0, '2025-06-02 15:37:46', '2025-06-02 15:37:46'),
(252, 24, 26, 24, 3, 5, 'Tôi đã thử nhiều nơi nhưng vẫn thích ở đây nhất bởi nhân viên nhiệt tình, chu đáo. Tuy nhiên, nước chấm hơi ít so với khẩu phần. Sẽ tiếp tục ủng hộ dài dài!', '2025-05-25 22:37:46', 1, 'reviews/review_pI7QwhDUkP.jpg', 1, 0, 29, 2, 0, '2025-06-02 15:37:46', '2025-06-02 15:37:46'),
(253, 16, 26, 15, 3, 3, 'Tôi đã thử nhiều nơi nhưng vẫn thích ở đây nhất bởi chất lượng ổn định qua nhiều lần order. Rất đáng đồng tiền!', '2025-05-25 22:37:46', 1, NULL, 1, 1, 20, 1, 0, '2025-06-02 15:37:46', '2025-06-02 15:37:46'),
(254, 18, 26, 73, 1, 3, 'Món này luôn là lựa chọn hàng đầu của tôi bởi phục vụ chuyên nghiệp, nhanh chóng. Điểm cần cải thiện là bao bì đóng gói cần cải thiện thêm. Chắc chắn sẽ quay lại lần nữa!', '2025-05-26 22:37:46', 1, NULL, 1, 0, 31, 2, 0, '2025-06-02 15:37:46', '2025-06-02 15:37:46'),
(255, 14, 26, 8, 1, 3, 'Đây là một trong những món tôi thích nhất ở đây vì chất lượng ổn định qua nhiều lần order. Không chỉ vậy, phần ăn đầy đặn, nhiều nhân. Điểm cần cải thiện là giá hơi cao so với portion size. Chắc chắn sẽ quay lại lần nữa!', '2025-05-09 22:37:46', 1, NULL, 1, 1, 17, 0, 1, '2025-06-02 15:37:46', '2025-06-02 15:37:46'),
(256, 4, 26, 19, 1, 4, 'Tôi rất hài lòng với chất lượng món này vì giao hàng đúng giờ, shipper thân thiện. Sẽ tiếp tục ủng hộ dài dài!', '2025-05-11 22:37:46', 1, NULL, 1, 1, 3, 4, 1, '2025-06-02 15:37:46', '2025-06-02 15:37:46'),
(257, 25, 26, 53, 1, 3, 'Đây là một trong những món tôi thích nhất ở đây vì hương vị tuyệt vời, đậm đà. Không chỉ vậy, phần ăn đầy đặn, nhiều nhân. Chắc chắn sẽ quay lại lần nữa!', '2025-05-04 22:37:46', 1, NULL, 1, 1, 24, 1, 0, '2025-06-02 15:37:46', '2025-06-02 15:37:46'),
(258, 26, 26, 58, 2, 4, 'Điểm khiến tôi ấn tượng với món này là chất lượng ổn định qua nhiều lần order. Chắc chắn sẽ quay lại lần nữa!', '2025-05-21 22:37:46', 1, 'reviews/review_TCdZ6mVJG6.jpg', 1, 1, 2, 5, 0, '2025-06-02 15:37:46', '2025-06-02 15:37:46'),
(259, 8, 26, 53, 2, 3, 'Món này luôn là lựa chọn hàng đầu của tôi bởi nhân viên nhiệt tình, chu đáo. Không chỉ vậy, đóng gói cẩn thận, sạch sẽ. Chắc chắn sẽ quay lại lần nữa!', '2025-05-21 22:37:46', 1, 'reviews/review_mftGRCpZp5.jpg', 1, 1, 18, 3, 1, '2025-06-02 15:37:46', '2025-06-02 15:37:46'),
(260, 10, 26, 71, 2, 5, 'Tôi đã thử nhiều nơi nhưng vẫn thích ở đây nhất bởi nguyên liệu tươi ngon, chọn lọc kỹ. Sẽ tiếp tục ủng hộ dài dài!', '2025-05-08 22:37:46', 1, 'reviews/review_Z9tNf9LIpQ.jpg', 1, 0, 31, 0, 0, '2025-06-02 15:37:46', '2025-06-02 15:37:46'),
(261, 6, 27, 32, 1, 3, 'Tôi đánh giá rất cao món này vì đồ ăn nóng hổi khi nhận được. Mong rằng bao bì đóng gói cần cải thiện thêm. Chắc chắn sẽ quay lại lần nữa!', '2025-05-16 22:37:46', 1, NULL, 1, 1, 50, 4, 0, '2025-06-02 15:37:46', '2025-06-02 15:37:46'),
(262, 20, 27, 66, 2, 4, 'Điều làm tôi thích thú với món này là chất lượng ổn định qua nhiều lần order. Mong rằng giá hơi cao so với portion size. Recommended cho mọi người!', '2025-05-22 22:37:46', 1, NULL, 1, 0, 0, 1, 0, '2025-06-02 15:37:46', '2025-06-02 15:37:46'),
(263, 28, 27, 84, 1, 4, 'Điều làm tôi thích thú với món này là giá cả phải chăng cho chất lượng này. Không chỉ vậy, giao hàng đúng giờ, shipper thân thiện. Góp ý nhỏ là bao bì đóng gói cần cải thiện thêm. Sẽ tiếp tục ủng hộ dài dài!', '2025-05-31 22:37:46', 1, NULL, 1, 1, 26, 0, 0, '2025-06-02 15:37:46', '2025-06-02 15:37:46'),
(264, 12, 27, 75, 2, 5, 'Sau nhiều lần order, tôi vẫn đánh giá cao vì hương vị tuyệt vời, đậm đà. Sẽ tiếp tục ủng hộ dài dài!', '2025-05-24 22:37:46', 1, NULL, 1, 1, 48, 1, 0, '2025-06-02 15:37:46', '2025-06-02 15:37:46'),
(265, 28, 27, 6, 2, 5, 'Điều làm tôi thích thú với món này là đồ ăn nóng hổi khi nhận được. Không chỉ vậy, hương vị tuyệt vời, đậm đà. Tuy nhiên, nước chấm hơi ít so với khẩu phần. Chắc chắn sẽ quay lại lần nữa!', '2025-05-18 22:37:46', 1, NULL, 1, 0, 50, 3, 1, '2025-06-02 15:37:46', '2025-06-02 15:37:46'),
(266, 4, 27, 98, 1, 4, 'Tôi đã thử nhiều nơi nhưng vẫn thích ở đây nhất bởi phục vụ chuyên nghiệp, nhanh chóng. Không chỉ vậy, phần ăn đầy đặn, nhiều nhân. Sẽ tiếp tục ủng hộ dài dài!', '2025-05-15 22:37:46', 1, 'reviews/review_7o8FQ1QJHr.jpg', 1, 0, 46, 1, 1, '2025-06-02 15:37:46', '2025-06-02 15:37:46'),
(267, 21, 27, 75, 3, 3, 'Đây là một trong những món tôi thích nhất ở đây vì đồ ăn nóng hổi khi nhận được. Rất đáng đồng tiền!', '2025-05-05 22:37:46', 1, NULL, 1, 0, 37, 0, 1, '2025-06-02 15:37:46', '2025-06-02 15:37:46'),
(268, 14, 27, 60, 2, 4, 'Điều làm tôi thích thú với món này là phục vụ chuyên nghiệp, nhanh chóng. Điểm cần cải thiện là thời gian chờ hơi lâu vào giờ cao điểm. Sẽ tiếp tục ủng hộ dài dài!', '2025-05-09 22:37:46', 1, NULL, 1, 0, 6, 1, 0, '2025-06-02 15:37:46', '2025-06-02 15:37:46'),
(269, 10, 27, 66, 3, 3, 'Món ăn để lại ấn tượng tốt nhờ đồ ăn nóng hổi khi nhận được. Hy vọng lần sau thời gian chờ hơi lâu vào giờ cao điểm. Chắc chắn sẽ quay lại lần nữa!', '2025-05-26 22:37:46', 1, 'reviews/review_o4gmKExZUY.jpg', 1, 0, 21, 3, 1, '2025-06-02 15:37:46', '2025-06-02 15:37:46'),
(270, 16, 27, 92, 2, 5, 'Tôi đánh giá rất cao món này vì hương vị tuyệt vời, đậm đà. Sẽ tiếp tục ủng hộ dài dài!', '2025-05-05 22:37:46', 1, NULL, 1, 0, 24, 5, 1, '2025-06-02 15:37:46', '2025-06-02 15:37:46'),
(271, 27, 28, 14, 3, 5, 'Sau nhiều lần order, tôi vẫn đánh giá cao vì nguyên liệu tươi ngon, chọn lọc kỹ. Góp ý nhỏ là thời gian chờ hơi lâu vào giờ cao điểm. Recommended cho mọi người!', '2025-05-26 22:37:46', 1, 'reviews/review_lvfswLsWWc.jpg', 1, 0, 42, 4, 0, '2025-06-02 15:37:46', '2025-06-02 15:37:46'),
(272, 22, 28, 92, 3, 4, 'Món ăn để lại ấn tượng tốt nhờ nguyên liệu tươi ngon, chọn lọc kỹ. Sẽ tiếp tục ủng hộ dài dài!', '2025-05-20 22:37:46', 1, NULL, 1, 0, 22, 3, 0, '2025-06-02 15:37:46', '2025-06-02 15:37:46'),
(273, 24, 28, 34, 3, 5, 'Tôi đánh giá rất cao món này vì đóng gói cẩn thận, sạch sẽ. Mong rằng vị có thể đa dạng hơn. Rất đáng đồng tiền!', '2025-05-08 22:37:46', 1, 'reviews/review_aKYsBiLrdt.jpg', 1, 1, 1, 0, 0, '2025-06-02 15:37:46', '2025-06-02 15:37:46'),
(274, 17, 28, 71, 1, 4, 'Tôi đã thử nhiều nơi nhưng vẫn thích ở đây nhất bởi giá cả phải chăng cho chất lượng này. Nhìn chung vẫn rất đáng để thử!', '2025-05-18 22:37:46', 1, 'reviews/review_PY2ttBWa9I.jpg', 1, 0, 48, 5, 0, '2025-06-02 15:37:46', '2025-06-02 15:37:46'),
(275, 10, 28, 80, 3, 4, 'Tôi đánh giá rất cao món này vì phục vụ chuyên nghiệp, nhanh chóng. Recommended cho mọi người!', '2025-05-03 22:37:46', 1, NULL, 1, 1, 25, 5, 1, '2025-06-02 15:37:46', '2025-06-02 15:37:46'),
(276, 26, 28, 70, 3, 5, 'Tôi đánh giá rất cao món này vì nhân viên nhiệt tình, chu đáo. Không chỉ vậy, phục vụ chuyên nghiệp, nhanh chóng. Chắc chắn sẽ quay lại lần nữa!', '2025-05-31 22:37:46', 1, 'reviews/review_D84o4O6BcR.jpg', 1, 0, 41, 2, 1, '2025-06-02 15:37:46', '2025-06-02 15:37:46'),
(277, 10, 28, 97, 1, 4, 'Tôi thường xuyên đặt món này vì giá cả phải chăng cho chất lượng này. Không chỉ vậy, đồ ăn nóng hổi khi nhận được. Nhìn chung vẫn rất đáng để thử!', '2025-05-17 22:37:46', 1, 'reviews/review_Vrs7PTJ2jE.jpg', 1, 1, 48, 2, 1, '2025-06-02 15:37:46', '2025-06-02 15:37:46'),
(278, 10, 28, 77, 2, 3, 'Món này luôn là lựa chọn hàng đầu của tôi bởi nguyên liệu tươi ngon, chọn lọc kỹ. Chắc chắn sẽ quay lại lần nữa!', '2025-05-29 22:37:46', 1, NULL, 1, 1, 32, 0, 0, '2025-06-02 15:37:46', '2025-06-02 15:37:46'),
(279, 3, 28, 29, 3, 5, 'Điều làm tôi thích thú với món này là nguyên liệu tươi ngon, chọn lọc kỹ. Không chỉ vậy, nhân viên nhiệt tình, chu đáo. Chắc chắn sẽ quay lại lần nữa!', '2025-05-21 22:37:46', 1, 'reviews/review_mWY2tQ22UH.jpg', 1, 1, 20, 1, 1, '2025-06-02 15:37:46', '2025-06-02 15:37:46'),
(280, 7, 28, 72, 1, 5, 'Tôi đánh giá rất cao món này vì giá cả phải chăng cho chất lượng này. Không chỉ vậy, phục vụ chuyên nghiệp, nhanh chóng. Sẽ tiếp tục ủng hộ dài dài!', '2025-05-29 22:37:46', 1, 'reviews/review_gewLMPU0TW.jpg', 1, 0, 50, 2, 0, '2025-06-02 15:37:46', '2025-06-02 15:37:46'),
(281, 27, 29, 14, 1, 5, 'Đây là một trong những món tôi thích nhất ở đây vì phần ăn đầy đặn, nhiều nhân. Không chỉ vậy, nguyên liệu tươi ngon, chọn lọc kỹ. Sẽ tiếp tục ủng hộ dài dài!', '2025-05-16 22:37:46', 1, 'reviews/review_YQW7XH18Xt.jpg', 1, 0, 2, 1, 0, '2025-06-02 15:37:46', '2025-06-02 15:37:46'),
(282, 24, 29, 51, 3, 3, 'Món ăn để lại ấn tượng tốt nhờ nguyên liệu tươi ngon, chọn lọc kỹ. Điểm cần cải thiện là vị có thể đa dạng hơn. Chắc chắn sẽ quay lại lần nữa!', '2025-05-04 22:37:46', 1, NULL, 1, 0, 46, 2, 0, '2025-06-02 15:37:46', '2025-06-02 15:37:46'),
(283, 28, 29, 100, 3, 3, 'Món ăn để lại ấn tượng tốt nhờ phục vụ chuyên nghiệp, nhanh chóng. Tuy nhiên, nên có thêm option về độ cay. Sẽ tiếp tục ủng hộ dài dài!', '2025-05-07 22:37:46', 1, NULL, 1, 1, 38, 2, 0, '2025-06-02 15:37:46', '2025-06-02 15:37:46'),
(284, 2, 29, 10, 2, 4, 'Món này luôn là lựa chọn hàng đầu của tôi bởi giá cả phải chăng cho chất lượng này. Mong rằng rau củ garnish có thể tươi hơn. Sẽ tiếp tục ủng hộ dài dài!', '2025-05-16 22:37:46', 1, NULL, 1, 0, 27, 1, 0, '2025-06-02 15:37:46', '2025-06-02 15:37:46'),
(285, 12, 29, 18, 1, 4, 'Tôi rất hài lòng với chất lượng món này vì phần ăn đầy đặn, nhiều nhân. Nhìn chung vẫn rất đáng để thử!', '2025-05-24 22:37:46', 1, NULL, 1, 1, 12, 4, 1, '2025-06-02 15:37:46', '2025-06-02 15:37:46'),
(286, 13, 29, 21, 3, 5, 'Điều làm tôi thích thú với món này là phần ăn đầy đặn, nhiều nhân. Nhìn chung vẫn rất đáng để thử!', '2025-05-25 22:37:46', 1, NULL, 1, 1, 37, 5, 1, '2025-06-02 15:37:46', '2025-06-02 15:37:46'),
(287, 28, 29, 94, 2, 5, 'Món ăn để lại ấn tượng tốt nhờ phục vụ chuyên nghiệp, nhanh chóng. Điểm cần cải thiện là phần ăn có thể nhiều hơn một chút. Rất đáng đồng tiền!', '2025-05-07 22:37:46', 1, NULL, 1, 1, 0, 1, 1, '2025-06-02 15:37:46', '2025-06-02 15:37:46'),
(288, 21, 29, 58, 3, 3, 'Tôi đánh giá rất cao món này vì hương vị tuyệt vời, đậm đà. Hy vọng lần sau thời gian chờ hơi lâu vào giờ cao điểm. Sẽ tiếp tục ủng hộ dài dài!', '2025-06-01 22:37:46', 1, NULL, 1, 0, 10, 2, 1, '2025-06-02 15:37:46', '2025-06-02 15:37:46'),
(289, 2, 29, 20, 2, 4, 'Tôi đánh giá rất cao món này vì nguyên liệu tươi ngon, chọn lọc kỹ. Nhìn chung vẫn rất đáng để thử!', '2025-05-09 22:37:46', 1, 'reviews/review_WD3K3iqVz7.jpg', 1, 1, 33, 1, 0, '2025-06-02 15:37:46', '2025-06-02 15:37:46'),
(290, 28, 29, 69, 2, 4, 'Tôi thường xuyên đặt món này vì hương vị tuyệt vời, đậm đà. Sẽ tiếp tục ủng hộ dài dài!', '2025-05-28 22:37:46', 1, NULL, 1, 0, 0, 5, 1, '2025-06-02 15:37:46', '2025-06-02 15:37:46'),
(291, 3, 30, 4, 1, 5, 'Tôi thường xuyên đặt món này vì nhân viên nhiệt tình, chu đáo. Không chỉ vậy, nhân viên nhiệt tình, chu đáo. Hy vọng lần sau bao bì đóng gói cần cải thiện thêm. Nhìn chung vẫn rất đáng để thử!', '2025-05-26 22:37:46', 1, 'reviews/review_MKZKUdI2cU.jpg', 1, 0, 21, 0, 0, '2025-06-02 15:37:46', '2025-06-02 15:37:46'),
(292, 2, 30, 1, 1, 4, 'Món này luôn là lựa chọn hàng đầu của tôi bởi đóng gói cẩn thận, sạch sẽ. Không chỉ vậy, phục vụ chuyên nghiệp, nhanh chóng. Sẽ tiếp tục ủng hộ dài dài!', '2025-05-27 22:37:46', 1, 'reviews/review_A1nrqlLDFx.jpg', 1, 1, 38, 5, 0, '2025-06-02 15:37:46', '2025-06-02 15:37:46'),
(293, 6, 30, 16, 2, 5, 'Đây là một trong những món tôi thích nhất ở đây vì đồ ăn nóng hổi khi nhận được. Rất đáng đồng tiền!', '2025-05-26 22:37:46', 1, 'reviews/review_Hwp7ZpHtS0.jpg', 1, 0, 38, 5, 0, '2025-06-02 15:37:46', '2025-06-02 15:37:46'),
(294, 8, 30, 67, 1, 3, 'Món ăn để lại ấn tượng tốt nhờ nguyên liệu tươi ngon, chọn lọc kỹ. Rất đáng đồng tiền!', '2025-05-27 22:37:46', 1, NULL, 1, 0, 1, 5, 0, '2025-06-02 15:37:46', '2025-06-02 15:37:46'),
(295, 14, 30, 44, 2, 4, 'Sau nhiều lần order, tôi vẫn đánh giá cao vì nguyên liệu tươi ngon, chọn lọc kỹ. Nhìn chung vẫn rất đáng để thử!', '2025-05-26 22:37:46', 1, NULL, 1, 0, 26, 1, 0, '2025-06-02 15:37:46', '2025-06-02 15:37:46'),
(296, 16, 30, 90, 2, 5, 'Tôi thường xuyên đặt món này vì nhân viên nhiệt tình, chu đáo. Chắc chắn sẽ quay lại lần nữa!', '2025-05-04 22:37:46', 1, NULL, 1, 0, 44, 1, 1, '2025-06-02 15:37:46', '2025-06-02 15:37:46'),
(297, 5, 30, 99, 2, 3, 'Món này luôn là lựa chọn hàng đầu của tôi bởi đóng gói cẩn thận, sạch sẽ. Nhìn chung vẫn rất đáng để thử!', '2025-05-30 22:37:46', 1, 'reviews/review_dSw6zvdd1Z.jpg', 1, 1, 15, 5, 0, '2025-06-02 15:37:46', '2025-06-02 15:37:46'),
(298, 24, 30, 38, 2, 3, 'Điều làm tôi thích thú với món này là nhân viên nhiệt tình, chu đáo. Không chỉ vậy, giao hàng đúng giờ, shipper thân thiện. Góp ý nhỏ là phần ăn có thể nhiều hơn một chút. Recommended cho mọi người!', '2025-05-15 22:37:46', 1, NULL, 1, 0, 31, 1, 0, '2025-06-02 15:37:46', '2025-06-02 15:37:46'),
(299, 24, 30, 19, 2, 4, 'Tôi thường xuyên đặt món này vì đồ ăn nóng hổi khi nhận được. Không chỉ vậy, đóng gói cẩn thận, sạch sẽ. Chắc chắn sẽ quay lại lần nữa!', '2025-05-27 22:37:46', 1, NULL, 1, 1, 3, 4, 1, '2025-06-02 15:37:46', '2025-06-02 15:37:46'),
(300, 14, 30, 70, 3, 5, 'Món này luôn là lựa chọn hàng đầu của tôi bởi chất lượng ổn định qua nhiều lần order. Không chỉ vậy, chất lượng ổn định qua nhiều lần order. Điểm cần cải thiện là bao bì đóng gói cần cải thiện thêm. Nhìn chung vẫn rất đáng để thử!', '2025-05-26 22:37:46', 1, NULL, 1, 0, 32, 2, 1, '2025-06-02 15:37:46', '2025-06-02 15:37:46'),
(301, 27, 31, 47, 3, 5, 'Tôi rất hài lòng với chất lượng món này vì giao hàng đúng giờ, shipper thân thiện. Không chỉ vậy, phần ăn đầy đặn, nhiều nhân. Recommended cho mọi người!', '2025-05-18 22:37:46', 1, 'reviews/review_6mS6BSyZbt.jpg', 1, 0, 23, 4, 1, '2025-06-02 15:37:46', '2025-06-02 15:37:46'),
(302, 19, 31, 26, 2, 5, 'Tôi thường xuyên đặt món này vì chất lượng ổn định qua nhiều lần order. Góp ý nhỏ là vị có thể đa dạng hơn. Chắc chắn sẽ quay lại lần nữa!', '2025-05-24 22:37:46', 1, 'reviews/review_FLDSQh8LeC.jpg', 1, 0, 48, 4, 0, '2025-06-02 15:37:46', '2025-06-02 15:37:46'),
(303, 7, 31, 52, 1, 5, 'Món ăn để lại ấn tượng tốt nhờ phần ăn đầy đặn, nhiều nhân. Rất đáng đồng tiền!', '2025-05-13 22:37:46', 1, 'reviews/review_kvPUENgEJT.jpg', 1, 0, 45, 2, 0, '2025-06-02 15:37:46', '2025-06-02 15:37:46'),
(304, 20, 31, 59, 1, 4, 'Món ăn để lại ấn tượng tốt nhờ phần ăn đầy đặn, nhiều nhân. Recommended cho mọi người!', '2025-05-16 22:37:46', 1, 'reviews/review_LLFx5S12bq.jpg', 1, 1, 48, 0, 0, '2025-06-02 15:37:46', '2025-06-02 15:37:46'),
(305, 10, 31, 9, 3, 5, 'Tôi rất hài lòng với chất lượng món này vì nhân viên nhiệt tình, chu đáo. Nhìn chung vẫn rất đáng để thử!', '2025-05-03 22:37:46', 1, 'reviews/review_NDFGSxj3UY.jpg', 1, 1, 0, 2, 0, '2025-06-02 15:37:46', '2025-06-02 15:37:46'),
(306, 26, 31, 75, 3, 5, 'Điều làm tôi thích thú với món này là hương vị tuyệt vời, đậm đà. Rất đáng đồng tiền!', '2025-05-11 22:37:46', 1, NULL, 1, 0, 4, 4, 1, '2025-06-02 15:37:46', '2025-06-02 15:37:46'),
(307, 11, 31, 91, 1, 3, 'Điều làm tôi thích thú với món này là phục vụ chuyên nghiệp, nhanh chóng. Sẽ tiếp tục ủng hộ dài dài!', '2025-05-28 22:37:46', 1, NULL, 1, 1, 37, 0, 0, '2025-06-02 15:37:46', '2025-06-02 15:37:46'),
(308, 1, 31, 86, 1, 4, 'Món này luôn là lựa chọn hàng đầu của tôi bởi phục vụ chuyên nghiệp, nhanh chóng. Sẽ tiếp tục ủng hộ dài dài!', '2025-05-14 22:37:46', 1, 'reviews/review_ln0v8pW5Fg.jpg', 1, 1, 44, 2, 1, '2025-06-02 15:37:46', '2025-06-02 15:37:46'),
(309, 15, 31, 13, 1, 3, 'Điều làm tôi thích thú với món này là nguyên liệu tươi ngon, chọn lọc kỹ. Không chỉ vậy, phục vụ chuyên nghiệp, nhanh chóng. Recommended cho mọi người!', '2025-05-16 22:37:46', 1, 'reviews/review_FNNUIdf7tD.jpg', 1, 1, 47, 4, 0, '2025-06-02 15:37:46', '2025-06-02 15:37:46'),
(310, 18, 31, 11, 3, 5, 'Tôi thường xuyên đặt món này vì phần ăn đầy đặn, nhiều nhân. Mong rằng nên có thêm option về độ cay. Chắc chắn sẽ quay lại lần nữa!', '2025-05-03 22:37:46', 1, 'reviews/review_WGcZxomFeT.jpg', 1, 0, 12, 0, 1, '2025-06-02 15:37:46', '2025-06-02 15:37:46'),
(311, 11, 32, 85, 2, 5, 'Đây là một trong những món tôi thích nhất ở đây vì chất lượng ổn định qua nhiều lần order. Rất đáng đồng tiền!', '2025-05-23 22:37:46', 1, 'reviews/review_oKQqtRJVmx.jpg', 1, 1, 33, 2, 1, '2025-06-02 15:37:46', '2025-06-02 15:37:46'),
(312, 23, 32, 87, 1, 4, 'Điều làm tôi thích thú với món này là chất lượng ổn định qua nhiều lần order. Không chỉ vậy, nhân viên nhiệt tình, chu đáo. Mong rằng vị có thể đa dạng hơn. Chắc chắn sẽ quay lại lần nữa!', '2025-05-28 22:37:46', 1, NULL, 1, 0, 33, 4, 0, '2025-06-02 15:37:46', '2025-06-02 15:37:46'),
(313, 5, 32, 78, 2, 5, 'Điểm khiến tôi ấn tượng với món này là chất lượng ổn định qua nhiều lần order. Không chỉ vậy, chất lượng ổn định qua nhiều lần order. Recommended cho mọi người!', '2025-05-14 22:37:46', 1, 'reviews/review_bAuB1dGlWY.jpg', 1, 0, 14, 5, 0, '2025-06-02 15:37:46', '2025-06-02 15:37:46'),
(314, 25, 32, 10, 1, 3, 'Sau nhiều lần order, tôi vẫn đánh giá cao vì giá cả phải chăng cho chất lượng này. Không chỉ vậy, phần ăn đầy đặn, nhiều nhân. Tuy nhiên, vị có thể đa dạng hơn. Rất đáng đồng tiền!', '2025-05-06 22:37:46', 1, 'reviews/review_6O5fcOkmqJ.jpg', 1, 1, 20, 4, 0, '2025-06-02 15:37:46', '2025-06-02 15:37:46'),
(315, 5, 32, 50, 3, 3, 'Món này luôn là lựa chọn hàng đầu của tôi bởi chất lượng ổn định qua nhiều lần order. Sẽ tiếp tục ủng hộ dài dài!', '2025-05-12 22:37:46', 1, 'reviews/review_Zr6IJpE433.jpg', 1, 0, 24, 0, 1, '2025-06-02 15:37:46', '2025-06-02 15:37:46'),
(316, 12, 32, 30, 3, 5, 'Điểm khiến tôi ấn tượng với món này là phần ăn đầy đặn, nhiều nhân. Chắc chắn sẽ quay lại lần nữa!', '2025-05-23 22:37:46', 1, NULL, 1, 0, 20, 1, 1, '2025-06-02 15:37:46', '2025-06-02 15:37:46'),
(317, 22, 32, 27, 3, 5, 'Điều làm tôi thích thú với món này là chất lượng ổn định qua nhiều lần order. Recommended cho mọi người!', '2025-05-24 22:37:46', 1, 'reviews/review_hJVTpgqZt2.jpg', 1, 1, 14, 5, 0, '2025-06-02 15:37:46', '2025-06-02 15:37:46'),
(318, 3, 32, 9, 3, 5, 'Tôi đã thử nhiều nơi nhưng vẫn thích ở đây nhất bởi nhân viên nhiệt tình, chu đáo. Nhìn chung vẫn rất đáng để thử!', '2025-05-06 22:37:46', 1, 'reviews/review_95llsJxCrw.jpg', 1, 0, 47, 2, 1, '2025-06-02 15:37:46', '2025-06-02 15:37:46'),
(319, 13, 32, 73, 3, 5, 'Sau nhiều lần order, tôi vẫn đánh giá cao vì nguyên liệu tươi ngon, chọn lọc kỹ. Chắc chắn sẽ quay lại lần nữa!', '2025-05-16 22:37:46', 1, 'reviews/review_ZplP1yzRU6.jpg', 1, 0, 27, 0, 1, '2025-06-02 15:37:46', '2025-06-02 15:37:46'),
(320, 25, 32, 65, 3, 4, 'Tôi đánh giá rất cao món này vì chất lượng ổn định qua nhiều lần order. Nhìn chung vẫn rất đáng để thử!', '2025-05-06 22:37:46', 1, 'reviews/review_sVOWpwsQvP.jpg', 1, 0, 48, 3, 0, '2025-06-02 15:37:46', '2025-06-02 15:37:46'),
(321, 27, 33, 79, 3, 4, 'Tôi thường xuyên đặt món này vì đồ ăn nóng hổi khi nhận được. Không chỉ vậy, giao hàng đúng giờ, shipper thân thiện. Hy vọng lần sau bao bì đóng gói cần cải thiện thêm. Nhìn chung vẫn rất đáng để thử!', '2025-05-12 22:37:46', 1, NULL, 1, 0, 27, 5, 1, '2025-06-02 15:37:46', '2025-06-02 15:37:46'),
(322, 24, 33, 71, 3, 5, 'Sau nhiều lần order, tôi vẫn đánh giá cao vì phục vụ chuyên nghiệp, nhanh chóng. Tuy nhiên, giá hơi cao so với portion size. Chắc chắn sẽ quay lại lần nữa!', '2025-05-24 22:37:46', 1, 'reviews/review_0bUYqBjFDB.jpg', 1, 1, 8, 2, 1, '2025-06-02 15:37:46', '2025-06-02 15:37:46'),
(323, 12, 33, 47, 1, 5, 'Tôi rất hài lòng với chất lượng món này vì hương vị tuyệt vời, đậm đà. Recommended cho mọi người!', '2025-05-18 22:37:46', 1, 'reviews/review_apYJzQPxpM.jpg', 1, 1, 10, 5, 1, '2025-06-02 15:37:46', '2025-06-02 15:37:46'),
(324, 9, 33, 58, 1, 3, 'Món này luôn là lựa chọn hàng đầu của tôi bởi hương vị tuyệt vời, đậm đà. Không chỉ vậy, phần ăn đầy đặn, nhiều nhân. Rất đáng đồng tiền!', '2025-06-01 22:37:46', 1, 'reviews/review_LECBGdxcyR.jpg', 1, 1, 41, 0, 1, '2025-06-02 15:37:46', '2025-06-02 15:37:46'),
(325, 23, 33, 60, 2, 3, 'Đây là một trong những món tôi thích nhất ở đây vì giá cả phải chăng cho chất lượng này. Không chỉ vậy, đóng gói cẩn thận, sạch sẽ. Góp ý nhỏ là giá hơi cao so với portion size. Chắc chắn sẽ quay lại lần nữa!', '2025-05-23 22:37:46', 1, NULL, 1, 1, 50, 0, 1, '2025-06-02 15:37:46', '2025-06-02 15:37:46'),
(326, 18, 33, 82, 1, 5, 'Món ăn để lại ấn tượng tốt nhờ phục vụ chuyên nghiệp, nhanh chóng. Mong rằng rau củ garnish có thể tươi hơn. Recommended cho mọi người!', '2025-05-04 22:37:46', 1, 'reviews/review_6kU0oWJzc0.jpg', 1, 0, 36, 1, 0, '2025-06-02 15:37:46', '2025-06-02 15:37:46'),
(327, 3, 33, 91, 1, 3, 'Món ăn để lại ấn tượng tốt nhờ phục vụ chuyên nghiệp, nhanh chóng. Chắc chắn sẽ quay lại lần nữa!', '2025-05-23 22:37:46', 1, NULL, 1, 0, 28, 5, 0, '2025-06-02 15:37:46', '2025-06-02 15:37:46'),
(328, 13, 33, 9, 2, 4, 'Món ăn để lại ấn tượng tốt nhờ đồ ăn nóng hổi khi nhận được. Không chỉ vậy, đồ ăn nóng hổi khi nhận được. Mong rằng giá hơi cao so với portion size. Sẽ tiếp tục ủng hộ dài dài!', '2025-05-16 22:37:46', 1, 'reviews/review_wx3j1LYatb.jpg', 1, 0, 6, 1, 1, '2025-06-02 15:37:46', '2025-06-02 15:37:46'),
(329, 4, 33, 62, 1, 4, 'Tôi rất hài lòng với chất lượng món này vì giá cả phải chăng cho chất lượng này. Mong rằng phần ăn có thể nhiều hơn một chút. Recommended cho mọi người!', '2025-05-29 22:37:46', 1, 'reviews/review_YQNw8ebK01.jpg', 1, 0, 32, 5, 0, '2025-06-02 15:37:46', '2025-06-02 15:37:46'),
(330, 8, 33, 52, 3, 5, 'Đây là một trong những món tôi thích nhất ở đây vì nguyên liệu tươi ngon, chọn lọc kỹ. Không chỉ vậy, chất lượng ổn định qua nhiều lần order. Rất đáng đồng tiền!', '2025-05-13 22:37:46', 1, 'reviews/review_6DLucFEXAt.jpg', 1, 0, 47, 1, 0, '2025-06-02 15:37:46', '2025-06-02 15:37:46'),
(331, 8, 34, 85, 3, 3, 'Đây là một trong những món tôi thích nhất ở đây vì hương vị tuyệt vời, đậm đà. Không chỉ vậy, phần ăn đầy đặn, nhiều nhân. Nhìn chung vẫn rất đáng để thử!', '2025-06-01 22:37:46', 1, 'reviews/review_fJ0mRMfL5j.jpg', 1, 0, 12, 1, 0, '2025-06-02 15:37:46', '2025-06-02 15:37:46'),
(332, 14, 34, 19, 2, 5, 'Tôi thường xuyên đặt món này vì chất lượng ổn định qua nhiều lần order. Nhìn chung vẫn rất đáng để thử!', '2025-05-12 22:37:46', 1, 'reviews/review_FXXaEDKD4r.jpg', 1, 1, 38, 0, 1, '2025-06-02 15:37:46', '2025-06-02 15:37:46'),
(333, 28, 34, 4, 2, 3, 'Tôi rất hài lòng với chất lượng món này vì giao hàng đúng giờ, shipper thân thiện. Nhìn chung vẫn rất đáng để thử!', '2025-05-30 22:37:46', 1, 'reviews/review_oW1EJbwz93.jpg', 1, 0, 38, 4, 1, '2025-06-02 15:37:46', '2025-06-02 15:37:46'),
(334, 8, 34, 94, 1, 3, 'Điều làm tôi thích thú với món này là nguyên liệu tươi ngon, chọn lọc kỹ. Góp ý nhỏ là phần ăn có thể nhiều hơn một chút. Rất đáng đồng tiền!', '2025-05-21 22:37:46', 1, NULL, 1, 0, 39, 5, 0, '2025-06-02 15:37:46', '2025-06-02 15:37:46'),
(335, 1, 34, 62, 3, 4, 'Sau nhiều lần order, tôi vẫn đánh giá cao vì đồ ăn nóng hổi khi nhận được. Không chỉ vậy, giao hàng đúng giờ, shipper thân thiện. Mong rằng vị có thể đa dạng hơn. Recommended cho mọi người!', '2025-05-07 22:37:46', 1, 'reviews/review_IfDtVF9GW9.jpg', 1, 1, 32, 2, 1, '2025-06-02 15:37:46', '2025-06-02 15:37:46'),
(336, 5, 34, 61, 2, 3, 'Tôi rất hài lòng với chất lượng món này vì nhân viên nhiệt tình, chu đáo. Chắc chắn sẽ quay lại lần nữa!', '2025-05-05 22:37:46', 1, NULL, 1, 1, 28, 4, 0, '2025-06-02 15:37:46', '2025-06-02 15:37:46'),
(337, 7, 34, 63, 3, 5, 'Tôi rất hài lòng với chất lượng món này vì nhân viên nhiệt tình, chu đáo. Chắc chắn sẽ quay lại lần nữa!', '2025-05-06 22:37:46', 1, NULL, 1, 0, 50, 1, 0, '2025-06-02 15:37:46', '2025-06-02 15:37:46'),
(338, 13, 34, 45, 1, 3, 'Sau nhiều lần order, tôi vẫn đánh giá cao vì đồ ăn nóng hổi khi nhận được. Không chỉ vậy, phục vụ chuyên nghiệp, nhanh chóng. Sẽ tiếp tục ủng hộ dài dài!', '2025-05-25 22:37:46', 1, 'reviews/review_ke0CzonoKP.jpg', 1, 1, 38, 3, 1, '2025-06-02 15:37:46', '2025-06-02 15:37:46'),
(339, 3, 34, 8, 3, 3, 'Tôi thường xuyên đặt món này vì giao hàng đúng giờ, shipper thân thiện. Không chỉ vậy, chất lượng ổn định qua nhiều lần order. Hy vọng lần sau vị có thể đậm đà hơn một chút. Nhìn chung vẫn rất đáng để thử!', '2025-05-17 22:37:46', 1, 'reviews/review_KhFfhij5D1.jpg', 1, 1, 40, 3, 0, '2025-06-02 15:37:46', '2025-06-02 15:37:46'),
(340, 2, 34, 62, 2, 4, 'Tôi đánh giá rất cao món này vì hương vị tuyệt vời, đậm đà. Không chỉ vậy, chất lượng ổn định qua nhiều lần order. Sẽ tiếp tục ủng hộ dài dài!', '2025-05-18 22:37:46', 1, 'reviews/review_JYaj3CluUT.jpg', 1, 1, 33, 3, 1, '2025-06-02 15:37:46', '2025-06-02 15:37:46'),
(341, 13, 35, 46, 2, 4, 'Tôi đã thử nhiều nơi nhưng vẫn thích ở đây nhất bởi phần ăn đầy đặn, nhiều nhân. Không chỉ vậy, phục vụ chuyên nghiệp, nhanh chóng. Hy vọng lần sau đồ ăn hơi nguội khi giao đến. Recommended cho mọi người!', '2025-05-24 22:37:46', 1, 'reviews/review_FZBLX1q0hQ.jpg', 1, 0, 14, 3, 1, '2025-06-02 15:37:46', '2025-06-02 15:37:46'),
(342, 24, 35, 62, 1, 5, 'Điều làm tôi thích thú với món này là nguyên liệu tươi ngon, chọn lọc kỹ. Không chỉ vậy, phục vụ chuyên nghiệp, nhanh chóng. Sẽ tiếp tục ủng hộ dài dài!', '2025-05-28 22:37:46', 1, NULL, 1, 0, 1, 2, 1, '2025-06-02 15:37:46', '2025-06-02 15:37:46'),
(343, 26, 35, 34, 2, 4, 'Tôi đánh giá rất cao món này vì nguyên liệu tươi ngon, chọn lọc kỹ. Nhìn chung vẫn rất đáng để thử!', '2025-05-21 22:37:46', 1, NULL, 1, 0, 16, 2, 0, '2025-06-02 15:37:46', '2025-06-02 15:37:46'),
(344, 25, 35, 61, 2, 4, 'Điều làm tôi thích thú với món này là đóng gói cẩn thận, sạch sẽ. Không chỉ vậy, phần ăn đầy đặn, nhiều nhân. Recommended cho mọi người!', '2025-05-26 22:37:46', 1, 'reviews/review_oWZAelhpsm.jpg', 1, 0, 1, 5, 0, '2025-06-02 15:37:46', '2025-06-02 15:37:46'),
(345, 8, 35, 10, 2, 5, 'Tôi đã thử nhiều nơi nhưng vẫn thích ở đây nhất bởi nhân viên nhiệt tình, chu đáo. Rất đáng đồng tiền!', '2025-05-22 22:37:46', 1, NULL, 1, 0, 31, 2, 0, '2025-06-02 15:37:46', '2025-06-02 15:37:46'),
(346, 9, 35, 91, 2, 3, 'Điểm khiến tôi ấn tượng với món này là hương vị tuyệt vời, đậm đà. Sẽ tiếp tục ủng hộ dài dài!', '2025-06-01 22:37:46', 1, 'reviews/review_DQ22ekh7J7.jpg', 1, 1, 2, 3, 0, '2025-06-02 15:37:46', '2025-06-02 15:37:46'),
(347, 27, 35, 3, 1, 4, 'Điểm khiến tôi ấn tượng với món này là giá cả phải chăng cho chất lượng này. Không chỉ vậy, nhân viên nhiệt tình, chu đáo. Sẽ tiếp tục ủng hộ dài dài!', '2025-05-18 22:37:46', 1, NULL, 1, 0, 11, 1, 0, '2025-06-02 15:37:46', '2025-06-02 15:37:46'),
(348, 21, 35, 74, 1, 5, 'Món này luôn là lựa chọn hàng đầu của tôi bởi nhân viên nhiệt tình, chu đáo. Không chỉ vậy, phần ăn đầy đặn, nhiều nhân. Rất đáng đồng tiền!', '2025-05-03 22:37:46', 1, 'reviews/review_j2DbwyQ31n.jpg', 1, 1, 44, 5, 0, '2025-06-02 15:37:46', '2025-06-02 15:37:46'),
(349, 27, 35, 43, 3, 5, 'Sau nhiều lần order, tôi vẫn đánh giá cao vì nguyên liệu tươi ngon, chọn lọc kỹ. Không chỉ vậy, nguyên liệu tươi ngon, chọn lọc kỹ. Nhìn chung vẫn rất đáng để thử!', '2025-05-29 22:37:46', 1, 'reviews/review_L1du3daGNm.jpg', 1, 1, 22, 2, 1, '2025-06-02 15:37:46', '2025-06-02 15:37:46'),
(350, 8, 35, 77, 2, 5, 'Tôi đánh giá rất cao món này vì nguyên liệu tươi ngon, chọn lọc kỹ. Không chỉ vậy, giá cả phải chăng cho chất lượng này. Recommended cho mọi người!', '2025-05-10 22:37:46', 1, 'reviews/review_k12jAUduUV.jpg', 1, 0, 1, 2, 1, '2025-06-02 15:37:46', '2025-06-02 15:37:46'),
(351, 17, 36, 22, 1, 5, 'Điều làm tôi thích thú với món này là phục vụ chuyên nghiệp, nhanh chóng. Không chỉ vậy, phục vụ chuyên nghiệp, nhanh chóng. Recommended cho mọi người!', '2025-05-04 22:37:46', 1, 'reviews/review_cvAxoFwpB1.jpg', 1, 0, 40, 0, 1, '2025-06-02 15:37:46', '2025-06-02 15:37:46'),
(352, 27, 36, 59, 3, 3, 'Điều làm tôi thích thú với món này là phần ăn đầy đặn, nhiều nhân. Nhìn chung vẫn rất đáng để thử!', '2025-05-16 22:37:46', 1, 'reviews/review_hvqUVMru6P.jpg', 1, 1, 19, 5, 1, '2025-06-02 15:37:46', '2025-06-02 15:37:46'),
(353, 23, 36, 33, 2, 5, 'Điều làm tôi thích thú với món này là đồ ăn nóng hổi khi nhận được. Sẽ tiếp tục ủng hộ dài dài!', '2025-05-24 22:37:46', 1, 'reviews/review_xPrQkP83yH.jpg', 1, 0, 10, 1, 1, '2025-06-02 15:37:46', '2025-06-02 15:37:46'),
(354, 9, 36, 14, 2, 4, 'Điểm khiến tôi ấn tượng với món này là đồ ăn nóng hổi khi nhận được. Rất đáng đồng tiền!', '2025-05-03 22:37:46', 1, 'reviews/review_tyeFv2GY6Q.jpg', 1, 0, 41, 2, 1, '2025-06-02 15:37:46', '2025-06-02 15:37:46'),
(355, 6, 36, 4, 3, 3, 'Món ăn để lại ấn tượng tốt nhờ đóng gói cẩn thận, sạch sẽ. Không chỉ vậy, chất lượng ổn định qua nhiều lần order. Rất đáng đồng tiền!', '2025-05-31 22:37:46', 1, 'reviews/review_8QR0eGkZN2.jpg', 1, 1, 22, 4, 1, '2025-06-02 15:37:46', '2025-06-02 15:37:46'),
(356, 14, 36, 63, 3, 3, 'Sau nhiều lần order, tôi vẫn đánh giá cao vì đồ ăn nóng hổi khi nhận được. Không chỉ vậy, đóng gói cẩn thận, sạch sẽ. Góp ý nhỏ là thời gian chờ hơi lâu vào giờ cao điểm. Rất đáng đồng tiền!', '2025-05-29 22:37:46', 1, 'reviews/review_cB6hQ8uInP.jpg', 1, 1, 0, 2, 0, '2025-06-02 15:37:46', '2025-06-02 15:37:46'),
(357, 21, 36, 80, 1, 4, 'Sau nhiều lần order, tôi vẫn đánh giá cao vì giá cả phải chăng cho chất lượng này. Mong rằng đồ ăn hơi nguội khi giao đến. Nhìn chung vẫn rất đáng để thử!', '2025-05-30 22:37:46', 1, NULL, 1, 1, 4, 1, 0, '2025-06-02 15:37:46', '2025-06-02 15:37:46'),
(358, 27, 36, 95, 2, 5, 'Điều làm tôi thích thú với món này là phần ăn đầy đặn, nhiều nhân. Rất đáng đồng tiền!', '2025-05-15 22:37:46', 1, NULL, 1, 0, 6, 0, 0, '2025-06-02 15:37:46', '2025-06-02 15:37:46'),
(359, 25, 36, 92, 2, 4, 'Tôi đánh giá rất cao món này vì giá cả phải chăng cho chất lượng này. Tuy nhiên, thời gian chờ hơi lâu vào giờ cao điểm. Recommended cho mọi người!', '2025-05-04 22:37:46', 1, 'reviews/review_Iw1Ir2U9UZ.jpg', 1, 1, 32, 2, 0, '2025-06-02 15:37:46', '2025-06-02 15:37:46'),
(360, 9, 36, 56, 1, 5, 'Đây là một trong những món tôi thích nhất ở đây vì phục vụ chuyên nghiệp, nhanh chóng. Recommended cho mọi người!', '2025-05-25 22:37:46', 1, 'reviews/review_bWC0sH1CIo.jpg', 1, 0, 30, 2, 1, '2025-06-02 15:37:46', '2025-06-02 15:37:46'),
(361, 3, 37, 77, 1, 3, 'Điểm khiến tôi ấn tượng với món này là giá cả phải chăng cho chất lượng này. Rất đáng đồng tiền!', '2025-05-10 22:37:46', 1, 'reviews/review_jKSshprsAE.jpg', 1, 1, 36, 5, 1, '2025-06-02 15:37:46', '2025-06-02 15:37:46'),
(362, 7, 37, 2, 3, 5, 'Món ăn để lại ấn tượng tốt nhờ chất lượng ổn định qua nhiều lần order. Không chỉ vậy, chất lượng ổn định qua nhiều lần order. Góp ý nhỏ là đồ ăn hơi nguội khi giao đến. Recommended cho mọi người!', '2025-05-15 22:37:46', 1, 'reviews/review_8E31yuh9jH.jpg', 1, 1, 10, 0, 1, '2025-06-02 15:37:46', '2025-06-02 15:37:46'),
(363, 3, 37, 91, 1, 4, 'Tôi đã thử nhiều nơi nhưng vẫn thích ở đây nhất bởi nguyên liệu tươi ngon, chọn lọc kỹ. Chắc chắn sẽ quay lại lần nữa!', '2025-05-08 22:37:46', 1, 'reviews/review_SzFPUTnjKW.jpg', 1, 1, 18, 5, 0, '2025-06-02 15:37:46', '2025-06-02 15:37:46'),
(364, 16, 37, 2, 2, 5, 'Món này luôn là lựa chọn hàng đầu của tôi bởi phục vụ chuyên nghiệp, nhanh chóng. Recommended cho mọi người!', '2025-05-03 22:37:46', 1, NULL, 1, 0, 2, 3, 1, '2025-06-02 15:37:46', '2025-06-02 15:37:46'),
(365, 21, 37, 26, 3, 3, 'Món này luôn là lựa chọn hàng đầu của tôi bởi phần ăn đầy đặn, nhiều nhân. Rất đáng đồng tiền!', '2025-05-11 22:37:46', 1, 'reviews/review_XceKR5Cp4s.jpg', 1, 1, 44, 1, 0, '2025-06-02 15:37:46', '2025-06-02 15:37:46'),
(366, 11, 37, 15, 3, 4, 'Điều làm tôi thích thú với món này là chất lượng ổn định qua nhiều lần order. Rất đáng đồng tiền!', '2025-05-30 22:37:46', 1, 'reviews/review_vFScVY0geY.jpg', 1, 1, 20, 0, 0, '2025-06-02 15:37:46', '2025-06-02 15:37:46'),
(367, 1, 37, 100, 1, 3, 'Tôi thường xuyên đặt món này vì phục vụ chuyên nghiệp, nhanh chóng. Nhìn chung vẫn rất đáng để thử!', '2025-05-30 22:37:46', 1, NULL, 1, 1, 27, 3, 0, '2025-06-02 15:37:46', '2025-06-02 15:37:46'),
(368, 26, 37, 46, 2, 5, 'Sau nhiều lần order, tôi vẫn đánh giá cao vì chất lượng ổn định qua nhiều lần order. Rất đáng đồng tiền!', '2025-05-31 22:37:46', 1, NULL, 1, 1, 50, 1, 1, '2025-06-02 15:37:46', '2025-06-02 15:37:46'),
(369, 23, 37, 30, 2, 3, 'Món ăn để lại ấn tượng tốt nhờ nhân viên nhiệt tình, chu đáo. Mong rằng đồ ăn hơi nguội khi giao đến. Recommended cho mọi người!', '2025-05-13 22:37:46', 1, NULL, 1, 0, 7, 5, 1, '2025-06-02 15:37:46', '2025-06-02 15:37:46'),
(370, 22, 37, 66, 3, 3, 'Đây là một trong những món tôi thích nhất ở đây vì chất lượng ổn định qua nhiều lần order. Góp ý nhỏ là thời gian chờ hơi lâu vào giờ cao điểm. Rất đáng đồng tiền!', '2025-05-14 22:37:46', 1, NULL, 1, 1, 20, 2, 0, '2025-06-02 15:37:46', '2025-06-02 15:37:46'),
(371, 12, 38, 4, 1, 5, 'Tôi rất hài lòng với chất lượng món này vì đồ ăn nóng hổi khi nhận được. Rất đáng đồng tiền!', '2025-05-09 22:37:46', 1, NULL, 1, 0, 30, 4, 1, '2025-06-02 15:37:46', '2025-06-02 15:37:46');
INSERT INTO `product_reviews` (`id`, `user_id`, `product_id`, `order_id`, `branch_id`, `rating`, `review`, `review_date`, `approved`, `review_image`, `is_verified_purchase`, `is_anonymous`, `helpful_count`, `report_count`, `is_featured`, `created_at`, `updated_at`) VALUES
(372, 24, 38, 62, 1, 4, 'Món ăn để lại ấn tượng tốt nhờ đồ ăn nóng hổi khi nhận được. Không chỉ vậy, nhân viên nhiệt tình, chu đáo. Nhìn chung vẫn rất đáng để thử!', '2025-05-26 22:37:46', 1, NULL, 1, 1, 9, 2, 1, '2025-06-02 15:37:46', '2025-06-02 15:37:46'),
(373, 12, 38, 6, 1, 4, 'Món ăn để lại ấn tượng tốt nhờ giao hàng đúng giờ, shipper thân thiện. Rất đáng đồng tiền!', '2025-05-12 22:37:46', 1, NULL, 1, 1, 29, 2, 0, '2025-06-02 15:37:46', '2025-06-02 15:37:46'),
(374, 4, 38, 80, 1, 3, 'Sau nhiều lần order, tôi vẫn đánh giá cao vì phần ăn đầy đặn, nhiều nhân. Không chỉ vậy, đồ ăn nóng hổi khi nhận được. Sẽ tiếp tục ủng hộ dài dài!', '2025-05-27 22:37:46', 1, 'reviews/review_gNgylX4SZY.jpg', 1, 1, 29, 0, 1, '2025-06-02 15:37:46', '2025-06-02 15:37:46'),
(375, 9, 38, 17, 1, 5, 'Đây là một trong những món tôi thích nhất ở đây vì phục vụ chuyên nghiệp, nhanh chóng. Sẽ tiếp tục ủng hộ dài dài!', '2025-05-10 22:37:46', 1, 'reviews/review_xFS3KDKCeN.jpg', 1, 1, 17, 0, 1, '2025-06-02 15:37:46', '2025-06-02 15:37:46'),
(376, 21, 38, 2, 3, 5, 'Tôi đã thử nhiều nơi nhưng vẫn thích ở đây nhất bởi giao hàng đúng giờ, shipper thân thiện. Không chỉ vậy, phục vụ chuyên nghiệp, nhanh chóng. Chắc chắn sẽ quay lại lần nữa!', '2025-06-01 22:37:46', 1, NULL, 1, 1, 23, 3, 0, '2025-06-02 15:37:46', '2025-06-02 15:37:46'),
(377, 11, 38, 41, 2, 3, 'Tôi đã thử nhiều nơi nhưng vẫn thích ở đây nhất bởi nhân viên nhiệt tình, chu đáo. Rất đáng đồng tiền!', '2025-05-20 22:37:46', 1, 'reviews/review_DpKxCysiw2.jpg', 1, 0, 5, 3, 0, '2025-06-02 15:37:46', '2025-06-02 15:37:46'),
(378, 9, 38, 17, 2, 3, 'Món này luôn là lựa chọn hàng đầu của tôi bởi nguyên liệu tươi ngon, chọn lọc kỹ. Chắc chắn sẽ quay lại lần nữa!', '2025-05-31 22:37:46', 1, NULL, 1, 1, 24, 4, 1, '2025-06-02 15:37:46', '2025-06-02 15:37:46'),
(379, 25, 38, 100, 2, 3, 'Món này luôn là lựa chọn hàng đầu của tôi bởi đồ ăn nóng hổi khi nhận được. Nhìn chung vẫn rất đáng để thử!', '2025-05-07 22:37:46', 1, NULL, 1, 0, 33, 4, 1, '2025-06-02 15:37:46', '2025-06-02 15:37:46'),
(380, 17, 38, 66, 2, 5, 'Tôi đã thử nhiều nơi nhưng vẫn thích ở đây nhất bởi nhân viên nhiệt tình, chu đáo. Nhìn chung vẫn rất đáng để thử!', '2025-05-19 22:37:46', 1, NULL, 1, 1, 16, 5, 1, '2025-06-02 15:37:46', '2025-06-02 15:37:46'),
(381, 22, 39, 12, 3, 4, 'Sau nhiều lần order, tôi vẫn đánh giá cao vì giao hàng đúng giờ, shipper thân thiện. Không chỉ vậy, phục vụ chuyên nghiệp, nhanh chóng. Chắc chắn sẽ quay lại lần nữa!', '2025-05-25 22:37:46', 1, 'reviews/review_oAEFeQcliF.jpg', 1, 0, 22, 2, 0, '2025-06-02 15:37:46', '2025-06-02 15:37:46'),
(382, 7, 39, 53, 2, 3, 'Điểm khiến tôi ấn tượng với món này là giao hàng đúng giờ, shipper thân thiện. Rất đáng đồng tiền!', '2025-05-05 22:37:46', 1, NULL, 1, 0, 25, 2, 1, '2025-06-02 15:37:46', '2025-06-02 15:37:46'),
(383, 19, 39, 26, 2, 5, 'Tôi rất hài lòng với chất lượng món này vì phần ăn đầy đặn, nhiều nhân. Recommended cho mọi người!', '2025-05-12 22:37:46', 1, 'reviews/review_ApuXw1lNo8.jpg', 1, 1, 2, 0, 0, '2025-06-02 15:37:46', '2025-06-02 15:37:46'),
(384, 23, 39, 38, 2, 4, 'Tôi thường xuyên đặt món này vì giao hàng đúng giờ, shipper thân thiện. Mong rằng giá hơi cao so với portion size. Recommended cho mọi người!', '2025-05-24 22:37:46', 1, 'reviews/review_L2bRH7xsE8.jpg', 1, 1, 32, 1, 0, '2025-06-02 15:37:46', '2025-06-02 15:37:46'),
(385, 7, 39, 45, 1, 4, 'Điểm khiến tôi ấn tượng với món này là chất lượng ổn định qua nhiều lần order. Sẽ tiếp tục ủng hộ dài dài!', '2025-05-08 22:37:46', 1, NULL, 1, 0, 14, 1, 1, '2025-06-02 15:37:46', '2025-06-02 15:37:46'),
(386, 11, 39, 94, 1, 4, 'Món này luôn là lựa chọn hàng đầu của tôi bởi chất lượng ổn định qua nhiều lần order. Không chỉ vậy, chất lượng ổn định qua nhiều lần order. Recommended cho mọi người!', '2025-05-03 22:37:46', 1, NULL, 1, 1, 44, 2, 0, '2025-06-02 15:37:46', '2025-06-02 15:37:46'),
(387, 24, 39, 76, 3, 4, 'Tôi đã thử nhiều nơi nhưng vẫn thích ở đây nhất bởi nhân viên nhiệt tình, chu đáo. Không chỉ vậy, đóng gói cẩn thận, sạch sẽ. Recommended cho mọi người!', '2025-05-10 22:37:46', 1, 'reviews/review_EIt78BXPqn.jpg', 1, 0, 44, 1, 0, '2025-06-02 15:37:46', '2025-06-02 15:37:46'),
(388, 25, 39, 81, 2, 3, 'Tôi thường xuyên đặt món này vì nguyên liệu tươi ngon, chọn lọc kỹ. Recommended cho mọi người!', '2025-05-28 22:37:46', 1, 'reviews/review_mwneHyn5Ty.jpg', 1, 0, 1, 1, 1, '2025-06-02 15:37:46', '2025-06-02 15:37:46'),
(389, 8, 39, 62, 2, 4, 'Điều làm tôi thích thú với món này là giao hàng đúng giờ, shipper thân thiện. Không chỉ vậy, giao hàng đúng giờ, shipper thân thiện. Rất đáng đồng tiền!', '2025-05-05 22:37:46', 1, NULL, 1, 1, 7, 0, 1, '2025-06-02 15:37:46', '2025-06-02 15:37:46'),
(390, 13, 39, 59, 2, 3, 'Món ăn để lại ấn tượng tốt nhờ giá cả phải chăng cho chất lượng này. Không chỉ vậy, nhân viên nhiệt tình, chu đáo. Nhìn chung vẫn rất đáng để thử!', '2025-05-16 22:37:46', 1, NULL, 1, 1, 29, 1, 0, '2025-06-02 15:37:46', '2025-06-02 15:37:46'),
(391, 10, 40, 17, 3, 5, 'Điểm khiến tôi ấn tượng với món này là hương vị tuyệt vời, đậm đà. Không chỉ vậy, nhân viên nhiệt tình, chu đáo. Recommended cho mọi người!', '2025-05-16 22:37:46', 1, NULL, 1, 1, 7, 2, 1, '2025-06-02 15:37:46', '2025-06-02 15:37:46'),
(392, 20, 40, 73, 1, 3, 'Điều làm tôi thích thú với món này là giao hàng đúng giờ, shipper thân thiện. Chắc chắn sẽ quay lại lần nữa!', '2025-05-05 22:37:46', 1, 'reviews/review_g77F6phNKb.jpg', 1, 0, 34, 5, 0, '2025-06-02 15:37:46', '2025-06-02 15:37:46'),
(393, 27, 40, 88, 2, 3, 'Món này luôn là lựa chọn hàng đầu của tôi bởi đồ ăn nóng hổi khi nhận được. Không chỉ vậy, nhân viên nhiệt tình, chu đáo. Recommended cho mọi người!', '2025-05-11 22:37:46', 1, NULL, 1, 0, 45, 4, 0, '2025-06-02 15:37:46', '2025-06-02 15:37:46'),
(394, 10, 40, 25, 3, 5, 'Đây là một trong những món tôi thích nhất ở đây vì chất lượng ổn định qua nhiều lần order. Không chỉ vậy, nhân viên nhiệt tình, chu đáo. Tuy nhiên, đồ ăn hơi nguội khi giao đến. Recommended cho mọi người!', '2025-05-06 22:37:46', 1, 'reviews/review_W3sl87AU9h.jpg', 1, 1, 38, 3, 1, '2025-06-02 15:37:46', '2025-06-02 15:37:46'),
(395, 28, 40, 22, 2, 3, 'Món ăn để lại ấn tượng tốt nhờ đóng gói cẩn thận, sạch sẽ. Nhìn chung vẫn rất đáng để thử!', '2025-05-04 22:37:46', 1, 'reviews/review_9IJiCwysvr.jpg', 1, 0, 32, 2, 0, '2025-06-02 15:37:46', '2025-06-02 15:37:46'),
(396, 19, 40, 15, 1, 5, 'Tôi rất hài lòng với chất lượng món này vì giao hàng đúng giờ, shipper thân thiện. Không chỉ vậy, đóng gói cẩn thận, sạch sẽ. Hy vọng lần sau bao bì đóng gói cần cải thiện thêm. Rất đáng đồng tiền!', '2025-05-29 22:37:46', 1, NULL, 1, 0, 46, 3, 1, '2025-06-02 15:37:46', '2025-06-02 15:37:46'),
(397, 15, 40, 51, 3, 5, 'Món này luôn là lựa chọn hàng đầu của tôi bởi giao hàng đúng giờ, shipper thân thiện. Không chỉ vậy, hương vị tuyệt vời, đậm đà. Chắc chắn sẽ quay lại lần nữa!', '2025-05-07 22:37:46', 1, NULL, 1, 1, 30, 4, 1, '2025-06-02 15:37:46', '2025-06-02 15:37:46'),
(398, 24, 40, 72, 3, 4, 'Sau nhiều lần order, tôi vẫn đánh giá cao vì giá cả phải chăng cho chất lượng này. Hy vọng lần sau phần ăn có thể nhiều hơn một chút. Rất đáng đồng tiền!', '2025-05-13 22:37:46', 1, 'reviews/review_TQN0fgEV4l.jpg', 1, 0, 43, 4, 1, '2025-06-02 15:37:46', '2025-06-02 15:37:46'),
(399, 19, 40, 11, 3, 4, 'Món ăn để lại ấn tượng tốt nhờ đóng gói cẩn thận, sạch sẽ. Không chỉ vậy, đồ ăn nóng hổi khi nhận được. Recommended cho mọi người!', '2025-05-26 22:37:46', 1, NULL, 1, 0, 1, 4, 1, '2025-06-02 15:37:46', '2025-06-02 15:37:46'),
(400, 1, 40, 68, 2, 3, 'Đây là một trong những món tôi thích nhất ở đây vì hương vị tuyệt vời, đậm đà. Recommended cho mọi người!', '2025-05-03 22:37:46', 1, NULL, 1, 0, 47, 4, 1, '2025-06-02 15:37:46', '2025-06-02 15:37:46'),
(401, 22, 41, 46, 3, 4, 'Điểm khiến tôi ấn tượng với món này là nguyên liệu tươi ngon, chọn lọc kỹ. Recommended cho mọi người!', '2025-05-16 22:37:46', 1, NULL, 1, 0, 10, 4, 0, '2025-06-02 15:37:46', '2025-06-02 15:37:46'),
(402, 18, 41, 19, 2, 5, 'Tôi thường xuyên đặt món này vì nhân viên nhiệt tình, chu đáo. Chắc chắn sẽ quay lại lần nữa!', '2025-05-14 22:37:46', 1, 'reviews/review_weEtPOiFCM.jpg', 1, 1, 40, 0, 1, '2025-06-02 15:37:46', '2025-06-02 15:37:46'),
(403, 15, 41, 59, 3, 4, 'Món ăn để lại ấn tượng tốt nhờ đóng gói cẩn thận, sạch sẽ. Không chỉ vậy, hương vị tuyệt vời, đậm đà. Recommended cho mọi người!', '2025-05-03 22:37:46', 1, 'reviews/review_cGZTv8qTEz.jpg', 1, 1, 19, 0, 1, '2025-06-02 15:37:46', '2025-06-02 15:37:46'),
(404, 25, 41, 58, 1, 4, 'Tôi đã thử nhiều nơi nhưng vẫn thích ở đây nhất bởi đóng gói cẩn thận, sạch sẽ. Nhìn chung vẫn rất đáng để thử!', '2025-05-05 22:37:46', 1, 'reviews/review_6RAvOfSr78.jpg', 1, 1, 3, 5, 0, '2025-06-02 15:37:46', '2025-06-02 15:37:46'),
(405, 25, 41, 71, 2, 5, 'Đây là một trong những món tôi thích nhất ở đây vì phục vụ chuyên nghiệp, nhanh chóng. Sẽ tiếp tục ủng hộ dài dài!', '2025-05-10 22:37:46', 1, NULL, 1, 1, 39, 3, 1, '2025-06-02 15:37:46', '2025-06-02 15:37:46'),
(406, 2, 41, 72, 1, 5, 'Điểm khiến tôi ấn tượng với món này là đồ ăn nóng hổi khi nhận được. Không chỉ vậy, giá cả phải chăng cho chất lượng này. Recommended cho mọi người!', '2025-05-29 22:37:46', 1, NULL, 1, 1, 11, 0, 0, '2025-06-02 15:37:46', '2025-06-02 15:37:46'),
(407, 12, 41, 84, 1, 4, 'Tôi đã thử nhiều nơi nhưng vẫn thích ở đây nhất bởi hương vị tuyệt vời, đậm đà. Không chỉ vậy, nhân viên nhiệt tình, chu đáo. Chắc chắn sẽ quay lại lần nữa!', '2025-05-25 22:37:46', 1, 'reviews/review_AeVmDhA5wS.jpg', 1, 0, 40, 2, 1, '2025-06-02 15:37:46', '2025-06-02 15:37:46'),
(408, 19, 41, 73, 3, 5, 'Tôi rất hài lòng với chất lượng món này vì giá cả phải chăng cho chất lượng này. Nhìn chung vẫn rất đáng để thử!', '2025-05-25 22:37:46', 1, NULL, 1, 1, 44, 5, 0, '2025-06-02 15:37:46', '2025-06-02 15:37:46'),
(409, 24, 41, 91, 1, 3, 'Điều làm tôi thích thú với món này là đồ ăn nóng hổi khi nhận được. Không chỉ vậy, phục vụ chuyên nghiệp, nhanh chóng. Mong rằng bao bì đóng gói cần cải thiện thêm. Chắc chắn sẽ quay lại lần nữa!', '2025-05-28 22:37:46', 1, NULL, 1, 1, 44, 5, 0, '2025-06-02 15:37:46', '2025-06-02 15:37:46'),
(410, 19, 41, 34, 1, 3, 'Tôi thường xuyên đặt món này vì nguyên liệu tươi ngon, chọn lọc kỹ. Mong rằng giá hơi cao so với portion size. Recommended cho mọi người!', '2025-05-24 22:37:46', 1, 'reviews/review_bOFa84SjoQ.jpg', 1, 1, 44, 2, 0, '2025-06-02 15:37:46', '2025-06-02 15:37:46'),
(411, 16, 42, 23, 2, 5, 'Tôi đã thử nhiều nơi nhưng vẫn thích ở đây nhất bởi giá cả phải chăng cho chất lượng này. Không chỉ vậy, giá cả phải chăng cho chất lượng này. Rất đáng đồng tiền!', '2025-05-21 22:37:46', 1, 'reviews/review_uhx6XGeUDi.jpg', 1, 0, 41, 4, 1, '2025-06-02 15:37:46', '2025-06-02 15:37:46'),
(412, 3, 42, 80, 3, 3, 'Tôi rất hài lòng với chất lượng món này vì giao hàng đúng giờ, shipper thân thiện. Recommended cho mọi người!', '2025-05-25 22:37:46', 1, NULL, 1, 1, 32, 1, 0, '2025-06-02 15:37:46', '2025-06-02 15:37:46'),
(413, 9, 42, 78, 3, 5, 'Điểm khiến tôi ấn tượng với món này là đồ ăn nóng hổi khi nhận được. Không chỉ vậy, đồ ăn nóng hổi khi nhận được. Recommended cho mọi người!', '2025-05-07 22:37:46', 1, 'reviews/review_LNSTenPVXP.jpg', 1, 1, 45, 2, 1, '2025-06-02 15:37:46', '2025-06-02 15:37:46'),
(414, 24, 42, 55, 2, 5, 'Sau nhiều lần order, tôi vẫn đánh giá cao vì giao hàng đúng giờ, shipper thân thiện. Recommended cho mọi người!', '2025-05-23 22:37:46', 1, NULL, 1, 0, 32, 0, 1, '2025-06-02 15:37:46', '2025-06-02 15:37:46'),
(415, 17, 42, 42, 1, 3, 'Đây là một trong những món tôi thích nhất ở đây vì nhân viên nhiệt tình, chu đáo. Điểm cần cải thiện là phần ăn có thể nhiều hơn một chút. Rất đáng đồng tiền!', '2025-05-19 22:37:46', 1, NULL, 1, 0, 31, 5, 0, '2025-06-02 15:37:46', '2025-06-02 15:37:46'),
(416, 26, 42, 11, 1, 5, 'Tôi thường xuyên đặt món này vì giao hàng đúng giờ, shipper thân thiện. Không chỉ vậy, nhân viên nhiệt tình, chu đáo. Hy vọng lần sau rau củ garnish có thể tươi hơn. Rất đáng đồng tiền!', '2025-05-03 22:37:46', 1, NULL, 1, 0, 46, 0, 0, '2025-06-02 15:37:46', '2025-06-02 15:37:46'),
(417, 20, 42, 99, 3, 3, 'Món này luôn là lựa chọn hàng đầu của tôi bởi chất lượng ổn định qua nhiều lần order. Rất đáng đồng tiền!', '2025-05-28 22:37:46', 1, NULL, 1, 0, 34, 3, 1, '2025-06-02 15:37:46', '2025-06-02 15:37:46'),
(418, 16, 42, 10, 2, 4, 'Món ăn để lại ấn tượng tốt nhờ đóng gói cẩn thận, sạch sẽ. Không chỉ vậy, chất lượng ổn định qua nhiều lần order. Điểm cần cải thiện là vị có thể đậm đà hơn một chút. Nhìn chung vẫn rất đáng để thử!', '2025-05-07 22:37:46', 1, NULL, 1, 1, 21, 5, 0, '2025-06-02 15:37:46', '2025-06-02 15:37:46'),
(419, 1, 42, 32, 2, 5, 'Món này luôn là lựa chọn hàng đầu của tôi bởi nguyên liệu tươi ngon, chọn lọc kỹ. Nhìn chung vẫn rất đáng để thử!', '2025-05-06 22:37:46', 1, NULL, 1, 0, 29, 5, 0, '2025-06-02 15:37:46', '2025-06-02 15:37:46'),
(420, 2, 42, 22, 1, 5, 'Tôi đã thử nhiều nơi nhưng vẫn thích ở đây nhất bởi hương vị tuyệt vời, đậm đà. Không chỉ vậy, phần ăn đầy đặn, nhiều nhân. Hy vọng lần sau nước chấm hơi ít so với khẩu phần. Recommended cho mọi người!', '2025-05-30 22:37:46', 1, NULL, 1, 0, 13, 4, 0, '2025-06-02 15:37:46', '2025-06-02 15:37:46'),
(421, 24, 43, 72, 2, 4, 'Sau nhiều lần order, tôi vẫn đánh giá cao vì đóng gói cẩn thận, sạch sẽ. Điểm cần cải thiện là vị có thể đậm đà hơn một chút. Rất đáng đồng tiền!', '2025-05-16 22:37:46', 1, NULL, 1, 1, 16, 1, 1, '2025-06-02 15:37:46', '2025-06-02 15:37:46'),
(422, 11, 43, 30, 3, 4, 'Tôi đã thử nhiều nơi nhưng vẫn thích ở đây nhất bởi giá cả phải chăng cho chất lượng này. Không chỉ vậy, đóng gói cẩn thận, sạch sẽ. Sẽ tiếp tục ủng hộ dài dài!', '2025-05-20 22:37:46', 1, 'reviews/review_AxLMjG0oYD.jpg', 1, 1, 32, 5, 1, '2025-06-02 15:37:46', '2025-06-02 15:37:46'),
(423, 10, 43, 89, 3, 4, 'Điều làm tôi thích thú với món này là hương vị tuyệt vời, đậm đà. Không chỉ vậy, phục vụ chuyên nghiệp, nhanh chóng. Sẽ tiếp tục ủng hộ dài dài!', '2025-05-14 22:37:46', 1, NULL, 1, 0, 14, 2, 1, '2025-06-02 15:37:46', '2025-06-02 15:37:46'),
(424, 15, 43, 78, 1, 3, 'Món này luôn là lựa chọn hàng đầu của tôi bởi đóng gói cẩn thận, sạch sẽ. Không chỉ vậy, đóng gói cẩn thận, sạch sẽ. Tuy nhiên, nước chấm hơi ít so với khẩu phần. Rất đáng đồng tiền!', '2025-05-25 22:37:46', 1, NULL, 1, 0, 13, 5, 0, '2025-06-02 15:37:46', '2025-06-02 15:37:46'),
(425, 27, 43, 33, 3, 5, 'Điểm khiến tôi ấn tượng với món này là nhân viên nhiệt tình, chu đáo. Nhìn chung vẫn rất đáng để thử!', '2025-05-27 22:37:46', 1, 'reviews/review_sF6LiYDVm2.jpg', 1, 1, 22, 1, 0, '2025-06-02 15:37:46', '2025-06-02 15:37:46'),
(426, 21, 43, 69, 1, 4, 'Sau nhiều lần order, tôi vẫn đánh giá cao vì nguyên liệu tươi ngon, chọn lọc kỹ. Không chỉ vậy, phục vụ chuyên nghiệp, nhanh chóng. Góp ý nhỏ là nên có thêm option về độ cay. Recommended cho mọi người!', '2025-05-11 22:37:46', 1, 'reviews/review_DyBnKrXZnw.jpg', 1, 1, 12, 5, 1, '2025-06-02 15:37:46', '2025-06-02 15:37:46'),
(427, 10, 43, 3, 2, 5, 'Điều làm tôi thích thú với món này là đồ ăn nóng hổi khi nhận được. Không chỉ vậy, phục vụ chuyên nghiệp, nhanh chóng. Chắc chắn sẽ quay lại lần nữa!', '2025-06-01 22:37:46', 1, NULL, 1, 1, 41, 0, 1, '2025-06-02 15:37:46', '2025-06-02 15:37:46'),
(428, 17, 43, 40, 3, 5, 'Đây là một trong những món tôi thích nhất ở đây vì đóng gói cẩn thận, sạch sẽ. Không chỉ vậy, giao hàng đúng giờ, shipper thân thiện. Góp ý nhỏ là vị có thể đa dạng hơn. Chắc chắn sẽ quay lại lần nữa!', '2025-05-14 22:37:46', 1, 'reviews/review_1FHggdXdlE.jpg', 1, 1, 20, 0, 0, '2025-06-02 15:37:46', '2025-06-02 15:37:46'),
(429, 24, 43, 37, 2, 4, 'Tôi rất hài lòng với chất lượng món này vì nguyên liệu tươi ngon, chọn lọc kỹ. Điểm cần cải thiện là rau củ garnish có thể tươi hơn. Nhìn chung vẫn rất đáng để thử!', '2025-05-10 22:37:46', 1, NULL, 1, 0, 28, 0, 0, '2025-06-02 15:37:46', '2025-06-02 15:37:46'),
(430, 15, 43, 7, 1, 3, 'Tôi đã thử nhiều nơi nhưng vẫn thích ở đây nhất bởi đóng gói cẩn thận, sạch sẽ. Không chỉ vậy, hương vị tuyệt vời, đậm đà. Mong rằng đồ ăn hơi nguội khi giao đến. Sẽ tiếp tục ủng hộ dài dài!', '2025-05-25 22:37:46', 1, 'reviews/review_myUfBJLvVB.jpg', 1, 1, 15, 2, 0, '2025-06-02 15:37:46', '2025-06-02 15:37:46'),
(431, 22, 44, 9, 1, 3, 'Món này luôn là lựa chọn hàng đầu của tôi bởi hương vị tuyệt vời, đậm đà. Không chỉ vậy, phục vụ chuyên nghiệp, nhanh chóng. Hy vọng lần sau bao bì đóng gói cần cải thiện thêm. Recommended cho mọi người!', '2025-05-15 22:37:46', 1, NULL, 1, 1, 6, 5, 1, '2025-06-02 15:37:46', '2025-06-02 15:37:46'),
(432, 2, 44, 87, 1, 5, 'Điểm khiến tôi ấn tượng với món này là phục vụ chuyên nghiệp, nhanh chóng. Góp ý nhỏ là vị có thể đậm đà hơn một chút. Rất đáng đồng tiền!', '2025-05-03 22:37:46', 1, 'reviews/review_7YedrZuNHx.jpg', 1, 0, 34, 3, 1, '2025-06-02 15:37:46', '2025-06-02 15:37:46'),
(433, 12, 44, 68, 2, 5, 'Tôi thường xuyên đặt món này vì nguyên liệu tươi ngon, chọn lọc kỹ. Không chỉ vậy, đồ ăn nóng hổi khi nhận được. Recommended cho mọi người!', '2025-05-23 22:37:46', 1, NULL, 1, 0, 11, 5, 1, '2025-06-02 15:37:46', '2025-06-02 15:37:46'),
(434, 7, 44, 49, 2, 4, 'Đây là một trong những món tôi thích nhất ở đây vì đóng gói cẩn thận, sạch sẽ. Nhìn chung vẫn rất đáng để thử!', '2025-05-30 22:37:46', 1, 'reviews/review_wPRyvqHp2W.jpg', 1, 1, 35, 2, 1, '2025-06-02 15:37:46', '2025-06-02 15:37:46'),
(435, 5, 44, 93, 2, 5, 'Điều làm tôi thích thú với món này là nguyên liệu tươi ngon, chọn lọc kỹ. Hy vọng lần sau đồ ăn hơi nguội khi giao đến. Chắc chắn sẽ quay lại lần nữa!', '2025-05-30 22:37:46', 1, 'reviews/review_fUs98qqNbz.jpg', 1, 1, 8, 3, 1, '2025-06-02 15:37:46', '2025-06-02 15:37:46'),
(436, 24, 44, 5, 2, 3, 'Món này luôn là lựa chọn hàng đầu của tôi bởi nhân viên nhiệt tình, chu đáo. Không chỉ vậy, giao hàng đúng giờ, shipper thân thiện. Sẽ tiếp tục ủng hộ dài dài!', '2025-05-18 22:37:46', 1, 'reviews/review_3ThwZb9661.jpg', 1, 1, 11, 1, 1, '2025-06-02 15:37:46', '2025-06-02 15:37:46'),
(437, 8, 44, 2, 1, 3, 'Sau nhiều lần order, tôi vẫn đánh giá cao vì chất lượng ổn định qua nhiều lần order. Không chỉ vậy, nhân viên nhiệt tình, chu đáo. Rất đáng đồng tiền!', '2025-05-23 22:37:46', 1, NULL, 1, 0, 12, 0, 1, '2025-06-02 15:37:46', '2025-06-02 15:37:46'),
(438, 27, 44, 80, 1, 3, 'Món này luôn là lựa chọn hàng đầu của tôi bởi đóng gói cẩn thận, sạch sẽ. Không chỉ vậy, đóng gói cẩn thận, sạch sẽ. Rất đáng đồng tiền!', '2025-06-01 22:37:46', 1, 'reviews/review_reOxeeBQ3N.jpg', 1, 1, 28, 0, 1, '2025-06-02 15:37:46', '2025-06-02 15:37:46'),
(439, 21, 44, 79, 1, 3, 'Sau nhiều lần order, tôi vẫn đánh giá cao vì giá cả phải chăng cho chất lượng này. Nhìn chung vẫn rất đáng để thử!', '2025-05-29 22:37:46', 1, 'reviews/review_9QO1uv5g1S.jpg', 1, 1, 11, 5, 0, '2025-06-02 15:37:46', '2025-06-02 15:37:46'),
(440, 16, 44, 36, 2, 5, 'Điều làm tôi thích thú với món này là giao hàng đúng giờ, shipper thân thiện. Góp ý nhỏ là đồ ăn hơi nguội khi giao đến. Sẽ tiếp tục ủng hộ dài dài!', '2025-05-07 22:37:46', 1, 'reviews/review_dHUCrolJgs.jpg', 1, 0, 15, 0, 0, '2025-06-02 15:37:46', '2025-06-02 15:37:46'),
(441, 11, 45, 7, 1, 4, 'Điều làm tôi thích thú với món này là đồ ăn nóng hổi khi nhận được. Mong rằng nước chấm hơi ít so với khẩu phần. Nhìn chung vẫn rất đáng để thử!', '2025-05-25 22:37:46', 1, 'reviews/review_u7FDk9J1Ch.jpg', 1, 0, 2, 3, 0, '2025-06-02 15:37:46', '2025-06-02 15:37:46'),
(442, 10, 45, 96, 3, 4, 'Điểm khiến tôi ấn tượng với món này là nguyên liệu tươi ngon, chọn lọc kỹ. Hy vọng lần sau rau củ garnish có thể tươi hơn. Nhìn chung vẫn rất đáng để thử!', '2025-05-22 22:37:46', 1, 'reviews/review_I30555SFzC.jpg', 1, 0, 45, 4, 1, '2025-06-02 15:37:46', '2025-06-02 15:37:46'),
(443, 12, 45, 2, 1, 3, 'Tôi rất hài lòng với chất lượng món này vì giá cả phải chăng cho chất lượng này. Chắc chắn sẽ quay lại lần nữa!', '2025-05-05 22:37:46', 1, 'reviews/review_VfNSk05ltB.jpg', 1, 1, 45, 2, 1, '2025-06-02 15:37:46', '2025-06-02 15:37:46'),
(444, 27, 45, 21, 1, 5, 'Điều làm tôi thích thú với món này là chất lượng ổn định qua nhiều lần order. Không chỉ vậy, giá cả phải chăng cho chất lượng này. Nhìn chung vẫn rất đáng để thử!', '2025-05-11 22:37:46', 1, 'reviews/review_pWSBf37CLK.jpg', 1, 1, 26, 1, 1, '2025-06-02 15:37:46', '2025-06-02 15:37:46'),
(445, 27, 45, 3, 3, 3, 'Tôi đã thử nhiều nơi nhưng vẫn thích ở đây nhất bởi phần ăn đầy đặn, nhiều nhân. Không chỉ vậy, hương vị tuyệt vời, đậm đà. Rất đáng đồng tiền!', '2025-05-24 22:37:46', 1, NULL, 1, 1, 36, 2, 0, '2025-06-02 15:37:46', '2025-06-02 15:37:46'),
(446, 10, 45, 25, 1, 5, 'Tôi đánh giá rất cao món này vì chất lượng ổn định qua nhiều lần order. Không chỉ vậy, giao hàng đúng giờ, shipper thân thiện. Recommended cho mọi người!', '2025-05-25 22:37:46', 1, 'reviews/review_Ji52R3mWXD.jpg', 1, 1, 21, 1, 1, '2025-06-02 15:37:46', '2025-06-02 15:37:46'),
(447, 10, 45, 52, 3, 3, 'Tôi đánh giá rất cao món này vì phần ăn đầy đặn, nhiều nhân. Không chỉ vậy, phần ăn đầy đặn, nhiều nhân. Mong rằng thời gian chờ hơi lâu vào giờ cao điểm. Chắc chắn sẽ quay lại lần nữa!', '2025-05-05 22:37:46', 1, NULL, 1, 1, 2, 5, 1, '2025-06-02 15:37:46', '2025-06-02 15:37:46'),
(448, 12, 45, 83, 3, 3, 'Điểm khiến tôi ấn tượng với món này là chất lượng ổn định qua nhiều lần order. Nhìn chung vẫn rất đáng để thử!', '2025-05-03 22:37:46', 1, 'reviews/review_DCxQz9GLtc.jpg', 1, 1, 12, 1, 1, '2025-06-02 15:37:46', '2025-06-02 15:37:46'),
(449, 6, 45, 94, 1, 3, 'Sau nhiều lần order, tôi vẫn đánh giá cao vì đồ ăn nóng hổi khi nhận được. Recommended cho mọi người!', '2025-05-22 22:37:46', 1, 'reviews/review_wo33ciu7yT.jpg', 1, 1, 50, 2, 1, '2025-06-02 15:37:46', '2025-06-02 15:37:46'),
(450, 3, 45, 33, 2, 3, 'Tôi đánh giá rất cao món này vì hương vị tuyệt vời, đậm đà. Không chỉ vậy, hương vị tuyệt vời, đậm đà. Sẽ tiếp tục ủng hộ dài dài!', '2025-05-23 22:37:46', 1, 'reviews/review_KTgh0k0DO4.jpg', 1, 0, 31, 1, 0, '2025-06-02 15:37:46', '2025-06-02 15:37:46'),
(451, 3, 46, 45, 3, 4, 'Tôi đánh giá rất cao món này vì hương vị tuyệt vời, đậm đà. Góp ý nhỏ là rau củ garnish có thể tươi hơn. Recommended cho mọi người!', '2025-05-29 22:37:46', 1, NULL, 1, 0, 13, 3, 0, '2025-06-02 15:37:46', '2025-06-02 15:37:46'),
(452, 6, 46, 11, 1, 4, 'Tôi đánh giá rất cao món này vì chất lượng ổn định qua nhiều lần order. Chắc chắn sẽ quay lại lần nữa!', '2025-05-28 22:37:46', 1, 'reviews/review_JUJKrVYeKz.jpg', 1, 1, 49, 5, 1, '2025-06-02 15:37:46', '2025-06-02 15:37:46'),
(453, 11, 46, 55, 1, 5, 'Món ăn để lại ấn tượng tốt nhờ hương vị tuyệt vời, đậm đà. Không chỉ vậy, chất lượng ổn định qua nhiều lần order. Chắc chắn sẽ quay lại lần nữa!', '2025-05-11 22:37:46', 1, NULL, 1, 1, 41, 1, 0, '2025-06-02 15:37:46', '2025-06-02 15:37:46'),
(454, 17, 46, 92, 1, 3, 'Tôi đánh giá rất cao món này vì đồ ăn nóng hổi khi nhận được. Không chỉ vậy, nhân viên nhiệt tình, chu đáo. Điểm cần cải thiện là giá hơi cao so với portion size. Recommended cho mọi người!', '2025-05-27 22:37:46', 1, NULL, 1, 0, 33, 0, 1, '2025-06-02 15:37:46', '2025-06-02 15:37:46'),
(455, 9, 46, 2, 2, 4, 'Món này luôn là lựa chọn hàng đầu của tôi bởi phần ăn đầy đặn, nhiều nhân. Không chỉ vậy, đóng gói cẩn thận, sạch sẽ. Nhìn chung vẫn rất đáng để thử!', '2025-05-03 22:37:46', 1, 'reviews/review_QLtQj16fLA.jpg', 1, 1, 35, 4, 1, '2025-06-02 15:37:46', '2025-06-02 15:37:46'),
(456, 5, 46, 11, 1, 4, 'Món này luôn là lựa chọn hàng đầu của tôi bởi đóng gói cẩn thận, sạch sẽ. Nhìn chung vẫn rất đáng để thử!', '2025-05-21 22:37:46', 1, 'reviews/review_iWW9tt5AWB.jpg', 1, 0, 36, 5, 1, '2025-06-02 15:37:46', '2025-06-02 15:37:46'),
(457, 19, 46, 29, 2, 3, 'Món ăn để lại ấn tượng tốt nhờ nhân viên nhiệt tình, chu đáo. Không chỉ vậy, nhân viên nhiệt tình, chu đáo. Hy vọng lần sau nên có thêm option về độ cay. Sẽ tiếp tục ủng hộ dài dài!', '2025-05-21 22:37:46', 1, 'reviews/review_Q3dyjYL9ar.jpg', 1, 1, 12, 0, 0, '2025-06-02 15:37:46', '2025-06-02 15:37:46'),
(458, 11, 46, 20, 2, 5, 'Đây là một trong những món tôi thích nhất ở đây vì phần ăn đầy đặn, nhiều nhân. Recommended cho mọi người!', '2025-05-15 22:37:46', 1, NULL, 1, 1, 1, 2, 0, '2025-06-02 15:37:46', '2025-06-02 15:37:46'),
(459, 7, 46, 49, 1, 3, 'Sau nhiều lần order, tôi vẫn đánh giá cao vì nhân viên nhiệt tình, chu đáo. Chắc chắn sẽ quay lại lần nữa!', '2025-05-16 22:37:46', 1, 'reviews/review_wMseQbVE7m.jpg', 1, 0, 16, 0, 1, '2025-06-02 15:37:46', '2025-06-02 15:37:46'),
(460, 24, 46, 33, 3, 4, 'Tôi rất hài lòng với chất lượng món này vì chất lượng ổn định qua nhiều lần order. Không chỉ vậy, nhân viên nhiệt tình, chu đáo. Hy vọng lần sau vị có thể đậm đà hơn một chút. Recommended cho mọi người!', '2025-05-17 22:37:46', 1, NULL, 1, 0, 46, 3, 0, '2025-06-02 15:37:46', '2025-06-02 15:37:46'),
(461, 2, 47, 36, 2, 3, 'Tôi rất hài lòng với chất lượng món này vì giá cả phải chăng cho chất lượng này. Nhìn chung vẫn rất đáng để thử!', '2025-05-12 22:37:46', 1, 'reviews/review_vNragtkNxE.jpg', 1, 1, 15, 0, 1, '2025-06-02 15:37:46', '2025-06-02 15:37:46'),
(462, 15, 47, 62, 2, 4, 'Tôi rất hài lòng với chất lượng món này vì phần ăn đầy đặn, nhiều nhân. Nhìn chung vẫn rất đáng để thử!', '2025-05-29 22:37:46', 1, 'reviews/review_bdggY3gQPl.jpg', 1, 1, 26, 5, 1, '2025-06-02 15:37:46', '2025-06-02 15:37:46'),
(463, 11, 47, 41, 2, 3, 'Tôi rất hài lòng với chất lượng món này vì chất lượng ổn định qua nhiều lần order. Recommended cho mọi người!', '2025-05-21 22:37:46', 1, 'reviews/review_ZIvI8NgLNY.jpg', 1, 0, 3, 5, 0, '2025-06-02 15:37:46', '2025-06-02 15:37:46'),
(464, 7, 47, 37, 2, 4, 'Tôi đánh giá rất cao món này vì phục vụ chuyên nghiệp, nhanh chóng. Mong rằng đồ ăn hơi nguội khi giao đến. Chắc chắn sẽ quay lại lần nữa!', '2025-05-22 22:37:46', 1, NULL, 1, 0, 13, 0, 0, '2025-06-02 15:37:46', '2025-06-02 15:37:46'),
(465, 27, 47, 60, 2, 3, 'Sau nhiều lần order, tôi vẫn đánh giá cao vì nguyên liệu tươi ngon, chọn lọc kỹ. Không chỉ vậy, giao hàng đúng giờ, shipper thân thiện. Rất đáng đồng tiền!', '2025-05-30 22:37:46', 1, 'reviews/review_rVdmj6ZrlY.jpg', 1, 0, 21, 3, 1, '2025-06-02 15:37:46', '2025-06-02 15:37:46'),
(466, 24, 47, 85, 3, 3, 'Đây là một trong những món tôi thích nhất ở đây vì chất lượng ổn định qua nhiều lần order. Nhìn chung vẫn rất đáng để thử!', '2025-05-17 22:37:46', 1, 'reviews/review_F85ICd1NX0.jpg', 1, 0, 1, 4, 0, '2025-06-02 15:37:46', '2025-06-02 15:37:46'),
(467, 5, 47, 69, 1, 5, 'Món này luôn là lựa chọn hàng đầu của tôi bởi phần ăn đầy đặn, nhiều nhân. Không chỉ vậy, phục vụ chuyên nghiệp, nhanh chóng. Góp ý nhỏ là vị có thể đa dạng hơn. Chắc chắn sẽ quay lại lần nữa!', '2025-05-23 22:37:46', 1, 'reviews/review_k2JCRPs26M.jpg', 1, 1, 10, 3, 0, '2025-06-02 15:37:46', '2025-06-02 15:37:46'),
(468, 27, 47, 36, 2, 5, 'Tôi đã thử nhiều nơi nhưng vẫn thích ở đây nhất bởi hương vị tuyệt vời, đậm đà. Hy vọng lần sau thời gian chờ hơi lâu vào giờ cao điểm. Sẽ tiếp tục ủng hộ dài dài!', '2025-05-19 22:37:46', 1, NULL, 1, 0, 27, 0, 1, '2025-06-02 15:37:46', '2025-06-02 15:37:46'),
(469, 20, 47, 45, 2, 5, 'Tôi thường xuyên đặt món này vì phần ăn đầy đặn, nhiều nhân. Sẽ tiếp tục ủng hộ dài dài!', '2025-05-17 22:37:46', 1, 'reviews/review_Okt7q7EkgE.jpg', 1, 1, 49, 3, 1, '2025-06-02 15:37:46', '2025-06-02 15:37:46'),
(470, 23, 47, 46, 3, 5, 'Tôi đã thử nhiều nơi nhưng vẫn thích ở đây nhất bởi phần ăn đầy đặn, nhiều nhân. Hy vọng lần sau bao bì đóng gói cần cải thiện thêm. Nhìn chung vẫn rất đáng để thử!', '2025-05-13 22:37:46', 1, NULL, 1, 1, 4, 2, 1, '2025-06-02 15:37:46', '2025-06-02 15:37:46'),
(471, 7, 48, 54, 3, 5, 'Sau nhiều lần order, tôi vẫn đánh giá cao vì chất lượng ổn định qua nhiều lần order. Sẽ tiếp tục ủng hộ dài dài!', '2025-05-12 22:37:46', 1, 'reviews/review_3KJHcLeLnU.jpg', 1, 1, 25, 4, 1, '2025-06-02 15:37:46', '2025-06-02 15:37:46'),
(472, 19, 48, 84, 3, 4, 'Món này luôn là lựa chọn hàng đầu của tôi bởi giao hàng đúng giờ, shipper thân thiện. Không chỉ vậy, hương vị tuyệt vời, đậm đà. Sẽ tiếp tục ủng hộ dài dài!', '2025-05-26 22:37:46', 1, 'reviews/review_LLjtMvqoMd.jpg', 1, 0, 29, 1, 1, '2025-06-02 15:37:46', '2025-06-02 15:37:46'),
(473, 2, 48, 58, 3, 3, 'Món này luôn là lựa chọn hàng đầu của tôi bởi giao hàng đúng giờ, shipper thân thiện. Chắc chắn sẽ quay lại lần nữa!', '2025-05-13 22:37:46', 1, 'reviews/review_6NkAMFF7Mx.jpg', 1, 1, 36, 1, 1, '2025-06-02 15:37:46', '2025-06-02 15:37:46'),
(474, 21, 48, 83, 2, 5, 'Sau nhiều lần order, tôi vẫn đánh giá cao vì phần ăn đầy đặn, nhiều nhân. Không chỉ vậy, đồ ăn nóng hổi khi nhận được. Chắc chắn sẽ quay lại lần nữa!', '2025-05-09 22:37:46', 1, 'reviews/review_RrR5iYg80P.jpg', 1, 1, 4, 2, 0, '2025-06-02 15:37:46', '2025-06-02 15:37:46'),
(475, 12, 48, 99, 3, 3, 'Sau nhiều lần order, tôi vẫn đánh giá cao vì nguyên liệu tươi ngon, chọn lọc kỹ. Recommended cho mọi người!', '2025-05-06 22:37:46', 1, NULL, 1, 1, 20, 4, 0, '2025-06-02 15:37:46', '2025-06-02 15:37:46'),
(476, 26, 48, 4, 3, 4, 'Món ăn để lại ấn tượng tốt nhờ hương vị tuyệt vời, đậm đà. Không chỉ vậy, phục vụ chuyên nghiệp, nhanh chóng. Nhìn chung vẫn rất đáng để thử!', '2025-05-08 22:37:46', 1, NULL, 1, 1, 5, 5, 0, '2025-06-02 15:37:46', '2025-06-02 15:37:46'),
(477, 22, 48, 64, 3, 4, 'Tôi đánh giá rất cao món này vì phục vụ chuyên nghiệp, nhanh chóng. Điểm cần cải thiện là thời gian chờ hơi lâu vào giờ cao điểm. Sẽ tiếp tục ủng hộ dài dài!', '2025-05-16 22:37:46', 1, 'reviews/review_0ylxRtThVb.jpg', 1, 1, 1, 5, 1, '2025-06-02 15:37:46', '2025-06-02 15:37:46'),
(478, 11, 48, 60, 3, 3, 'Món ăn để lại ấn tượng tốt nhờ đóng gói cẩn thận, sạch sẽ. Góp ý nhỏ là đồ ăn hơi nguội khi giao đến. Chắc chắn sẽ quay lại lần nữa!', '2025-05-24 22:37:46', 1, 'reviews/review_1tQqhgmXLd.jpg', 1, 1, 46, 4, 1, '2025-06-02 15:37:46', '2025-06-02 15:37:46'),
(479, 16, 48, 75, 1, 4, 'Tôi thường xuyên đặt món này vì nhân viên nhiệt tình, chu đáo. Recommended cho mọi người!', '2025-05-19 22:37:46', 1, 'reviews/review_HXSohl1mGb.jpg', 1, 1, 33, 4, 0, '2025-06-02 15:37:46', '2025-06-02 15:37:46'),
(480, 10, 48, 76, 3, 4, 'Tôi đã thử nhiều nơi nhưng vẫn thích ở đây nhất bởi đồ ăn nóng hổi khi nhận được. Không chỉ vậy, đồ ăn nóng hổi khi nhận được. Recommended cho mọi người!', '2025-05-26 22:37:46', 1, NULL, 1, 1, 16, 1, 1, '2025-06-02 15:37:46', '2025-06-02 15:37:46'),
(481, 12, 49, 92, 1, 3, 'Món này luôn là lựa chọn hàng đầu của tôi bởi phần ăn đầy đặn, nhiều nhân. Sẽ tiếp tục ủng hộ dài dài!', '2025-05-15 22:37:46', 1, 'reviews/review_JiEOGjVwS3.jpg', 1, 0, 30, 3, 1, '2025-06-02 15:37:46', '2025-06-02 15:37:46'),
(482, 12, 49, 3, 2, 4, 'Tôi thường xuyên đặt món này vì đồ ăn nóng hổi khi nhận được. Recommended cho mọi người!', '2025-05-10 22:37:46', 1, 'reviews/review_tpaujXxvd2.jpg', 1, 1, 5, 3, 1, '2025-06-02 15:37:46', '2025-06-02 15:37:46'),
(483, 12, 49, 58, 2, 5, 'Tôi thường xuyên đặt món này vì hương vị tuyệt vời, đậm đà. Rất đáng đồng tiền!', '2025-05-21 22:37:46', 1, NULL, 1, 1, 11, 1, 1, '2025-06-02 15:37:46', '2025-06-02 15:37:46'),
(484, 26, 49, 18, 2, 3, 'Món này luôn là lựa chọn hàng đầu của tôi bởi phần ăn đầy đặn, nhiều nhân. Sẽ tiếp tục ủng hộ dài dài!', '2025-05-27 22:37:46', 1, 'reviews/review_lP6I1WAL5M.jpg', 1, 0, 25, 4, 1, '2025-06-02 15:37:46', '2025-06-02 15:37:46'),
(485, 28, 49, 33, 2, 3, 'Món ăn để lại ấn tượng tốt nhờ giao hàng đúng giờ, shipper thân thiện. Nhìn chung vẫn rất đáng để thử!', '2025-05-10 22:37:46', 1, 'reviews/review_SG4zAJpsUx.jpg', 1, 0, 33, 1, 0, '2025-06-02 15:37:46', '2025-06-02 15:37:46'),
(486, 28, 49, 97, 1, 3, 'Món ăn để lại ấn tượng tốt nhờ hương vị tuyệt vời, đậm đà. Điểm cần cải thiện là thời gian chờ hơi lâu vào giờ cao điểm. Recommended cho mọi người!', '2025-05-29 22:37:46', 1, 'reviews/review_K2yiJ5KXXX.jpg', 1, 0, 31, 0, 0, '2025-06-02 15:37:46', '2025-06-02 15:37:46'),
(487, 27, 49, 26, 2, 3, 'Tôi đánh giá rất cao món này vì giao hàng đúng giờ, shipper thân thiện. Không chỉ vậy, phục vụ chuyên nghiệp, nhanh chóng. Tuy nhiên, giá hơi cao so với portion size. Chắc chắn sẽ quay lại lần nữa!', '2025-05-16 22:37:46', 1, NULL, 1, 0, 27, 5, 0, '2025-06-02 15:37:46', '2025-06-02 15:37:46'),
(488, 21, 49, 3, 1, 3, 'Đây là một trong những món tôi thích nhất ở đây vì chất lượng ổn định qua nhiều lần order. Không chỉ vậy, nhân viên nhiệt tình, chu đáo. Góp ý nhỏ là thời gian chờ hơi lâu vào giờ cao điểm. Recommended cho mọi người!', '2025-05-11 22:37:46', 1, NULL, 1, 0, 4, 3, 1, '2025-06-02 15:37:46', '2025-06-02 15:37:46'),
(489, 4, 49, 56, 2, 5, 'Sau nhiều lần order, tôi vẫn đánh giá cao vì phần ăn đầy đặn, nhiều nhân. Sẽ tiếp tục ủng hộ dài dài!', '2025-05-19 22:37:46', 1, 'reviews/review_VNiFG0jmUI.jpg', 1, 0, 22, 3, 1, '2025-06-02 15:37:46', '2025-06-02 15:37:46'),
(490, 26, 49, 87, 2, 5, 'Tôi đã thử nhiều nơi nhưng vẫn thích ở đây nhất bởi phần ăn đầy đặn, nhiều nhân. Hy vọng lần sau phần ăn có thể nhiều hơn một chút. Sẽ tiếp tục ủng hộ dài dài!', '2025-05-22 22:37:46', 1, 'reviews/review_PGLfuDu9FM.jpg', 1, 1, 31, 4, 0, '2025-06-02 15:37:46', '2025-06-02 15:37:46'),
(491, 2, 50, 1, 1, 5, 'Tôi rất hài lòng với chất lượng món này vì phần ăn đầy đặn, nhiều nhân. Không chỉ vậy, giá cả phải chăng cho chất lượng này. Nhìn chung vẫn rất đáng để thử!', '2025-05-03 22:37:46', 1, 'reviews/review_Cka4cXUpqP.jpg', 1, 1, 15, 5, 0, '2025-06-02 15:37:46', '2025-06-02 15:37:46'),
(492, 18, 50, 20, 1, 3, 'Tôi thường xuyên đặt món này vì giá cả phải chăng cho chất lượng này. Hy vọng lần sau rau củ garnish có thể tươi hơn. Chắc chắn sẽ quay lại lần nữa!', '2025-05-20 22:37:46', 1, 'reviews/review_JmDU9zYsFi.jpg', 1, 0, 45, 4, 0, '2025-06-02 15:37:46', '2025-06-02 15:37:46'),
(493, 10, 50, 3, 3, 5, 'Món này luôn là lựa chọn hàng đầu của tôi bởi đóng gói cẩn thận, sạch sẽ. Không chỉ vậy, phục vụ chuyên nghiệp, nhanh chóng. Góp ý nhỏ là vị có thể đậm đà hơn một chút. Rất đáng đồng tiền!', '2025-05-18 22:37:46', 1, 'reviews/review_9dFOZagfmv.jpg', 1, 1, 42, 0, 0, '2025-06-02 15:37:46', '2025-06-02 15:37:46'),
(494, 4, 50, 99, 1, 3, 'Tôi đánh giá rất cao món này vì nhân viên nhiệt tình, chu đáo. Không chỉ vậy, phần ăn đầy đặn, nhiều nhân. Sẽ tiếp tục ủng hộ dài dài!', '2025-05-28 22:37:46', 1, 'reviews/review_T1P2tMRpHD.jpg', 1, 0, 49, 4, 1, '2025-06-02 15:37:46', '2025-06-02 15:37:46'),
(495, 16, 50, 97, 3, 3, 'Sau nhiều lần order, tôi vẫn đánh giá cao vì giá cả phải chăng cho chất lượng này. Recommended cho mọi người!', '2025-05-05 22:37:46', 1, 'reviews/review_UT4b60lBK7.jpg', 1, 0, 36, 2, 1, '2025-06-02 15:37:46', '2025-06-02 15:37:46'),
(496, 22, 50, 95, 3, 5, 'Tôi đánh giá rất cao món này vì giá cả phải chăng cho chất lượng này. Mong rằng thời gian chờ hơi lâu vào giờ cao điểm. Rất đáng đồng tiền!', '2025-05-21 22:37:46', 1, NULL, 1, 1, 21, 3, 0, '2025-06-02 15:37:46', '2025-06-02 15:37:46'),
(497, 20, 50, 10, 2, 5, 'Điểm khiến tôi ấn tượng với món này là nguyên liệu tươi ngon, chọn lọc kỹ. Không chỉ vậy, phục vụ chuyên nghiệp, nhanh chóng. Tuy nhiên, bao bì đóng gói cần cải thiện thêm. Recommended cho mọi người!', '2025-05-29 22:37:46', 1, 'reviews/review_4YR70EDUuj.jpg', 1, 0, 49, 2, 1, '2025-06-02 15:37:46', '2025-06-02 15:37:46'),
(498, 20, 50, 39, 1, 5, 'Tôi đã thử nhiều nơi nhưng vẫn thích ở đây nhất bởi nhân viên nhiệt tình, chu đáo. Recommended cho mọi người!', '2025-05-20 22:37:46', 1, 'reviews/review_uRwwjiS2fO.jpg', 1, 1, 24, 5, 1, '2025-06-02 15:37:46', '2025-06-02 15:37:46'),
(499, 12, 50, 74, 2, 5, 'Sau nhiều lần order, tôi vẫn đánh giá cao vì đóng gói cẩn thận, sạch sẽ. Sẽ tiếp tục ủng hộ dài dài!', '2025-05-25 22:37:46', 1, NULL, 1, 0, 33, 1, 0, '2025-06-02 15:37:46', '2025-06-02 15:37:46'),
(500, 17, 50, 18, 1, 3, 'Sau nhiều lần order, tôi vẫn đánh giá cao vì đóng gói cẩn thận, sạch sẽ. Sẽ tiếp tục ủng hộ dài dài!', '2025-05-21 22:37:46', 1, NULL, 1, 0, 24, 0, 1, '2025-06-02 15:37:46', '2025-06-02 15:37:46'),
(501, 14, 51, 11, 2, 3, 'Đây là một trong những món tôi thích nhất ở đây vì hương vị tuyệt vời, đậm đà. Recommended cho mọi người!', '2025-05-05 22:37:46', 1, 'reviews/review_nON9U2EEHf.jpg', 1, 0, 21, 2, 1, '2025-06-02 15:37:46', '2025-06-02 15:37:46'),
(502, 27, 51, 67, 3, 4, 'Món này luôn là lựa chọn hàng đầu của tôi bởi đóng gói cẩn thận, sạch sẽ. Mong rằng nước chấm hơi ít so với khẩu phần. Chắc chắn sẽ quay lại lần nữa!', '2025-05-18 22:37:46', 1, NULL, 1, 1, 6, 4, 0, '2025-06-02 15:37:46', '2025-06-02 15:37:46'),
(503, 15, 51, 77, 3, 5, 'Đây là một trong những món tôi thích nhất ở đây vì chất lượng ổn định qua nhiều lần order. Sẽ tiếp tục ủng hộ dài dài!', '2025-05-30 22:37:46', 1, 'reviews/review_lgENPdckjC.jpg', 1, 0, 43, 5, 0, '2025-06-02 15:37:46', '2025-06-02 15:37:46'),
(504, 15, 51, 7, 3, 5, 'Tôi rất hài lòng với chất lượng món này vì đồ ăn nóng hổi khi nhận được. Không chỉ vậy, nguyên liệu tươi ngon, chọn lọc kỹ. Điểm cần cải thiện là nên có thêm option về độ cay. Sẽ tiếp tục ủng hộ dài dài!', '2025-05-08 22:37:46', 1, 'reviews/review_fpAqXVybUl.jpg', 1, 0, 23, 5, 1, '2025-06-02 15:37:46', '2025-06-02 15:37:46'),
(505, 6, 51, 70, 1, 5, 'Tôi thường xuyên đặt món này vì đóng gói cẩn thận, sạch sẽ. Mong rằng rau củ garnish có thể tươi hơn. Nhìn chung vẫn rất đáng để thử!', '2025-05-31 22:37:46', 1, NULL, 1, 1, 17, 5, 1, '2025-06-02 15:37:46', '2025-06-02 15:37:46'),
(506, 18, 51, 76, 3, 5, 'Sau nhiều lần order, tôi vẫn đánh giá cao vì giao hàng đúng giờ, shipper thân thiện. Nhìn chung vẫn rất đáng để thử!', '2025-05-22 22:37:47', 1, 'reviews/review_WgzlBfdV2p.jpg', 1, 1, 49, 0, 0, '2025-06-02 15:37:47', '2025-06-02 15:37:47'),
(507, 14, 51, 47, 3, 3, 'Tôi rất hài lòng với chất lượng món này vì hương vị tuyệt vời, đậm đà. Sẽ tiếp tục ủng hộ dài dài!', '2025-05-07 22:37:47', 1, 'reviews/review_L2eSwkacjJ.jpg', 1, 1, 45, 3, 0, '2025-06-02 15:37:47', '2025-06-02 15:37:47'),
(508, 25, 51, 41, 1, 4, 'Đây là một trong những món tôi thích nhất ở đây vì phần ăn đầy đặn, nhiều nhân. Góp ý nhỏ là giá hơi cao so với portion size. Rất đáng đồng tiền!', '2025-05-09 22:37:47', 1, 'reviews/review_idw0D8FAWp.jpg', 1, 1, 31, 4, 1, '2025-06-02 15:37:47', '2025-06-02 15:37:47'),
(509, 14, 51, 1, 2, 3, 'Tôi rất hài lòng với chất lượng món này vì giao hàng đúng giờ, shipper thân thiện. Không chỉ vậy, hương vị tuyệt vời, đậm đà. Chắc chắn sẽ quay lại lần nữa!', '2025-05-13 22:37:47', 1, 'reviews/review_ExDlW4CDDI.jpg', 1, 0, 20, 3, 1, '2025-06-02 15:37:47', '2025-06-02 15:37:47'),
(510, 6, 51, 28, 1, 4, 'Món ăn để lại ấn tượng tốt nhờ phục vụ chuyên nghiệp, nhanh chóng. Chắc chắn sẽ quay lại lần nữa!', '2025-05-08 22:37:47', 1, 'reviews/review_hRZH1CdLxD.jpg', 1, 1, 31, 5, 0, '2025-06-02 15:37:47', '2025-06-02 15:37:47'),
(511, 11, 52, 17, 1, 5, 'Điều làm tôi thích thú với món này là giao hàng đúng giờ, shipper thân thiện. Hy vọng lần sau nên có thêm option về độ cay. Recommended cho mọi người!', '2025-05-17 22:37:47', 1, 'reviews/review_t0S2SoKkKk.jpg', 1, 1, 16, 0, 0, '2025-06-02 15:37:47', '2025-06-02 15:37:47'),
(512, 27, 52, 81, 2, 4, 'Điểm khiến tôi ấn tượng với món này là hương vị tuyệt vời, đậm đà. Rất đáng đồng tiền!', '2025-05-10 22:37:47', 1, NULL, 1, 1, 17, 2, 1, '2025-06-02 15:37:47', '2025-06-02 15:37:47'),
(513, 24, 52, 75, 1, 4, 'Món ăn để lại ấn tượng tốt nhờ nhân viên nhiệt tình, chu đáo. Rất đáng đồng tiền!', '2025-05-22 22:37:47', 1, 'reviews/review_3GLMXmV7B5.jpg', 1, 0, 44, 0, 1, '2025-06-02 15:37:47', '2025-06-02 15:37:47'),
(514, 25, 52, 8, 3, 4, 'Món này luôn là lựa chọn hàng đầu của tôi bởi giao hàng đúng giờ, shipper thân thiện. Điểm cần cải thiện là rau củ garnish có thể tươi hơn. Recommended cho mọi người!', '2025-05-16 22:37:47', 1, NULL, 1, 0, 36, 2, 0, '2025-06-02 15:37:47', '2025-06-02 15:37:47'),
(515, 9, 52, 100, 2, 5, 'Tôi thường xuyên đặt món này vì đóng gói cẩn thận, sạch sẽ. Sẽ tiếp tục ủng hộ dài dài!', '2025-05-11 22:37:47', 1, 'reviews/review_rR3QVjsm3D.jpg', 1, 1, 5, 1, 1, '2025-06-02 15:37:47', '2025-06-02 15:37:47'),
(516, 3, 52, 32, 3, 5, 'Sau nhiều lần order, tôi vẫn đánh giá cao vì hương vị tuyệt vời, đậm đà. Rất đáng đồng tiền!', '2025-05-28 22:37:47', 1, NULL, 1, 0, 43, 2, 0, '2025-06-02 15:37:47', '2025-06-02 15:37:47'),
(517, 7, 52, 79, 2, 5, 'Điểm khiến tôi ấn tượng với món này là giá cả phải chăng cho chất lượng này. Rất đáng đồng tiền!', '2025-05-08 22:37:47', 1, 'reviews/review_nFi79zdmZL.jpg', 1, 0, 15, 3, 1, '2025-06-02 15:37:47', '2025-06-02 15:37:47'),
(518, 6, 52, 89, 2, 5, 'Điểm khiến tôi ấn tượng với món này là chất lượng ổn định qua nhiều lần order. Không chỉ vậy, hương vị tuyệt vời, đậm đà. Hy vọng lần sau nước chấm hơi ít so với khẩu phần. Sẽ tiếp tục ủng hộ dài dài!', '2025-05-25 22:37:47', 1, 'reviews/review_EmpWrLR1AS.jpg', 1, 0, 36, 1, 1, '2025-06-02 15:37:47', '2025-06-02 15:37:47'),
(519, 5, 52, 100, 2, 3, 'Tôi rất hài lòng với chất lượng món này vì phục vụ chuyên nghiệp, nhanh chóng. Không chỉ vậy, đóng gói cẩn thận, sạch sẽ. Nhìn chung vẫn rất đáng để thử!', '2025-05-24 22:37:47', 1, NULL, 1, 0, 16, 3, 1, '2025-06-02 15:37:47', '2025-06-02 15:37:47'),
(520, 20, 52, 77, 1, 4, 'Điểm khiến tôi ấn tượng với món này là đóng gói cẩn thận, sạch sẽ. Chắc chắn sẽ quay lại lần nữa!', '2025-05-20 22:37:47', 1, NULL, 1, 1, 37, 1, 1, '2025-06-02 15:37:47', '2025-06-02 15:37:47'),
(521, 13, 53, 69, 2, 4, 'Tôi đánh giá rất cao món này vì hương vị tuyệt vời, đậm đà. Chắc chắn sẽ quay lại lần nữa!', '2025-05-23 22:37:47', 1, NULL, 1, 1, 5, 4, 0, '2025-06-02 15:37:47', '2025-06-02 15:37:47'),
(522, 22, 53, 13, 3, 4, 'Đây là một trong những món tôi thích nhất ở đây vì hương vị tuyệt vời, đậm đà. Không chỉ vậy, đóng gói cẩn thận, sạch sẽ. Chắc chắn sẽ quay lại lần nữa!', '2025-05-10 22:37:47', 1, NULL, 1, 1, 6, 2, 0, '2025-06-02 15:37:47', '2025-06-02 15:37:47'),
(523, 2, 53, 46, 1, 4, 'Tôi đã thử nhiều nơi nhưng vẫn thích ở đây nhất bởi phục vụ chuyên nghiệp, nhanh chóng. Rất đáng đồng tiền!', '2025-06-01 22:37:47', 1, 'reviews/review_17ilUwNxm7.jpg', 1, 1, 26, 3, 1, '2025-06-02 15:37:47', '2025-06-02 15:37:47'),
(524, 21, 53, 43, 2, 4, 'Món ăn để lại ấn tượng tốt nhờ nhân viên nhiệt tình, chu đáo. Tuy nhiên, thời gian chờ hơi lâu vào giờ cao điểm. Chắc chắn sẽ quay lại lần nữa!', '2025-05-18 22:37:47', 1, 'reviews/review_Ty5U9voxhR.jpg', 1, 1, 24, 1, 0, '2025-06-02 15:37:47', '2025-06-02 15:37:47'),
(525, 19, 53, 41, 2, 5, 'Tôi rất hài lòng với chất lượng món này vì phục vụ chuyên nghiệp, nhanh chóng. Không chỉ vậy, hương vị tuyệt vời, đậm đà. Góp ý nhỏ là nên có thêm option về độ cay. Nhìn chung vẫn rất đáng để thử!', '2025-05-25 22:37:47', 1, 'reviews/review_v16yKp3sdr.jpg', 1, 0, 25, 1, 0, '2025-06-02 15:37:47', '2025-06-02 15:37:47'),
(526, 22, 53, 73, 3, 3, 'Tôi thường xuyên đặt món này vì đóng gói cẩn thận, sạch sẽ. Rất đáng đồng tiền!', '2025-05-07 22:37:47', 1, NULL, 1, 0, 46, 1, 1, '2025-06-02 15:37:47', '2025-06-02 15:37:47'),
(527, 16, 53, 62, 1, 4, 'Điểm khiến tôi ấn tượng với món này là nhân viên nhiệt tình, chu đáo. Mong rằng nước chấm hơi ít so với khẩu phần. Sẽ tiếp tục ủng hộ dài dài!', '2025-05-25 22:37:47', 1, NULL, 1, 1, 49, 1, 0, '2025-06-02 15:37:47', '2025-06-02 15:37:47'),
(528, 8, 53, 71, 1, 4, 'Món này luôn là lựa chọn hàng đầu của tôi bởi chất lượng ổn định qua nhiều lần order. Không chỉ vậy, nguyên liệu tươi ngon, chọn lọc kỹ. Nhìn chung vẫn rất đáng để thử!', '2025-05-21 22:37:47', 1, NULL, 1, 0, 18, 4, 1, '2025-06-02 15:37:47', '2025-06-02 15:37:47'),
(529, 26, 53, 64, 3, 3, 'Tôi rất hài lòng với chất lượng món này vì nhân viên nhiệt tình, chu đáo. Tuy nhiên, đồ ăn hơi nguội khi giao đến. Sẽ tiếp tục ủng hộ dài dài!', '2025-05-19 22:37:47', 1, 'reviews/review_6Iux8EORt6.jpg', 1, 1, 18, 1, 0, '2025-06-02 15:37:47', '2025-06-02 15:37:47'),
(530, 14, 53, 57, 3, 3, 'Tôi đánh giá rất cao món này vì đóng gói cẩn thận, sạch sẽ. Tuy nhiên, phần ăn có thể nhiều hơn một chút. Nhìn chung vẫn rất đáng để thử!', '2025-05-31 22:37:47', 1, NULL, 1, 0, 9, 5, 0, '2025-06-02 15:37:47', '2025-06-02 15:37:47'),
(531, 19, 54, 3, 3, 3, 'Món này luôn là lựa chọn hàng đầu của tôi bởi hương vị tuyệt vời, đậm đà. Điểm cần cải thiện là nên có thêm option về độ cay. Recommended cho mọi người!', '2025-05-29 22:37:47', 1, 'reviews/review_A7bFdZoKKA.jpg', 1, 1, 50, 3, 1, '2025-06-02 15:37:47', '2025-06-02 15:37:47'),
(532, 28, 54, 67, 1, 5, 'Tôi đánh giá rất cao món này vì chất lượng ổn định qua nhiều lần order. Không chỉ vậy, đồ ăn nóng hổi khi nhận được. Recommended cho mọi người!', '2025-05-24 22:37:47', 1, 'reviews/review_3piP9xRdDb.jpg', 1, 1, 2, 5, 1, '2025-06-02 15:37:47', '2025-06-02 15:37:47'),
(533, 21, 54, 90, 3, 4, 'Tôi đánh giá rất cao món này vì phục vụ chuyên nghiệp, nhanh chóng. Nhìn chung vẫn rất đáng để thử!', '2025-05-20 22:37:47', 1, 'reviews/review_2yh6rHzONQ.jpg', 1, 1, 39, 2, 1, '2025-06-02 15:37:47', '2025-06-02 15:37:47'),
(534, 9, 54, 35, 1, 5, 'Tôi thường xuyên đặt món này vì hương vị tuyệt vời, đậm đà. Điểm cần cải thiện là thời gian chờ hơi lâu vào giờ cao điểm. Sẽ tiếp tục ủng hộ dài dài!', '2025-05-04 22:37:47', 1, NULL, 1, 0, 18, 4, 0, '2025-06-02 15:37:47', '2025-06-02 15:37:47'),
(535, 24, 54, 37, 3, 3, 'Sau nhiều lần order, tôi vẫn đánh giá cao vì phục vụ chuyên nghiệp, nhanh chóng. Chắc chắn sẽ quay lại lần nữa!', '2025-05-28 22:37:47', 1, 'reviews/review_2umnDU0rnA.jpg', 1, 0, 17, 2, 1, '2025-06-02 15:37:47', '2025-06-02 15:37:47'),
(536, 9, 54, 79, 3, 3, 'Tôi thường xuyên đặt món này vì nhân viên nhiệt tình, chu đáo. Không chỉ vậy, chất lượng ổn định qua nhiều lần order. Chắc chắn sẽ quay lại lần nữa!', '2025-05-09 22:37:47', 1, NULL, 1, 0, 47, 5, 0, '2025-06-02 15:37:47', '2025-06-02 15:37:47'),
(537, 18, 54, 67, 2, 3, 'Điểm khiến tôi ấn tượng với món này là nguyên liệu tươi ngon, chọn lọc kỹ. Hy vọng lần sau vị có thể đa dạng hơn. Rất đáng đồng tiền!', '2025-05-04 22:37:47', 1, NULL, 1, 0, 40, 1, 0, '2025-06-02 15:37:47', '2025-06-02 15:37:47'),
(538, 27, 54, 65, 2, 3, 'Tôi thường xuyên đặt món này vì giao hàng đúng giờ, shipper thân thiện. Rất đáng đồng tiền!', '2025-06-01 22:37:47', 1, NULL, 1, 0, 3, 0, 0, '2025-06-02 15:37:47', '2025-06-02 15:37:47'),
(539, 9, 54, 4, 1, 3, 'Món ăn để lại ấn tượng tốt nhờ đồ ăn nóng hổi khi nhận được. Không chỉ vậy, hương vị tuyệt vời, đậm đà. Chắc chắn sẽ quay lại lần nữa!', '2025-05-22 22:37:47', 1, 'reviews/review_uYwbhrck6G.jpg', 1, 1, 0, 4, 0, '2025-06-02 15:37:47', '2025-06-02 15:37:47'),
(540, 19, 54, 80, 2, 5, 'Đây là một trong những món tôi thích nhất ở đây vì đóng gói cẩn thận, sạch sẽ. Nhìn chung vẫn rất đáng để thử!', '2025-05-17 22:37:47', 1, 'reviews/review_r1NynSoQ3x.jpg', 1, 0, 32, 4, 0, '2025-06-02 15:37:47', '2025-06-02 15:37:47'),
(541, 12, 55, 97, 2, 4, 'Sau nhiều lần order, tôi vẫn đánh giá cao vì phục vụ chuyên nghiệp, nhanh chóng. Không chỉ vậy, đồ ăn nóng hổi khi nhận được. Sẽ tiếp tục ủng hộ dài dài!', '2025-06-01 22:37:47', 1, 'reviews/review_oFlzyM3Dnx.jpg', 1, 0, 9, 0, 1, '2025-06-02 15:37:47', '2025-06-02 15:37:47'),
(542, 21, 55, 45, 1, 5, 'Sau nhiều lần order, tôi vẫn đánh giá cao vì giá cả phải chăng cho chất lượng này. Không chỉ vậy, phần ăn đầy đặn, nhiều nhân. Recommended cho mọi người!', '2025-05-19 22:37:47', 1, NULL, 1, 1, 32, 0, 1, '2025-06-02 15:37:47', '2025-06-02 15:37:47'),
(543, 15, 55, 19, 1, 4, 'Món này luôn là lựa chọn hàng đầu của tôi bởi phục vụ chuyên nghiệp, nhanh chóng. Không chỉ vậy, chất lượng ổn định qua nhiều lần order. Nhìn chung vẫn rất đáng để thử!', '2025-05-17 22:37:47', 1, NULL, 1, 0, 36, 5, 0, '2025-06-02 15:37:47', '2025-06-02 15:37:47'),
(544, 5, 55, 94, 2, 4, 'Tôi rất hài lòng với chất lượng món này vì đồ ăn nóng hổi khi nhận được. Điểm cần cải thiện là nên có thêm option về độ cay. Chắc chắn sẽ quay lại lần nữa!', '2025-05-20 22:37:47', 1, 'reviews/review_5XazNuQT0A.jpg', 1, 0, 39, 3, 1, '2025-06-02 15:37:47', '2025-06-02 15:37:47'),
(545, 2, 55, 51, 1, 5, 'Tôi đã thử nhiều nơi nhưng vẫn thích ở đây nhất bởi giao hàng đúng giờ, shipper thân thiện. Không chỉ vậy, giá cả phải chăng cho chất lượng này. Nhìn chung vẫn rất đáng để thử!', '2025-05-29 22:37:47', 1, 'reviews/review_0isimOMAQd.jpg', 1, 1, 46, 0, 1, '2025-06-02 15:37:47', '2025-06-02 15:37:47'),
(546, 11, 55, 2, 3, 5, 'Đây là một trong những món tôi thích nhất ở đây vì đóng gói cẩn thận, sạch sẽ. Không chỉ vậy, đóng gói cẩn thận, sạch sẽ. Điểm cần cải thiện là giá hơi cao so với portion size. Rất đáng đồng tiền!', '2025-05-27 22:37:47', 1, NULL, 1, 0, 13, 3, 0, '2025-06-02 15:37:47', '2025-06-02 15:37:47'),
(547, 3, 55, 48, 1, 3, 'Điều làm tôi thích thú với món này là nguyên liệu tươi ngon, chọn lọc kỹ. Sẽ tiếp tục ủng hộ dài dài!', '2025-05-11 22:37:47', 1, 'reviews/review_vMHT79NIPc.jpg', 1, 1, 17, 2, 0, '2025-06-02 15:37:47', '2025-06-02 15:37:47'),
(548, 7, 55, 7, 3, 3, 'Điểm khiến tôi ấn tượng với món này là chất lượng ổn định qua nhiều lần order. Không chỉ vậy, đóng gói cẩn thận, sạch sẽ. Sẽ tiếp tục ủng hộ dài dài!', '2025-05-12 22:37:47', 1, NULL, 1, 0, 48, 0, 0, '2025-06-02 15:37:47', '2025-06-02 15:37:47'),
(549, 27, 55, 80, 2, 3, 'Sau nhiều lần order, tôi vẫn đánh giá cao vì phục vụ chuyên nghiệp, nhanh chóng. Rất đáng đồng tiền!', '2025-05-16 22:37:47', 1, 'reviews/review_1KfgRVuC6O.jpg', 1, 0, 28, 2, 1, '2025-06-02 15:37:47', '2025-06-02 15:37:47'),
(550, 2, 55, 39, 1, 5, 'Đây là một trong những món tôi thích nhất ở đây vì đóng gói cẩn thận, sạch sẽ. Không chỉ vậy, nguyên liệu tươi ngon, chọn lọc kỹ. Chắc chắn sẽ quay lại lần nữa!', '2025-05-14 22:37:47', 1, NULL, 1, 1, 28, 0, 0, '2025-06-02 15:37:47', '2025-06-02 15:37:47'),
(551, 3, 56, 72, 2, 3, 'Đây là một trong những món tôi thích nhất ở đây vì phục vụ chuyên nghiệp, nhanh chóng. Không chỉ vậy, nhân viên nhiệt tình, chu đáo. Chắc chắn sẽ quay lại lần nữa!', '2025-05-20 22:37:47', 1, NULL, 1, 0, 40, 0, 1, '2025-06-02 15:37:47', '2025-06-02 15:37:47'),
(552, 25, 56, 36, 3, 4, 'Món ăn để lại ấn tượng tốt nhờ giá cả phải chăng cho chất lượng này. Không chỉ vậy, đồ ăn nóng hổi khi nhận được. Mong rằng bao bì đóng gói cần cải thiện thêm. Chắc chắn sẽ quay lại lần nữa!', '2025-05-20 22:37:47', 1, 'reviews/review_GTTQr0ehf7.jpg', 1, 1, 29, 0, 0, '2025-06-02 15:37:47', '2025-06-02 15:37:47'),
(553, 17, 56, 69, 2, 3, 'Tôi đã thử nhiều nơi nhưng vẫn thích ở đây nhất bởi chất lượng ổn định qua nhiều lần order. Không chỉ vậy, đóng gói cẩn thận, sạch sẽ. Nhìn chung vẫn rất đáng để thử!', '2025-05-26 22:37:47', 1, 'reviews/review_9Wn973SAR0.jpg', 1, 1, 14, 3, 1, '2025-06-02 15:37:47', '2025-06-02 15:37:47');
INSERT INTO `product_reviews` (`id`, `user_id`, `product_id`, `order_id`, `branch_id`, `rating`, `review`, `review_date`, `approved`, `review_image`, `is_verified_purchase`, `is_anonymous`, `helpful_count`, `report_count`, `is_featured`, `created_at`, `updated_at`) VALUES
(554, 6, 56, 21, 1, 5, 'Tôi thường xuyên đặt món này vì giá cả phải chăng cho chất lượng này. Sẽ tiếp tục ủng hộ dài dài!', '2025-05-23 22:37:47', 1, NULL, 1, 0, 39, 1, 1, '2025-06-02 15:37:47', '2025-06-02 15:37:47'),
(555, 28, 56, 98, 1, 4, 'Tôi đã thử nhiều nơi nhưng vẫn thích ở đây nhất bởi đóng gói cẩn thận, sạch sẽ. Sẽ tiếp tục ủng hộ dài dài!', '2025-05-15 22:37:47', 1, NULL, 1, 1, 40, 3, 1, '2025-06-02 15:37:47', '2025-06-02 15:37:47'),
(556, 4, 56, 60, 1, 3, 'Điểm khiến tôi ấn tượng với món này là giá cả phải chăng cho chất lượng này. Hy vọng lần sau vị có thể đậm đà hơn một chút. Sẽ tiếp tục ủng hộ dài dài!', '2025-05-11 22:37:47', 1, 'reviews/review_ELtXIDNojy.jpg', 1, 0, 42, 4, 1, '2025-06-02 15:37:47', '2025-06-02 15:37:47'),
(557, 11, 56, 87, 3, 4, 'Sau nhiều lần order, tôi vẫn đánh giá cao vì đóng gói cẩn thận, sạch sẽ. Không chỉ vậy, nguyên liệu tươi ngon, chọn lọc kỹ. Hy vọng lần sau rau củ garnish có thể tươi hơn. Nhìn chung vẫn rất đáng để thử!', '2025-05-20 22:37:47', 1, 'reviews/review_LBXz5F2zNS.jpg', 1, 1, 50, 2, 0, '2025-06-02 15:37:47', '2025-06-02 15:37:47'),
(558, 3, 56, 86, 3, 4, 'Điểm khiến tôi ấn tượng với món này là chất lượng ổn định qua nhiều lần order. Chắc chắn sẽ quay lại lần nữa!', '2025-05-15 22:37:47', 1, 'reviews/review_qJt41tLKKK.jpg', 1, 1, 48, 1, 0, '2025-06-02 15:37:47', '2025-06-02 15:37:47'),
(559, 5, 56, 71, 2, 5, 'Món này luôn là lựa chọn hàng đầu của tôi bởi chất lượng ổn định qua nhiều lần order. Không chỉ vậy, giá cả phải chăng cho chất lượng này. Recommended cho mọi người!', '2025-05-23 22:37:47', 1, NULL, 1, 1, 1, 0, 0, '2025-06-02 15:37:47', '2025-06-02 15:37:47'),
(560, 19, 56, 38, 1, 4, 'Điều làm tôi thích thú với món này là giá cả phải chăng cho chất lượng này. Tuy nhiên, nước chấm hơi ít so với khẩu phần. Recommended cho mọi người!', '2025-05-24 22:37:47', 1, NULL, 1, 0, 4, 4, 1, '2025-06-02 15:37:47', '2025-06-02 15:37:47'),
(561, 25, 57, 99, 2, 5, 'Món ăn để lại ấn tượng tốt nhờ nguyên liệu tươi ngon, chọn lọc kỹ. Không chỉ vậy, nguyên liệu tươi ngon, chọn lọc kỹ. Điểm cần cải thiện là nước chấm hơi ít so với khẩu phần. Nhìn chung vẫn rất đáng để thử!', '2025-05-09 22:37:47', 1, NULL, 1, 0, 23, 2, 1, '2025-06-02 15:37:47', '2025-06-02 15:37:47'),
(562, 12, 57, 60, 3, 5, 'Món này luôn là lựa chọn hàng đầu của tôi bởi hương vị tuyệt vời, đậm đà. Không chỉ vậy, đóng gói cẩn thận, sạch sẽ. Nhìn chung vẫn rất đáng để thử!', '2025-05-14 22:37:47', 1, 'reviews/review_b1raeuJbtx.jpg', 1, 1, 21, 5, 1, '2025-06-02 15:37:47', '2025-06-02 15:37:47'),
(563, 6, 57, 86, 1, 5, 'Sau nhiều lần order, tôi vẫn đánh giá cao vì giao hàng đúng giờ, shipper thân thiện. Chắc chắn sẽ quay lại lần nữa!', '2025-05-18 22:37:47', 1, NULL, 1, 1, 17, 5, 0, '2025-06-02 15:37:47', '2025-06-02 15:37:47'),
(564, 17, 57, 27, 1, 5, 'Đây là một trong những món tôi thích nhất ở đây vì đóng gói cẩn thận, sạch sẽ. Nhìn chung vẫn rất đáng để thử!', '2025-05-07 22:37:47', 1, 'reviews/review_dIQaXGQ4MB.jpg', 1, 0, 19, 1, 1, '2025-06-02 15:37:47', '2025-06-02 15:37:47'),
(565, 13, 57, 93, 2, 5, 'Món này luôn là lựa chọn hàng đầu của tôi bởi phần ăn đầy đặn, nhiều nhân. Hy vọng lần sau thời gian chờ hơi lâu vào giờ cao điểm. Chắc chắn sẽ quay lại lần nữa!', '2025-05-05 22:37:47', 1, NULL, 1, 1, 20, 4, 1, '2025-06-02 15:37:47', '2025-06-02 15:37:47'),
(566, 27, 57, 73, 2, 4, 'Điều làm tôi thích thú với món này là đóng gói cẩn thận, sạch sẽ. Chắc chắn sẽ quay lại lần nữa!', '2025-05-14 22:37:47', 1, NULL, 1, 0, 23, 5, 1, '2025-06-02 15:37:47', '2025-06-02 15:37:47'),
(567, 14, 57, 44, 1, 3, 'Đây là một trong những món tôi thích nhất ở đây vì nguyên liệu tươi ngon, chọn lọc kỹ. Tuy nhiên, giá hơi cao so với portion size. Recommended cho mọi người!', '2025-05-08 22:37:47', 1, NULL, 1, 0, 28, 3, 1, '2025-06-02 15:37:47', '2025-06-02 15:37:47'),
(568, 24, 57, 19, 3, 3, 'Món này luôn là lựa chọn hàng đầu của tôi bởi phần ăn đầy đặn, nhiều nhân. Không chỉ vậy, nguyên liệu tươi ngon, chọn lọc kỹ. Chắc chắn sẽ quay lại lần nữa!', '2025-05-06 22:37:47', 1, 'reviews/review_H5XuaJygfX.jpg', 1, 0, 6, 3, 1, '2025-06-02 15:37:47', '2025-06-02 15:37:47'),
(569, 6, 57, 64, 2, 5, 'Đây là một trong những món tôi thích nhất ở đây vì giá cả phải chăng cho chất lượng này. Không chỉ vậy, nguyên liệu tươi ngon, chọn lọc kỹ. Sẽ tiếp tục ủng hộ dài dài!', '2025-05-11 22:37:47', 1, 'reviews/review_R2ucyQP5YO.jpg', 1, 0, 33, 4, 0, '2025-06-02 15:37:47', '2025-06-02 15:37:47'),
(570, 18, 57, 36, 3, 3, 'Tôi đánh giá rất cao món này vì phần ăn đầy đặn, nhiều nhân. Không chỉ vậy, giá cả phải chăng cho chất lượng này. Recommended cho mọi người!', '2025-05-11 22:37:47', 1, NULL, 1, 1, 20, 1, 0, '2025-06-02 15:37:47', '2025-06-02 15:37:47'),
(571, 18, 58, 11, 1, 3, 'Tôi đánh giá rất cao món này vì giao hàng đúng giờ, shipper thân thiện. Không chỉ vậy, phục vụ chuyên nghiệp, nhanh chóng. Nhìn chung vẫn rất đáng để thử!', '2025-05-05 22:37:47', 1, NULL, 1, 0, 2, 0, 1, '2025-06-02 15:37:47', '2025-06-02 15:37:47'),
(572, 11, 58, 23, 2, 5, 'Điều làm tôi thích thú với món này là giao hàng đúng giờ, shipper thân thiện. Không chỉ vậy, nguyên liệu tươi ngon, chọn lọc kỹ. Nhìn chung vẫn rất đáng để thử!', '2025-05-28 22:37:47', 1, NULL, 1, 1, 20, 1, 0, '2025-06-02 15:37:47', '2025-06-02 15:37:47'),
(573, 14, 58, 79, 2, 3, 'Tôi rất hài lòng với chất lượng món này vì đồ ăn nóng hổi khi nhận được. Nhìn chung vẫn rất đáng để thử!', '2025-05-07 22:37:47', 1, NULL, 1, 0, 28, 4, 0, '2025-06-02 15:37:47', '2025-06-02 15:37:47'),
(574, 10, 58, 71, 3, 5, 'Điều làm tôi thích thú với món này là đóng gói cẩn thận, sạch sẽ. Góp ý nhỏ là vị có thể đậm đà hơn một chút. Chắc chắn sẽ quay lại lần nữa!', '2025-05-26 22:37:47', 1, 'reviews/review_JvygHjtCmu.jpg', 1, 0, 4, 1, 0, '2025-06-02 15:37:47', '2025-06-02 15:37:47'),
(575, 3, 58, 60, 3, 3, 'Điều làm tôi thích thú với món này là chất lượng ổn định qua nhiều lần order. Chắc chắn sẽ quay lại lần nữa!', '2025-05-22 22:37:47', 1, 'reviews/review_9iyOtHOLNy.jpg', 1, 1, 5, 1, 1, '2025-06-02 15:37:47', '2025-06-02 15:37:47'),
(576, 19, 58, 27, 3, 4, 'Tôi thường xuyên đặt món này vì đóng gói cẩn thận, sạch sẽ. Sẽ tiếp tục ủng hộ dài dài!', '2025-05-05 22:37:47', 1, 'reviews/review_pxlipeJ3Ek.jpg', 1, 1, 41, 4, 1, '2025-06-02 15:37:47', '2025-06-02 15:37:47'),
(577, 16, 58, 84, 2, 4, 'Tôi thường xuyên đặt món này vì giao hàng đúng giờ, shipper thân thiện. Không chỉ vậy, nhân viên nhiệt tình, chu đáo. Rất đáng đồng tiền!', '2025-05-25 22:37:47', 1, NULL, 1, 0, 9, 1, 0, '2025-06-02 15:37:47', '2025-06-02 15:37:47'),
(578, 11, 58, 11, 3, 4, 'Đây là một trong những món tôi thích nhất ở đây vì nhân viên nhiệt tình, chu đáo. Không chỉ vậy, giá cả phải chăng cho chất lượng này. Mong rằng nên có thêm option về độ cay. Sẽ tiếp tục ủng hộ dài dài!', '2025-05-06 22:37:47', 1, 'reviews/review_16PNAYsJ1u.jpg', 1, 1, 42, 5, 0, '2025-06-02 15:37:47', '2025-06-02 15:37:47'),
(579, 11, 58, 28, 1, 5, 'Tôi đã thử nhiều nơi nhưng vẫn thích ở đây nhất bởi đồ ăn nóng hổi khi nhận được. Tuy nhiên, thời gian chờ hơi lâu vào giờ cao điểm. Chắc chắn sẽ quay lại lần nữa!', '2025-05-20 22:37:47', 1, NULL, 1, 0, 46, 3, 0, '2025-06-02 15:37:47', '2025-06-02 15:37:47'),
(580, 10, 58, 40, 2, 3, 'Món ăn để lại ấn tượng tốt nhờ hương vị tuyệt vời, đậm đà. Rất đáng đồng tiền!', '2025-05-27 22:37:47', 1, 'reviews/review_H7HQqBOdVA.jpg', 1, 0, 17, 5, 1, '2025-06-02 15:37:47', '2025-06-02 15:37:47'),
(581, 18, 59, 95, 3, 4, 'Tôi thường xuyên đặt món này vì phục vụ chuyên nghiệp, nhanh chóng. Nhìn chung vẫn rất đáng để thử!', '2025-05-16 22:37:47', 1, NULL, 1, 1, 2, 5, 1, '2025-06-02 15:37:47', '2025-06-02 15:37:47'),
(582, 23, 59, 28, 2, 5, 'Món này luôn là lựa chọn hàng đầu của tôi bởi đồ ăn nóng hổi khi nhận được. Không chỉ vậy, phần ăn đầy đặn, nhiều nhân. Nhìn chung vẫn rất đáng để thử!', '2025-05-06 22:37:47', 1, NULL, 1, 1, 49, 4, 1, '2025-06-02 15:37:47', '2025-06-02 15:37:47'),
(583, 9, 59, 61, 2, 5, 'Món ăn để lại ấn tượng tốt nhờ phần ăn đầy đặn, nhiều nhân. Không chỉ vậy, chất lượng ổn định qua nhiều lần order. Nhìn chung vẫn rất đáng để thử!', '2025-05-07 22:37:47', 1, NULL, 1, 0, 35, 1, 1, '2025-06-02 15:37:47', '2025-06-02 15:37:47'),
(584, 21, 59, 55, 2, 5, 'Điểm khiến tôi ấn tượng với món này là phục vụ chuyên nghiệp, nhanh chóng. Rất đáng đồng tiền!', '2025-05-30 22:37:47', 1, NULL, 1, 1, 40, 5, 1, '2025-06-02 15:37:47', '2025-06-02 15:37:47'),
(585, 28, 59, 13, 2, 5, 'Món này luôn là lựa chọn hàng đầu của tôi bởi phục vụ chuyên nghiệp, nhanh chóng. Chắc chắn sẽ quay lại lần nữa!', '2025-05-24 22:37:47', 1, 'reviews/review_JQXAxEXSEe.jpg', 1, 0, 32, 5, 0, '2025-06-02 15:37:47', '2025-06-02 15:37:47'),
(586, 20, 59, 7, 3, 4, 'Điểm khiến tôi ấn tượng với món này là giá cả phải chăng cho chất lượng này. Không chỉ vậy, nguyên liệu tươi ngon, chọn lọc kỹ. Rất đáng đồng tiền!', '2025-05-21 22:37:47', 1, NULL, 1, 0, 49, 0, 0, '2025-06-02 15:37:47', '2025-06-02 15:37:47'),
(587, 11, 59, 91, 2, 4, 'Đây là một trong những món tôi thích nhất ở đây vì phục vụ chuyên nghiệp, nhanh chóng. Mong rằng vị có thể đa dạng hơn. Sẽ tiếp tục ủng hộ dài dài!', '2025-05-26 22:37:47', 1, 'reviews/review_zjUsbxrwc3.jpg', 1, 0, 3, 3, 1, '2025-06-02 15:37:47', '2025-06-02 15:37:47'),
(588, 18, 59, 51, 2, 3, 'Tôi đã thử nhiều nơi nhưng vẫn thích ở đây nhất bởi chất lượng ổn định qua nhiều lần order. Không chỉ vậy, giá cả phải chăng cho chất lượng này. Sẽ tiếp tục ủng hộ dài dài!', '2025-05-05 22:37:47', 1, 'reviews/review_FoAtskMIEj.jpg', 1, 0, 45, 4, 1, '2025-06-02 15:37:47', '2025-06-02 15:37:47'),
(589, 26, 59, 4, 1, 3, 'Sau nhiều lần order, tôi vẫn đánh giá cao vì hương vị tuyệt vời, đậm đà. Không chỉ vậy, giá cả phải chăng cho chất lượng này. Sẽ tiếp tục ủng hộ dài dài!', '2025-05-15 22:37:47', 1, 'reviews/review_iCmKBST657.jpg', 1, 0, 19, 2, 1, '2025-06-02 15:37:47', '2025-06-02 15:37:47'),
(590, 8, 59, 96, 1, 5, 'Điểm khiến tôi ấn tượng với món này là giá cả phải chăng cho chất lượng này. Nhìn chung vẫn rất đáng để thử!', '2025-05-08 22:37:47', 1, NULL, 1, 1, 40, 3, 1, '2025-06-02 15:37:47', '2025-06-02 15:37:47'),
(591, 15, 60, 52, 1, 4, 'Món ăn để lại ấn tượng tốt nhờ đồ ăn nóng hổi khi nhận được. Góp ý nhỏ là nước chấm hơi ít so với khẩu phần. Nhìn chung vẫn rất đáng để thử!', '2025-05-31 22:37:47', 1, 'reviews/review_2sbuNuwOj2.jpg', 1, 0, 47, 1, 0, '2025-06-02 15:37:47', '2025-06-02 15:37:47'),
(592, 27, 60, 29, 1, 4, 'Tôi thường xuyên đặt món này vì đóng gói cẩn thận, sạch sẽ. Không chỉ vậy, chất lượng ổn định qua nhiều lần order. Góp ý nhỏ là giá hơi cao so với portion size. Rất đáng đồng tiền!', '2025-05-26 22:37:47', 1, NULL, 1, 0, 22, 4, 1, '2025-06-02 15:37:47', '2025-06-02 15:37:47'),
(593, 18, 60, 18, 3, 4, 'Sau nhiều lần order, tôi vẫn đánh giá cao vì hương vị tuyệt vời, đậm đà. Mong rằng rau củ garnish có thể tươi hơn. Recommended cho mọi người!', '2025-05-04 22:37:47', 1, 'reviews/review_Emq2ssVRm5.jpg', 1, 1, 9, 5, 1, '2025-06-02 15:37:47', '2025-06-02 15:37:47'),
(594, 18, 60, 74, 3, 3, 'Đây là một trong những món tôi thích nhất ở đây vì đóng gói cẩn thận, sạch sẽ. Không chỉ vậy, phục vụ chuyên nghiệp, nhanh chóng. Sẽ tiếp tục ủng hộ dài dài!', '2025-05-24 22:37:47', 1, 'reviews/review_0QnWzKQ3S3.jpg', 1, 1, 37, 1, 1, '2025-06-02 15:37:47', '2025-06-02 15:37:47'),
(595, 16, 60, 86, 2, 3, 'Tôi đã thử nhiều nơi nhưng vẫn thích ở đây nhất bởi giao hàng đúng giờ, shipper thân thiện. Không chỉ vậy, phần ăn đầy đặn, nhiều nhân. Góp ý nhỏ là vị có thể đậm đà hơn một chút. Nhìn chung vẫn rất đáng để thử!', '2025-05-28 22:37:47', 1, NULL, 1, 1, 36, 3, 1, '2025-06-02 15:37:47', '2025-06-02 15:37:47'),
(596, 11, 60, 76, 1, 5, 'Tôi đánh giá rất cao món này vì chất lượng ổn định qua nhiều lần order. Không chỉ vậy, nhân viên nhiệt tình, chu đáo. Tuy nhiên, bao bì đóng gói cần cải thiện thêm. Sẽ tiếp tục ủng hộ dài dài!', '2025-05-29 22:37:47', 1, NULL, 1, 1, 15, 3, 0, '2025-06-02 15:37:47', '2025-06-02 15:37:47'),
(597, 26, 60, 53, 3, 4, 'Món này luôn là lựa chọn hàng đầu của tôi bởi nhân viên nhiệt tình, chu đáo. Rất đáng đồng tiền!', '2025-05-25 22:37:47', 1, 'reviews/review_a61769ZEXA.jpg', 1, 1, 44, 0, 0, '2025-06-02 15:37:47', '2025-06-02 15:37:47'),
(598, 2, 60, 34, 3, 5, 'Tôi thường xuyên đặt món này vì đóng gói cẩn thận, sạch sẽ. Chắc chắn sẽ quay lại lần nữa!', '2025-05-20 22:37:47', 1, NULL, 1, 1, 31, 3, 0, '2025-06-02 15:37:47', '2025-06-02 15:37:47'),
(599, 13, 60, 98, 1, 3, 'Tôi đánh giá rất cao món này vì đồ ăn nóng hổi khi nhận được. Rất đáng đồng tiền!', '2025-05-20 22:37:47', 1, 'reviews/review_RKwS8Oo2TQ.jpg', 1, 1, 40, 5, 1, '2025-06-02 15:37:47', '2025-06-02 15:37:47'),
(600, 24, 60, 78, 3, 3, 'Món này luôn là lựa chọn hàng đầu của tôi bởi giao hàng đúng giờ, shipper thân thiện. Không chỉ vậy, hương vị tuyệt vời, đậm đà. Chắc chắn sẽ quay lại lần nữa!', '2025-05-30 22:37:47', 1, 'reviews/review_PWJ3JvT4DG.jpg', 1, 0, 44, 3, 1, '2025-06-02 15:37:47', '2025-06-02 15:37:47'),
(601, 17, 61, 31, 3, 5, 'Sau nhiều lần order, tôi vẫn đánh giá cao vì giao hàng đúng giờ, shipper thân thiện. Tuy nhiên, rau củ garnish có thể tươi hơn. Recommended cho mọi người!', '2025-05-18 22:37:47', 1, 'reviews/review_Oe4puqLUH4.jpg', 1, 1, 3, 2, 1, '2025-06-02 15:37:47', '2025-06-02 15:37:47'),
(602, 11, 61, 61, 2, 4, 'Đây là một trong những món tôi thích nhất ở đây vì giao hàng đúng giờ, shipper thân thiện. Không chỉ vậy, đồ ăn nóng hổi khi nhận được. Tuy nhiên, bao bì đóng gói cần cải thiện thêm. Sẽ tiếp tục ủng hộ dài dài!', '2025-05-08 22:37:47', 1, NULL, 1, 0, 41, 5, 0, '2025-06-02 15:37:47', '2025-06-02 15:37:47'),
(603, 4, 61, 8, 3, 5, 'Tôi thường xuyên đặt món này vì phục vụ chuyên nghiệp, nhanh chóng. Không chỉ vậy, nguyên liệu tươi ngon, chọn lọc kỹ. Chắc chắn sẽ quay lại lần nữa!', '2025-05-31 22:37:47', 1, 'reviews/review_2M8KvqapBH.jpg', 1, 0, 39, 4, 1, '2025-06-02 15:37:47', '2025-06-02 15:37:47'),
(604, 13, 61, 30, 1, 5, 'Điều làm tôi thích thú với món này là nguyên liệu tươi ngon, chọn lọc kỹ. Hy vọng lần sau rau củ garnish có thể tươi hơn. Nhìn chung vẫn rất đáng để thử!', '2025-05-17 22:37:47', 1, NULL, 1, 1, 1, 0, 1, '2025-06-02 15:37:47', '2025-06-02 15:37:47'),
(605, 1, 61, 24, 2, 5, 'Tôi thường xuyên đặt món này vì đồ ăn nóng hổi khi nhận được. Góp ý nhỏ là giá hơi cao so với portion size. Sẽ tiếp tục ủng hộ dài dài!', '2025-05-22 22:37:47', 1, NULL, 1, 1, 21, 4, 1, '2025-06-02 15:37:47', '2025-06-02 15:37:47'),
(606, 23, 61, 11, 3, 3, 'Điểm khiến tôi ấn tượng với món này là hương vị tuyệt vời, đậm đà. Không chỉ vậy, phục vụ chuyên nghiệp, nhanh chóng. Sẽ tiếp tục ủng hộ dài dài!', '2025-05-11 22:37:47', 1, NULL, 1, 0, 22, 5, 1, '2025-06-02 15:37:47', '2025-06-02 15:37:47'),
(607, 8, 61, 98, 2, 5, 'Đây là một trong những món tôi thích nhất ở đây vì giao hàng đúng giờ, shipper thân thiện. Không chỉ vậy, giá cả phải chăng cho chất lượng này. Sẽ tiếp tục ủng hộ dài dài!', '2025-05-09 22:37:47', 1, 'reviews/review_82L6nuOUpx.jpg', 1, 0, 24, 5, 1, '2025-06-02 15:37:47', '2025-06-02 15:37:47'),
(608, 2, 61, 24, 1, 5, 'Tôi rất hài lòng với chất lượng món này vì giao hàng đúng giờ, shipper thân thiện. Chắc chắn sẽ quay lại lần nữa!', '2025-06-01 22:37:47', 1, 'reviews/review_7dooSDTkaJ.jpg', 1, 0, 12, 2, 1, '2025-06-02 15:37:47', '2025-06-02 15:37:47'),
(609, 10, 61, 61, 1, 5, 'Tôi đã thử nhiều nơi nhưng vẫn thích ở đây nhất bởi phần ăn đầy đặn, nhiều nhân. Sẽ tiếp tục ủng hộ dài dài!', '2025-05-09 22:37:47', 1, 'reviews/review_66LAs3HjM4.jpg', 1, 1, 6, 2, 1, '2025-06-02 15:37:47', '2025-06-02 15:37:47'),
(610, 28, 61, 100, 3, 4, 'Tôi thường xuyên đặt món này vì phần ăn đầy đặn, nhiều nhân. Không chỉ vậy, hương vị tuyệt vời, đậm đà. Sẽ tiếp tục ủng hộ dài dài!', '2025-05-21 22:37:47', 1, 'reviews/review_SFVXr9igQx.jpg', 1, 0, 19, 4, 1, '2025-06-02 15:37:47', '2025-06-02 15:37:47'),
(611, 27, 62, 52, 1, 4, 'Món này luôn là lựa chọn hàng đầu của tôi bởi giá cả phải chăng cho chất lượng này. Điểm cần cải thiện là vị có thể đậm đà hơn một chút. Chắc chắn sẽ quay lại lần nữa!', '2025-05-14 22:37:47', 1, NULL, 1, 1, 5, 3, 0, '2025-06-02 15:37:47', '2025-06-02 15:37:47'),
(612, 3, 62, 50, 1, 5, 'Sau nhiều lần order, tôi vẫn đánh giá cao vì chất lượng ổn định qua nhiều lần order. Recommended cho mọi người!', '2025-05-05 22:37:47', 1, 'reviews/review_TYc2IMA0kg.jpg', 1, 1, 14, 3, 1, '2025-06-02 15:37:47', '2025-06-02 15:37:47'),
(613, 26, 62, 73, 1, 5, 'Đây là một trong những món tôi thích nhất ở đây vì giao hàng đúng giờ, shipper thân thiện. Không chỉ vậy, phục vụ chuyên nghiệp, nhanh chóng. Hy vọng lần sau nên có thêm option về độ cay. Nhìn chung vẫn rất đáng để thử!', '2025-05-05 22:37:47', 1, 'reviews/review_4LY7Vg28io.jpg', 1, 1, 7, 2, 1, '2025-06-02 15:37:47', '2025-06-02 15:37:47'),
(614, 3, 62, 56, 1, 3, 'Món này luôn là lựa chọn hàng đầu của tôi bởi đóng gói cẩn thận, sạch sẽ. Không chỉ vậy, chất lượng ổn định qua nhiều lần order. Sẽ tiếp tục ủng hộ dài dài!', '2025-05-22 22:37:47', 1, 'reviews/review_8ITOLM5yuZ.jpg', 1, 0, 18, 4, 0, '2025-06-02 15:37:47', '2025-06-02 15:37:47'),
(615, 28, 62, 36, 3, 3, 'Tôi đánh giá rất cao món này vì phần ăn đầy đặn, nhiều nhân. Không chỉ vậy, nhân viên nhiệt tình, chu đáo. Mong rằng đồ ăn hơi nguội khi giao đến. Rất đáng đồng tiền!', '2025-05-22 22:37:47', 1, NULL, 1, 0, 2, 2, 0, '2025-06-02 15:37:47', '2025-06-02 15:37:47'),
(616, 18, 62, 16, 1, 4, 'Tôi đánh giá rất cao món này vì đóng gói cẩn thận, sạch sẽ. Không chỉ vậy, hương vị tuyệt vời, đậm đà. Nhìn chung vẫn rất đáng để thử!', '2025-05-27 22:37:47', 1, 'reviews/review_tBEzBOblVF.jpg', 1, 0, 36, 5, 0, '2025-06-02 15:37:47', '2025-06-02 15:37:47'),
(617, 22, 62, 47, 3, 5, 'Món này luôn là lựa chọn hàng đầu của tôi bởi phần ăn đầy đặn, nhiều nhân. Tuy nhiên, vị có thể đậm đà hơn một chút. Nhìn chung vẫn rất đáng để thử!', '2025-05-10 22:37:47', 1, NULL, 1, 0, 5, 1, 1, '2025-06-02 15:37:47', '2025-06-02 15:37:47'),
(618, 16, 62, 78, 2, 4, 'Món ăn để lại ấn tượng tốt nhờ chất lượng ổn định qua nhiều lần order. Chắc chắn sẽ quay lại lần nữa!', '2025-05-29 22:37:47', 1, 'reviews/review_2Q0nsQVs7R.jpg', 1, 1, 8, 5, 0, '2025-06-02 15:37:47', '2025-06-02 15:37:47'),
(619, 18, 62, 19, 1, 3, 'Tôi đánh giá rất cao món này vì giá cả phải chăng cho chất lượng này. Chắc chắn sẽ quay lại lần nữa!', '2025-05-16 22:37:47', 1, 'reviews/review_jcI6ofFh5B.jpg', 1, 1, 33, 3, 0, '2025-06-02 15:37:47', '2025-06-02 15:37:47'),
(620, 8, 62, 94, 1, 4, 'Tôi đã thử nhiều nơi nhưng vẫn thích ở đây nhất bởi nguyên liệu tươi ngon, chọn lọc kỹ. Recommended cho mọi người!', '2025-05-31 22:37:47', 1, NULL, 1, 0, 22, 1, 0, '2025-06-02 15:37:47', '2025-06-02 15:37:47'),
(621, 24, 63, 62, 1, 4, 'Tôi đã thử nhiều nơi nhưng vẫn thích ở đây nhất bởi phục vụ chuyên nghiệp, nhanh chóng. Sẽ tiếp tục ủng hộ dài dài!', '2025-05-06 22:37:47', 1, 'reviews/review_V1aJkIKOVn.jpg', 1, 0, 3, 1, 1, '2025-06-02 15:37:47', '2025-06-02 15:37:47'),
(622, 22, 63, 90, 3, 5, 'Điều làm tôi thích thú với món này là phục vụ chuyên nghiệp, nhanh chóng. Sẽ tiếp tục ủng hộ dài dài!', '2025-05-04 22:37:47', 1, 'reviews/review_0pMomLaRXH.jpg', 1, 1, 40, 3, 0, '2025-06-02 15:37:47', '2025-06-02 15:37:47'),
(623, 7, 63, 56, 2, 5, 'Tôi đánh giá rất cao món này vì hương vị tuyệt vời, đậm đà. Tuy nhiên, bao bì đóng gói cần cải thiện thêm. Sẽ tiếp tục ủng hộ dài dài!', '2025-05-09 22:37:47', 1, NULL, 1, 1, 23, 5, 0, '2025-06-02 15:37:47', '2025-06-02 15:37:47'),
(624, 21, 63, 23, 2, 3, 'Điểm khiến tôi ấn tượng với món này là đồ ăn nóng hổi khi nhận được. Không chỉ vậy, đóng gói cẩn thận, sạch sẽ. Nhìn chung vẫn rất đáng để thử!', '2025-05-30 22:37:47', 1, 'reviews/review_WClwsOOw6x.jpg', 1, 0, 31, 1, 0, '2025-06-02 15:37:47', '2025-06-02 15:37:47'),
(625, 6, 63, 89, 3, 3, 'Món này luôn là lựa chọn hàng đầu của tôi bởi nhân viên nhiệt tình, chu đáo. Rất đáng đồng tiền!', '2025-05-13 22:37:47', 1, NULL, 1, 1, 41, 3, 1, '2025-06-02 15:37:47', '2025-06-02 15:37:47'),
(626, 2, 63, 92, 3, 5, 'Điều làm tôi thích thú với món này là giá cả phải chăng cho chất lượng này. Sẽ tiếp tục ủng hộ dài dài!', '2025-05-29 22:37:47', 1, NULL, 1, 0, 25, 5, 0, '2025-06-02 15:37:47', '2025-06-02 15:37:47'),
(627, 6, 63, 32, 1, 5, 'Tôi đã thử nhiều nơi nhưng vẫn thích ở đây nhất bởi đồ ăn nóng hổi khi nhận được. Mong rằng nên có thêm option về độ cay. Nhìn chung vẫn rất đáng để thử!', '2025-05-26 22:37:47', 1, NULL, 1, 0, 7, 5, 0, '2025-06-02 15:37:47', '2025-06-02 15:37:47'),
(628, 4, 63, 53, 1, 5, 'Tôi thường xuyên đặt món này vì phần ăn đầy đặn, nhiều nhân. Hy vọng lần sau phần ăn có thể nhiều hơn một chút. Recommended cho mọi người!', '2025-05-07 22:37:47', 1, 'reviews/review_sqbkGDCZVb.jpg', 1, 0, 30, 4, 0, '2025-06-02 15:37:47', '2025-06-02 15:37:47'),
(629, 27, 63, 41, 2, 3, 'Tôi thường xuyên đặt món này vì phục vụ chuyên nghiệp, nhanh chóng. Không chỉ vậy, giá cả phải chăng cho chất lượng này. Mong rằng thời gian chờ hơi lâu vào giờ cao điểm. Chắc chắn sẽ quay lại lần nữa!', '2025-05-17 22:37:47', 1, NULL, 1, 1, 41, 5, 0, '2025-06-02 15:37:47', '2025-06-02 15:37:47'),
(630, 21, 63, 93, 1, 3, 'Điều làm tôi thích thú với món này là phần ăn đầy đặn, nhiều nhân. Rất đáng đồng tiền!', '2025-05-11 22:37:47', 1, 'reviews/review_8zpxeIt50T.jpg', 1, 1, 31, 4, 1, '2025-06-02 15:37:47', '2025-06-02 15:37:47'),
(631, 11, 64, 20, 2, 4, 'Điều làm tôi thích thú với món này là nguyên liệu tươi ngon, chọn lọc kỹ. Không chỉ vậy, phục vụ chuyên nghiệp, nhanh chóng. Rất đáng đồng tiền!', '2025-05-11 22:37:47', 1, NULL, 1, 1, 46, 2, 1, '2025-06-02 15:37:47', '2025-06-02 15:37:47'),
(632, 16, 64, 82, 1, 5, 'Điều làm tôi thích thú với món này là giá cả phải chăng cho chất lượng này. Rất đáng đồng tiền!', '2025-05-26 22:37:47', 1, NULL, 1, 1, 45, 3, 0, '2025-06-02 15:37:47', '2025-06-02 15:37:47'),
(633, 25, 64, 60, 2, 5, 'Món ăn để lại ấn tượng tốt nhờ nguyên liệu tươi ngon, chọn lọc kỹ. Góp ý nhỏ là nên có thêm option về độ cay. Recommended cho mọi người!', '2025-05-05 22:37:47', 1, 'reviews/review_gratcxhwsG.jpg', 1, 0, 31, 3, 0, '2025-06-02 15:37:47', '2025-06-02 15:37:47'),
(634, 12, 64, 85, 3, 4, 'Đây là một trong những món tôi thích nhất ở đây vì giao hàng đúng giờ, shipper thân thiện. Rất đáng đồng tiền!', '2025-05-26 22:37:47', 1, 'reviews/review_yyozEeg6rE.jpg', 1, 0, 40, 2, 1, '2025-06-02 15:37:47', '2025-06-02 15:37:47'),
(635, 11, 64, 37, 3, 3, 'Món này luôn là lựa chọn hàng đầu của tôi bởi giao hàng đúng giờ, shipper thân thiện. Không chỉ vậy, nguyên liệu tươi ngon, chọn lọc kỹ. Sẽ tiếp tục ủng hộ dài dài!', '2025-05-13 22:37:47', 1, 'reviews/review_wUQDqHoXlC.jpg', 1, 1, 25, 5, 1, '2025-06-02 15:37:47', '2025-06-02 15:37:47'),
(636, 27, 64, 44, 2, 3, 'Sau nhiều lần order, tôi vẫn đánh giá cao vì nhân viên nhiệt tình, chu đáo. Mong rằng đồ ăn hơi nguội khi giao đến. Nhìn chung vẫn rất đáng để thử!', '2025-05-12 22:37:47', 1, NULL, 1, 0, 25, 5, 0, '2025-06-02 15:37:47', '2025-06-02 15:37:47'),
(637, 28, 64, 51, 1, 4, 'Tôi đã thử nhiều nơi nhưng vẫn thích ở đây nhất bởi giao hàng đúng giờ, shipper thân thiện. Sẽ tiếp tục ủng hộ dài dài!', '2025-06-01 22:37:47', 1, 'reviews/review_NHr5XuLer0.jpg', 1, 0, 42, 5, 1, '2025-06-02 15:37:47', '2025-06-02 15:37:47'),
(638, 2, 64, 29, 3, 5, 'Đây là một trong những món tôi thích nhất ở đây vì phục vụ chuyên nghiệp, nhanh chóng. Recommended cho mọi người!', '2025-05-03 22:37:47', 1, NULL, 1, 0, 19, 0, 0, '2025-06-02 15:37:47', '2025-06-02 15:37:47'),
(639, 22, 64, 78, 2, 3, 'Món ăn để lại ấn tượng tốt nhờ nguyên liệu tươi ngon, chọn lọc kỹ. Không chỉ vậy, phục vụ chuyên nghiệp, nhanh chóng. Chắc chắn sẽ quay lại lần nữa!', '2025-06-01 22:37:47', 1, NULL, 1, 1, 21, 4, 1, '2025-06-02 15:37:47', '2025-06-02 15:37:47'),
(640, 1, 64, 53, 2, 3, 'Điểm khiến tôi ấn tượng với món này là phần ăn đầy đặn, nhiều nhân. Không chỉ vậy, đồ ăn nóng hổi khi nhận được. Recommended cho mọi người!', '2025-05-04 22:37:47', 1, NULL, 1, 0, 18, 0, 0, '2025-06-02 15:37:47', '2025-06-02 15:37:47'),
(641, 22, 65, 2, 1, 5, 'Điều làm tôi thích thú với món này là nhân viên nhiệt tình, chu đáo. Không chỉ vậy, phần ăn đầy đặn, nhiều nhân. Recommended cho mọi người!', '2025-05-23 22:37:47', 1, 'reviews/review_0LjaZIdF0k.jpg', 1, 1, 49, 0, 0, '2025-06-02 15:37:47', '2025-06-02 15:37:47'),
(642, 22, 65, 56, 3, 4, 'Điều làm tôi thích thú với món này là hương vị tuyệt vời, đậm đà. Sẽ tiếp tục ủng hộ dài dài!', '2025-05-29 22:37:47', 1, 'reviews/review_QOw5S6K8BF.jpg', 1, 1, 7, 0, 0, '2025-06-02 15:37:47', '2025-06-02 15:37:47'),
(643, 17, 65, 93, 2, 5, 'Điểm khiến tôi ấn tượng với món này là chất lượng ổn định qua nhiều lần order. Không chỉ vậy, chất lượng ổn định qua nhiều lần order. Nhìn chung vẫn rất đáng để thử!', '2025-05-07 22:37:47', 1, NULL, 1, 1, 20, 2, 1, '2025-06-02 15:37:47', '2025-06-02 15:37:47'),
(644, 3, 65, 58, 1, 4, 'Đây là một trong những món tôi thích nhất ở đây vì giá cả phải chăng cho chất lượng này. Sẽ tiếp tục ủng hộ dài dài!', '2025-05-08 22:37:47', 1, 'reviews/review_EUlrIkWDjx.jpg', 1, 0, 22, 3, 1, '2025-06-02 15:37:47', '2025-06-02 15:37:47'),
(645, 22, 65, 32, 1, 5, 'Món ăn để lại ấn tượng tốt nhờ đóng gói cẩn thận, sạch sẽ. Không chỉ vậy, phục vụ chuyên nghiệp, nhanh chóng. Mong rằng vị có thể đa dạng hơn. Sẽ tiếp tục ủng hộ dài dài!', '2025-05-14 22:37:47', 1, 'reviews/review_LU0VGHbnaj.jpg', 1, 1, 49, 5, 1, '2025-06-02 15:37:47', '2025-06-02 15:37:47'),
(646, 12, 65, 96, 1, 3, 'Món này luôn là lựa chọn hàng đầu của tôi bởi nguyên liệu tươi ngon, chọn lọc kỹ. Recommended cho mọi người!', '2025-05-18 22:37:47', 1, 'reviews/review_fttuPzXKPs.jpg', 1, 0, 42, 0, 1, '2025-06-02 15:37:47', '2025-06-02 15:37:47'),
(647, 22, 65, 31, 3, 4, 'Điều làm tôi thích thú với món này là phần ăn đầy đặn, nhiều nhân. Sẽ tiếp tục ủng hộ dài dài!', '2025-05-29 22:37:47', 1, 'reviews/review_e2WxblsqNK.jpg', 1, 1, 35, 4, 1, '2025-06-02 15:37:47', '2025-06-02 15:37:47'),
(648, 10, 65, 28, 1, 3, 'Điều làm tôi thích thú với món này là hương vị tuyệt vời, đậm đà. Sẽ tiếp tục ủng hộ dài dài!', '2025-05-09 22:37:47', 1, 'reviews/review_vIbyydHiUA.jpg', 1, 0, 13, 4, 1, '2025-06-02 15:37:47', '2025-06-02 15:37:47'),
(649, 4, 65, 77, 1, 5, 'Tôi đã thử nhiều nơi nhưng vẫn thích ở đây nhất bởi nhân viên nhiệt tình, chu đáo. Rất đáng đồng tiền!', '2025-05-18 22:37:47', 1, 'reviews/review_JpVii3UGb1.jpg', 1, 0, 11, 5, 1, '2025-06-02 15:37:47', '2025-06-02 15:37:47'),
(650, 27, 65, 53, 3, 5, 'Đây là một trong những món tôi thích nhất ở đây vì hương vị tuyệt vời, đậm đà. Tuy nhiên, giá hơi cao so với portion size. Rất đáng đồng tiền!', '2025-05-18 22:37:47', 1, NULL, 1, 0, 3, 3, 1, '2025-06-02 15:37:47', '2025-06-02 15:37:47'),
(651, 1, 66, 57, 2, 5, 'Tôi đánh giá rất cao món này vì chất lượng ổn định qua nhiều lần order. Sẽ tiếp tục ủng hộ dài dài!', '2025-05-22 22:37:47', 1, NULL, 1, 0, 8, 0, 0, '2025-06-02 15:37:47', '2025-06-02 15:37:47'),
(652, 22, 66, 14, 3, 5, 'Điểm khiến tôi ấn tượng với món này là hương vị tuyệt vời, đậm đà. Không chỉ vậy, hương vị tuyệt vời, đậm đà. Tuy nhiên, nên có thêm option về độ cay. Sẽ tiếp tục ủng hộ dài dài!', '2025-05-16 22:37:47', 1, 'reviews/review_ZlUSJwLAZl.jpg', 1, 0, 22, 2, 1, '2025-06-02 15:37:47', '2025-06-02 15:37:47'),
(653, 24, 66, 20, 2, 3, 'Điểm khiến tôi ấn tượng với món này là phục vụ chuyên nghiệp, nhanh chóng. Sẽ tiếp tục ủng hộ dài dài!', '2025-05-08 22:37:47', 1, NULL, 1, 1, 47, 0, 0, '2025-06-02 15:37:47', '2025-06-02 15:37:47'),
(654, 15, 66, 41, 1, 3, 'Điều làm tôi thích thú với món này là giao hàng đúng giờ, shipper thân thiện. Rất đáng đồng tiền!', '2025-05-23 22:37:47', 1, 'reviews/review_6yOsFDw2JN.jpg', 1, 0, 9, 0, 1, '2025-06-02 15:37:47', '2025-06-02 15:37:47'),
(655, 5, 66, 65, 3, 3, 'Tôi đã thử nhiều nơi nhưng vẫn thích ở đây nhất bởi chất lượng ổn định qua nhiều lần order. Không chỉ vậy, phần ăn đầy đặn, nhiều nhân. Nhìn chung vẫn rất đáng để thử!', '2025-05-27 22:37:47', 1, 'reviews/review_G7iHkxr8cp.jpg', 1, 1, 20, 1, 1, '2025-06-02 15:37:47', '2025-06-02 15:37:47'),
(656, 13, 66, 45, 1, 3, 'Điều làm tôi thích thú với món này là hương vị tuyệt vời, đậm đà. Không chỉ vậy, giao hàng đúng giờ, shipper thân thiện. Chắc chắn sẽ quay lại lần nữa!', '2025-05-28 22:37:47', 1, NULL, 1, 0, 31, 5, 1, '2025-06-02 15:37:47', '2025-06-02 15:37:47'),
(657, 25, 66, 1, 2, 4, 'Tôi rất hài lòng với chất lượng món này vì đồ ăn nóng hổi khi nhận được. Không chỉ vậy, phục vụ chuyên nghiệp, nhanh chóng. Điểm cần cải thiện là bao bì đóng gói cần cải thiện thêm. Nhìn chung vẫn rất đáng để thử!', '2025-05-19 22:37:47', 1, NULL, 1, 0, 8, 0, 1, '2025-06-02 15:37:47', '2025-06-02 15:37:47'),
(658, 21, 66, 14, 1, 4, 'Đây là một trong những món tôi thích nhất ở đây vì nhân viên nhiệt tình, chu đáo. Mong rằng nên có thêm option về độ cay. Sẽ tiếp tục ủng hộ dài dài!', '2025-05-07 22:37:47', 1, 'reviews/review_ILlUZw77H3.jpg', 1, 0, 42, 1, 1, '2025-06-02 15:37:47', '2025-06-02 15:37:47'),
(659, 14, 66, 9, 3, 3, 'Tôi thường xuyên đặt món này vì hương vị tuyệt vời, đậm đà. Không chỉ vậy, giá cả phải chăng cho chất lượng này. Recommended cho mọi người!', '2025-05-28 22:37:47', 1, NULL, 1, 1, 47, 5, 1, '2025-06-02 15:37:47', '2025-06-02 15:37:47'),
(660, 10, 66, 76, 3, 3, 'Tôi đã thử nhiều nơi nhưng vẫn thích ở đây nhất bởi phần ăn đầy đặn, nhiều nhân. Tuy nhiên, rau củ garnish có thể tươi hơn. Chắc chắn sẽ quay lại lần nữa!', '2025-05-31 22:37:47', 1, NULL, 1, 0, 19, 1, 1, '2025-06-02 15:37:47', '2025-06-02 15:37:47'),
(661, 19, 67, 45, 2, 3, 'Sau nhiều lần order, tôi vẫn đánh giá cao vì đóng gói cẩn thận, sạch sẽ. Sẽ tiếp tục ủng hộ dài dài!', '2025-05-25 22:37:47', 1, 'reviews/review_Z7lhb075q9.jpg', 1, 0, 0, 3, 1, '2025-06-02 15:37:47', '2025-06-02 15:37:47'),
(662, 23, 67, 69, 2, 5, 'Tôi thường xuyên đặt món này vì giá cả phải chăng cho chất lượng này. Recommended cho mọi người!', '2025-05-04 22:37:47', 1, 'reviews/review_rrXDOR2yhB.jpg', 1, 0, 50, 2, 0, '2025-06-02 15:37:47', '2025-06-02 15:37:47'),
(663, 18, 67, 16, 3, 4, 'Món này luôn là lựa chọn hàng đầu của tôi bởi đóng gói cẩn thận, sạch sẽ. Không chỉ vậy, chất lượng ổn định qua nhiều lần order. Mong rằng đồ ăn hơi nguội khi giao đến. Sẽ tiếp tục ủng hộ dài dài!', '2025-06-01 22:37:47', 1, NULL, 1, 0, 13, 1, 1, '2025-06-02 15:37:47', '2025-06-02 15:37:47'),
(664, 3, 67, 77, 1, 5, 'Món ăn để lại ấn tượng tốt nhờ phục vụ chuyên nghiệp, nhanh chóng. Điểm cần cải thiện là phần ăn có thể nhiều hơn một chút. Chắc chắn sẽ quay lại lần nữa!', '2025-05-29 22:37:47', 1, NULL, 1, 0, 50, 1, 1, '2025-06-02 15:37:47', '2025-06-02 15:37:47'),
(665, 20, 67, 12, 3, 3, 'Tôi thường xuyên đặt món này vì nguyên liệu tươi ngon, chọn lọc kỹ. Không chỉ vậy, đóng gói cẩn thận, sạch sẽ. Góp ý nhỏ là nên có thêm option về độ cay. Recommended cho mọi người!', '2025-05-24 22:37:47', 1, 'reviews/review_vd1KDL2xQN.jpg', 1, 1, 33, 2, 1, '2025-06-02 15:37:47', '2025-06-02 15:37:47'),
(666, 25, 67, 42, 3, 5, 'Tôi đánh giá rất cao món này vì đồ ăn nóng hổi khi nhận được. Chắc chắn sẽ quay lại lần nữa!', '2025-05-21 22:37:47', 1, NULL, 1, 0, 22, 5, 0, '2025-06-02 15:37:47', '2025-06-02 15:37:47'),
(667, 16, 67, 80, 2, 3, 'Tôi thường xuyên đặt món này vì phần ăn đầy đặn, nhiều nhân. Tuy nhiên, đồ ăn hơi nguội khi giao đến. Recommended cho mọi người!', '2025-05-22 22:37:47', 1, 'reviews/review_6IAu26CoqW.jpg', 1, 1, 17, 5, 1, '2025-06-02 15:37:47', '2025-06-02 15:37:47'),
(668, 2, 67, 96, 2, 3, 'Sau nhiều lần order, tôi vẫn đánh giá cao vì hương vị tuyệt vời, đậm đà. Không chỉ vậy, nguyên liệu tươi ngon, chọn lọc kỹ. Chắc chắn sẽ quay lại lần nữa!', '2025-05-10 22:37:47', 1, NULL, 1, 1, 12, 4, 0, '2025-06-02 15:37:47', '2025-06-02 15:37:47'),
(669, 23, 67, 51, 3, 4, 'Tôi thường xuyên đặt món này vì chất lượng ổn định qua nhiều lần order. Sẽ tiếp tục ủng hộ dài dài!', '2025-05-12 22:37:47', 1, NULL, 1, 1, 21, 2, 0, '2025-06-02 15:37:47', '2025-06-02 15:37:47'),
(670, 28, 67, 65, 1, 5, 'Tôi đánh giá rất cao món này vì nguyên liệu tươi ngon, chọn lọc kỹ. Không chỉ vậy, phần ăn đầy đặn, nhiều nhân. Rất đáng đồng tiền!', '2025-05-07 22:37:47', 1, 'reviews/review_OqeXfUWOQ2.jpg', 1, 0, 31, 0, 0, '2025-06-02 15:37:47', '2025-06-02 15:37:47'),
(671, 16, 68, 59, 3, 3, 'Điều làm tôi thích thú với món này là đóng gói cẩn thận, sạch sẽ. Không chỉ vậy, phần ăn đầy đặn, nhiều nhân. Sẽ tiếp tục ủng hộ dài dài!', '2025-05-24 22:37:47', 1, 'reviews/review_1bXdvAF2Co.jpg', 1, 0, 43, 0, 1, '2025-06-02 15:37:47', '2025-06-02 15:37:47'),
(672, 13, 68, 28, 3, 4, 'Tôi đã thử nhiều nơi nhưng vẫn thích ở đây nhất bởi hương vị tuyệt vời, đậm đà. Chắc chắn sẽ quay lại lần nữa!', '2025-05-15 22:37:47', 1, NULL, 1, 1, 32, 2, 0, '2025-06-02 15:37:47', '2025-06-02 15:37:47'),
(673, 5, 68, 7, 1, 4, 'Điều làm tôi thích thú với món này là hương vị tuyệt vời, đậm đà. Không chỉ vậy, hương vị tuyệt vời, đậm đà. Hy vọng lần sau bao bì đóng gói cần cải thiện thêm. Rất đáng đồng tiền!', '2025-05-31 22:37:47', 1, 'reviews/review_GzZznFabvM.jpg', 1, 1, 2, 4, 1, '2025-06-02 15:37:47', '2025-06-02 15:37:47'),
(674, 19, 68, 62, 3, 4, 'Điểm khiến tôi ấn tượng với món này là đồ ăn nóng hổi khi nhận được. Điểm cần cải thiện là vị có thể đa dạng hơn. Recommended cho mọi người!', '2025-05-25 22:37:47', 1, 'reviews/review_31TIlKibNx.jpg', 1, 1, 16, 3, 0, '2025-06-02 15:37:47', '2025-06-02 15:37:47'),
(675, 5, 68, 89, 1, 4, 'Sau nhiều lần order, tôi vẫn đánh giá cao vì đóng gói cẩn thận, sạch sẽ. Không chỉ vậy, giao hàng đúng giờ, shipper thân thiện. Recommended cho mọi người!', '2025-05-11 22:37:47', 1, NULL, 1, 1, 43, 4, 1, '2025-06-02 15:37:47', '2025-06-02 15:37:47'),
(676, 9, 68, 94, 2, 4, 'Đây là một trong những món tôi thích nhất ở đây vì giao hàng đúng giờ, shipper thân thiện. Sẽ tiếp tục ủng hộ dài dài!', '2025-05-17 22:37:47', 1, NULL, 1, 0, 11, 5, 0, '2025-06-02 15:37:47', '2025-06-02 15:37:47'),
(677, 8, 68, 39, 2, 3, 'Tôi thường xuyên đặt món này vì hương vị tuyệt vời, đậm đà. Sẽ tiếp tục ủng hộ dài dài!', '2025-05-15 22:37:47', 1, 'reviews/review_ndY7W9J1tq.jpg', 1, 0, 49, 5, 1, '2025-06-02 15:37:47', '2025-06-02 15:37:47'),
(678, 1, 68, 67, 1, 3, 'Đây là một trong những món tôi thích nhất ở đây vì chất lượng ổn định qua nhiều lần order. Rất đáng đồng tiền!', '2025-05-30 22:37:47', 1, 'reviews/review_BHbbLtueYt.jpg', 1, 1, 5, 4, 1, '2025-06-02 15:37:47', '2025-06-02 15:37:47'),
(679, 19, 68, 45, 3, 5, 'Điểm khiến tôi ấn tượng với món này là giá cả phải chăng cho chất lượng này. Rất đáng đồng tiền!', '2025-05-25 22:37:47', 1, 'reviews/review_XxEUKRHd0y.jpg', 1, 1, 28, 2, 0, '2025-06-02 15:37:47', '2025-06-02 15:37:47'),
(680, 8, 68, 57, 2, 4, 'Món ăn để lại ấn tượng tốt nhờ giao hàng đúng giờ, shipper thân thiện. Không chỉ vậy, chất lượng ổn định qua nhiều lần order. Recommended cho mọi người!', '2025-05-26 22:37:47', 1, NULL, 1, 0, 44, 5, 0, '2025-06-02 15:37:47', '2025-06-02 15:37:47'),
(681, 22, 69, 68, 1, 3, 'Điều làm tôi thích thú với món này là đồ ăn nóng hổi khi nhận được. Không chỉ vậy, chất lượng ổn định qua nhiều lần order. Chắc chắn sẽ quay lại lần nữa!', '2025-05-14 22:37:47', 1, 'reviews/review_8DOLt6HLWf.jpg', 1, 0, 41, 3, 0, '2025-06-02 15:37:47', '2025-06-02 15:37:47'),
(682, 27, 69, 73, 1, 3, 'Tôi thường xuyên đặt món này vì đóng gói cẩn thận, sạch sẽ. Không chỉ vậy, chất lượng ổn định qua nhiều lần order. Sẽ tiếp tục ủng hộ dài dài!', '2025-05-04 22:37:47', 1, 'reviews/review_siaLBaG5lr.jpg', 1, 0, 5, 5, 1, '2025-06-02 15:37:47', '2025-06-02 15:37:47'),
(683, 17, 69, 58, 1, 5, 'Đây là một trong những món tôi thích nhất ở đây vì đóng gói cẩn thận, sạch sẽ. Nhìn chung vẫn rất đáng để thử!', '2025-05-14 22:37:47', 1, 'reviews/review_WpFaYM4S8L.jpg', 1, 0, 12, 4, 1, '2025-06-02 15:37:47', '2025-06-02 15:37:47'),
(684, 3, 69, 44, 1, 5, 'Món ăn để lại ấn tượng tốt nhờ nguyên liệu tươi ngon, chọn lọc kỹ. Không chỉ vậy, chất lượng ổn định qua nhiều lần order. Chắc chắn sẽ quay lại lần nữa!', '2025-05-29 22:37:47', 1, 'reviews/review_TkL7LLH0Du.jpg', 1, 1, 22, 4, 0, '2025-06-02 15:37:47', '2025-06-02 15:37:47'),
(685, 3, 69, 30, 3, 3, 'Tôi đã thử nhiều nơi nhưng vẫn thích ở đây nhất bởi hương vị tuyệt vời, đậm đà. Không chỉ vậy, nguyên liệu tươi ngon, chọn lọc kỹ. Mong rằng bao bì đóng gói cần cải thiện thêm. Chắc chắn sẽ quay lại lần nữa!', '2025-06-01 22:37:47', 1, NULL, 1, 1, 33, 1, 0, '2025-06-02 15:37:47', '2025-06-02 15:37:47'),
(686, 28, 69, 4, 3, 3, 'Tôi thường xuyên đặt món này vì giao hàng đúng giờ, shipper thân thiện. Nhìn chung vẫn rất đáng để thử!', '2025-05-08 22:37:47', 1, NULL, 1, 1, 1, 1, 1, '2025-06-02 15:37:47', '2025-06-02 15:37:47'),
(687, 12, 69, 82, 2, 3, 'Tôi đã thử nhiều nơi nhưng vẫn thích ở đây nhất bởi giá cả phải chăng cho chất lượng này. Sẽ tiếp tục ủng hộ dài dài!', '2025-05-19 22:37:47', 1, NULL, 1, 0, 37, 0, 1, '2025-06-02 15:37:47', '2025-06-02 15:37:47'),
(688, 24, 69, 85, 2, 3, 'Đây là một trong những món tôi thích nhất ở đây vì chất lượng ổn định qua nhiều lần order. Tuy nhiên, vị có thể đa dạng hơn. Recommended cho mọi người!', '2025-05-23 22:37:47', 1, NULL, 1, 1, 30, 3, 1, '2025-06-02 15:37:47', '2025-06-02 15:37:47'),
(689, 12, 69, 5, 1, 4, 'Tôi thường xuyên đặt món này vì đồ ăn nóng hổi khi nhận được. Không chỉ vậy, nhân viên nhiệt tình, chu đáo. Góp ý nhỏ là vị có thể đa dạng hơn. Chắc chắn sẽ quay lại lần nữa!', '2025-05-21 22:37:47', 1, NULL, 1, 0, 26, 4, 0, '2025-06-02 15:37:47', '2025-06-02 15:37:47'),
(690, 11, 69, 65, 1, 5, 'Tôi thường xuyên đặt món này vì giao hàng đúng giờ, shipper thân thiện. Chắc chắn sẽ quay lại lần nữa!', '2025-05-31 22:37:47', 1, NULL, 1, 1, 28, 4, 0, '2025-06-02 15:37:47', '2025-06-02 15:37:47'),
(691, 10, 70, 67, 2, 5, 'Tôi thường xuyên đặt món này vì đóng gói cẩn thận, sạch sẽ. Không chỉ vậy, hương vị tuyệt vời, đậm đà. Điểm cần cải thiện là thời gian chờ hơi lâu vào giờ cao điểm. Recommended cho mọi người!', '2025-05-20 22:37:47', 1, 'reviews/review_Oq9r0vDYLN.jpg', 1, 1, 15, 3, 1, '2025-06-02 15:37:47', '2025-06-02 15:37:47'),
(692, 14, 70, 36, 3, 5, 'Tôi thường xuyên đặt món này vì giá cả phải chăng cho chất lượng này. Mong rằng đồ ăn hơi nguội khi giao đến. Recommended cho mọi người!', '2025-05-22 22:37:47', 1, 'reviews/review_l6QuOgnnUF.jpg', 1, 1, 42, 0, 1, '2025-06-02 15:37:47', '2025-06-02 15:37:47'),
(693, 3, 70, 100, 2, 4, 'Tôi rất hài lòng với chất lượng món này vì chất lượng ổn định qua nhiều lần order. Mong rằng thời gian chờ hơi lâu vào giờ cao điểm. Sẽ tiếp tục ủng hộ dài dài!', '2025-05-21 22:37:47', 1, 'reviews/review_L7ZSikpMhE.jpg', 1, 0, 9, 2, 0, '2025-06-02 15:37:47', '2025-06-02 15:37:47'),
(694, 27, 70, 26, 2, 5, 'Món ăn để lại ấn tượng tốt nhờ nguyên liệu tươi ngon, chọn lọc kỹ. Rất đáng đồng tiền!', '2025-05-11 22:37:47', 1, NULL, 1, 0, 39, 5, 1, '2025-06-02 15:37:47', '2025-06-02 15:37:47'),
(695, 10, 70, 14, 3, 4, 'Đây là một trong những món tôi thích nhất ở đây vì phần ăn đầy đặn, nhiều nhân. Recommended cho mọi người!', '2025-05-21 22:37:47', 1, NULL, 1, 1, 23, 3, 0, '2025-06-02 15:37:47', '2025-06-02 15:37:47'),
(696, 21, 70, 73, 1, 5, 'Tôi đã thử nhiều nơi nhưng vẫn thích ở đây nhất bởi nguyên liệu tươi ngon, chọn lọc kỹ. Nhìn chung vẫn rất đáng để thử!', '2025-05-05 22:37:47', 1, 'reviews/review_1GmdacY6YF.jpg', 1, 1, 18, 2, 0, '2025-06-02 15:37:47', '2025-06-02 15:37:47'),
(697, 2, 70, 61, 3, 5, 'Điểm khiến tôi ấn tượng với món này là nhân viên nhiệt tình, chu đáo. Không chỉ vậy, phần ăn đầy đặn, nhiều nhân. Điểm cần cải thiện là đồ ăn hơi nguội khi giao đến. Recommended cho mọi người!', '2025-05-03 22:37:47', 1, NULL, 1, 0, 6, 3, 0, '2025-06-02 15:37:47', '2025-06-02 15:37:47'),
(698, 21, 70, 46, 2, 3, 'Tôi thường xuyên đặt món này vì chất lượng ổn định qua nhiều lần order. Điểm cần cải thiện là đồ ăn hơi nguội khi giao đến. Chắc chắn sẽ quay lại lần nữa!', '2025-05-07 22:37:47', 1, 'reviews/review_HnNa0In3vb.jpg', 1, 0, 35, 4, 1, '2025-06-02 15:37:47', '2025-06-02 15:37:47'),
(699, 18, 70, 68, 1, 3, 'Tôi thường xuyên đặt món này vì đồ ăn nóng hổi khi nhận được. Không chỉ vậy, hương vị tuyệt vời, đậm đà. Sẽ tiếp tục ủng hộ dài dài!', '2025-06-01 22:37:47', 1, 'reviews/review_qNGBLCm9XS.jpg', 1, 0, 6, 0, 0, '2025-06-02 15:37:47', '2025-06-02 15:37:47'),
(700, 15, 70, 28, 1, 5, 'Điều làm tôi thích thú với món này là nhân viên nhiệt tình, chu đáo. Tuy nhiên, vị có thể đậm đà hơn một chút. Chắc chắn sẽ quay lại lần nữa!', '2025-06-01 22:37:47', 1, NULL, 1, 0, 14, 4, 0, '2025-06-02 15:37:47', '2025-06-02 15:37:47'),
(701, 9, 71, 71, 3, 4, 'Tôi đã thử nhiều nơi nhưng vẫn thích ở đây nhất bởi giá cả phải chăng cho chất lượng này. Góp ý nhỏ là nước chấm hơi ít so với khẩu phần. Sẽ tiếp tục ủng hộ dài dài!', '2025-05-10 22:37:47', 1, NULL, 1, 1, 13, 4, 0, '2025-06-02 15:37:47', '2025-06-02 15:37:47'),
(702, 20, 71, 91, 2, 4, 'Món này luôn là lựa chọn hàng đầu của tôi bởi đồ ăn nóng hổi khi nhận được. Sẽ tiếp tục ủng hộ dài dài!', '2025-05-23 22:37:47', 1, NULL, 1, 1, 37, 5, 1, '2025-06-02 15:37:47', '2025-06-02 15:37:47'),
(703, 18, 71, 48, 1, 5, 'Tôi đã thử nhiều nơi nhưng vẫn thích ở đây nhất bởi nhân viên nhiệt tình, chu đáo. Hy vọng lần sau rau củ garnish có thể tươi hơn. Rất đáng đồng tiền!', '2025-05-20 22:37:47', 1, NULL, 1, 1, 15, 2, 0, '2025-06-02 15:37:47', '2025-06-02 15:37:47'),
(704, 7, 71, 80, 1, 3, 'Sau nhiều lần order, tôi vẫn đánh giá cao vì đóng gói cẩn thận, sạch sẽ. Sẽ tiếp tục ủng hộ dài dài!', '2025-05-26 22:37:47', 1, NULL, 1, 0, 49, 3, 0, '2025-06-02 15:37:47', '2025-06-02 15:37:47'),
(705, 5, 71, 34, 1, 3, 'Tôi đánh giá rất cao món này vì phần ăn đầy đặn, nhiều nhân. Nhìn chung vẫn rất đáng để thử!', '2025-05-05 22:37:47', 1, 'reviews/review_UUG82upk4j.jpg', 1, 1, 35, 2, 1, '2025-06-02 15:37:47', '2025-06-02 15:37:47'),
(706, 21, 71, 63, 1, 5, 'Sau nhiều lần order, tôi vẫn đánh giá cao vì nguyên liệu tươi ngon, chọn lọc kỹ. Điểm cần cải thiện là giá hơi cao so với portion size. Nhìn chung vẫn rất đáng để thử!', '2025-05-22 22:37:47', 1, 'reviews/review_QHkeSsRttN.jpg', 1, 0, 37, 5, 0, '2025-06-02 15:37:47', '2025-06-02 15:37:47'),
(707, 21, 71, 39, 3, 4, 'Tôi rất hài lòng với chất lượng món này vì nguyên liệu tươi ngon, chọn lọc kỹ. Không chỉ vậy, giao hàng đúng giờ, shipper thân thiện. Mong rằng nên có thêm option về độ cay. Sẽ tiếp tục ủng hộ dài dài!', '2025-05-07 22:37:47', 1, 'reviews/review_Ql85DMgG8c.jpg', 1, 1, 45, 1, 1, '2025-06-02 15:37:47', '2025-06-02 15:37:47'),
(708, 21, 71, 6, 2, 5, 'Món này luôn là lựa chọn hàng đầu của tôi bởi phần ăn đầy đặn, nhiều nhân. Không chỉ vậy, đóng gói cẩn thận, sạch sẽ. Nhìn chung vẫn rất đáng để thử!', '2025-05-26 22:37:47', 1, NULL, 1, 0, 32, 3, 1, '2025-06-02 15:37:47', '2025-06-02 15:37:47'),
(709, 21, 71, 4, 1, 3, 'Tôi rất hài lòng với chất lượng món này vì phục vụ chuyên nghiệp, nhanh chóng. Không chỉ vậy, phục vụ chuyên nghiệp, nhanh chóng. Nhìn chung vẫn rất đáng để thử!', '2025-05-29 22:37:47', 1, NULL, 1, 1, 19, 2, 1, '2025-06-02 15:37:47', '2025-06-02 15:37:47'),
(710, 5, 71, 95, 2, 5, 'Đây là một trong những món tôi thích nhất ở đây vì đóng gói cẩn thận, sạch sẽ. Recommended cho mọi người!', '2025-05-13 22:37:47', 1, NULL, 1, 0, 35, 1, 1, '2025-06-02 15:37:47', '2025-06-02 15:37:47'),
(711, 2, 72, 100, 3, 5, 'Tôi rất hài lòng với chất lượng món này vì đóng gói cẩn thận, sạch sẽ. Không chỉ vậy, nhân viên nhiệt tình, chu đáo. Rất đáng đồng tiền!', '2025-05-11 22:37:47', 1, NULL, 1, 0, 4, 2, 0, '2025-06-02 15:37:47', '2025-06-02 15:37:47'),
(712, 26, 72, 80, 3, 4, 'Điểm khiến tôi ấn tượng với món này là giá cả phải chăng cho chất lượng này. Không chỉ vậy, phục vụ chuyên nghiệp, nhanh chóng. Nhìn chung vẫn rất đáng để thử!', '2025-05-16 22:37:47', 1, 'reviews/review_gybfEZkSVR.jpg', 1, 0, 50, 2, 1, '2025-06-02 15:37:47', '2025-06-02 15:37:47'),
(713, 20, 72, 44, 3, 4, 'Tôi đã thử nhiều nơi nhưng vẫn thích ở đây nhất bởi hương vị tuyệt vời, đậm đà. Không chỉ vậy, phục vụ chuyên nghiệp, nhanh chóng. Tuy nhiên, giá hơi cao so với portion size. Nhìn chung vẫn rất đáng để thử!', '2025-05-27 22:37:47', 1, NULL, 1, 0, 48, 0, 1, '2025-06-02 15:37:47', '2025-06-02 15:37:47'),
(714, 17, 72, 85, 3, 4, 'Tôi đánh giá rất cao món này vì đồ ăn nóng hổi khi nhận được. Nhìn chung vẫn rất đáng để thử!', '2025-05-20 22:37:47', 1, NULL, 1, 0, 17, 5, 1, '2025-06-02 15:37:47', '2025-06-02 15:37:47'),
(715, 20, 72, 37, 3, 5, 'Sau nhiều lần order, tôi vẫn đánh giá cao vì nhân viên nhiệt tình, chu đáo. Recommended cho mọi người!', '2025-05-16 22:37:47', 1, 'reviews/review_cUahOyQIT9.jpg', 1, 0, 5, 4, 1, '2025-06-02 15:37:47', '2025-06-02 15:37:47'),
(716, 17, 72, 30, 3, 3, 'Món ăn để lại ấn tượng tốt nhờ chất lượng ổn định qua nhiều lần order. Chắc chắn sẽ quay lại lần nữa!', '2025-05-03 22:37:47', 1, NULL, 1, 0, 11, 0, 1, '2025-06-02 15:37:47', '2025-06-02 15:37:47'),
(717, 9, 72, 20, 1, 3, 'Điều làm tôi thích thú với món này là chất lượng ổn định qua nhiều lần order. Nhìn chung vẫn rất đáng để thử!', '2025-05-07 22:37:47', 1, NULL, 1, 1, 31, 4, 1, '2025-06-02 15:37:47', '2025-06-02 15:37:47'),
(718, 8, 72, 23, 1, 5, 'Món này luôn là lựa chọn hàng đầu của tôi bởi giao hàng đúng giờ, shipper thân thiện. Không chỉ vậy, đóng gói cẩn thận, sạch sẽ. Góp ý nhỏ là nên có thêm option về độ cay. Recommended cho mọi người!', '2025-05-24 22:37:47', 1, NULL, 1, 1, 17, 4, 0, '2025-06-02 15:37:47', '2025-06-02 15:37:47'),
(719, 10, 72, 38, 1, 5, 'Đây là một trong những món tôi thích nhất ở đây vì nguyên liệu tươi ngon, chọn lọc kỹ. Tuy nhiên, đồ ăn hơi nguội khi giao đến. Chắc chắn sẽ quay lại lần nữa!', '2025-05-31 22:37:47', 1, NULL, 1, 1, 29, 0, 1, '2025-06-02 15:37:47', '2025-06-02 15:37:47'),
(720, 10, 72, 61, 1, 4, 'Tôi thường xuyên đặt món này vì đóng gói cẩn thận, sạch sẽ. Không chỉ vậy, nguyên liệu tươi ngon, chọn lọc kỹ. Góp ý nhỏ là bao bì đóng gói cần cải thiện thêm. Nhìn chung vẫn rất đáng để thử!', '2025-05-18 22:37:47', 1, NULL, 1, 0, 5, 2, 0, '2025-06-02 15:37:47', '2025-06-02 15:37:47'),
(721, 8, 73, 55, 2, 4, 'Đây là một trong những món tôi thích nhất ở đây vì nguyên liệu tươi ngon, chọn lọc kỹ. Recommended cho mọi người!', '2025-05-30 22:37:47', 1, 'reviews/review_nZJYVpz3sE.jpg', 1, 0, 26, 4, 1, '2025-06-02 15:37:47', '2025-06-02 15:37:47'),
(722, 28, 73, 40, 2, 4, 'Điểm khiến tôi ấn tượng với món này là chất lượng ổn định qua nhiều lần order. Không chỉ vậy, giao hàng đúng giờ, shipper thân thiện. Mong rằng bao bì đóng gói cần cải thiện thêm. Chắc chắn sẽ quay lại lần nữa!', '2025-05-30 22:37:47', 1, NULL, 1, 1, 4, 0, 0, '2025-06-02 15:37:47', '2025-06-02 15:37:47'),
(723, 28, 73, 32, 3, 3, 'Tôi thường xuyên đặt món này vì hương vị tuyệt vời, đậm đà. Không chỉ vậy, giá cả phải chăng cho chất lượng này. Điểm cần cải thiện là vị có thể đa dạng hơn. Sẽ tiếp tục ủng hộ dài dài!', '2025-06-01 22:37:47', 1, NULL, 1, 1, 26, 1, 0, '2025-06-02 15:37:47', '2025-06-02 15:37:47'),
(724, 10, 73, 98, 3, 3, 'Tôi đã thử nhiều nơi nhưng vẫn thích ở đây nhất bởi phục vụ chuyên nghiệp, nhanh chóng. Sẽ tiếp tục ủng hộ dài dài!', '2025-05-26 22:37:47', 1, 'reviews/review_vlZY4l9jYn.jpg', 1, 1, 17, 1, 0, '2025-06-02 15:37:47', '2025-06-02 15:37:47'),
(725, 13, 73, 50, 2, 3, 'Đây là một trong những món tôi thích nhất ở đây vì phục vụ chuyên nghiệp, nhanh chóng. Sẽ tiếp tục ủng hộ dài dài!', '2025-05-11 22:37:47', 1, NULL, 1, 1, 6, 4, 1, '2025-06-02 15:37:47', '2025-06-02 15:37:47'),
(726, 22, 73, 81, 1, 4, 'Tôi đánh giá rất cao món này vì phục vụ chuyên nghiệp, nhanh chóng. Không chỉ vậy, nguyên liệu tươi ngon, chọn lọc kỹ. Recommended cho mọi người!', '2025-05-09 22:37:47', 1, 'reviews/review_pKGr24KUIk.jpg', 1, 1, 16, 2, 1, '2025-06-02 15:37:47', '2025-06-02 15:37:47'),
(727, 10, 73, 59, 1, 4, 'Món ăn để lại ấn tượng tốt nhờ chất lượng ổn định qua nhiều lần order. Sẽ tiếp tục ủng hộ dài dài!', '2025-05-09 22:37:47', 1, 'reviews/review_KEwChrh3Oe.jpg', 1, 0, 32, 1, 0, '2025-06-02 15:37:47', '2025-06-02 15:37:47'),
(728, 24, 73, 5, 1, 3, 'Điểm khiến tôi ấn tượng với món này là đồ ăn nóng hổi khi nhận được. Không chỉ vậy, nguyên liệu tươi ngon, chọn lọc kỹ. Recommended cho mọi người!', '2025-05-12 22:37:47', 1, 'reviews/review_F3kFfm8hb4.jpg', 1, 0, 32, 2, 0, '2025-06-02 15:37:47', '2025-06-02 15:37:47'),
(729, 27, 73, 39, 1, 4, 'Tôi đánh giá rất cao món này vì giao hàng đúng giờ, shipper thân thiện. Không chỉ vậy, giao hàng đúng giờ, shipper thân thiện. Điểm cần cải thiện là nước chấm hơi ít so với khẩu phần. Nhìn chung vẫn rất đáng để thử!', '2025-05-30 22:37:47', 1, 'reviews/review_dnDMzN5Qjk.jpg', 1, 0, 25, 1, 1, '2025-06-02 15:37:47', '2025-06-02 15:37:47'),
(730, 20, 73, 39, 3, 3, 'Tôi thường xuyên đặt món này vì chất lượng ổn định qua nhiều lần order. Nhìn chung vẫn rất đáng để thử!', '2025-05-30 22:37:47', 1, NULL, 1, 1, 44, 5, 0, '2025-06-02 15:37:47', '2025-06-02 15:37:47'),
(731, 26, 74, 60, 3, 3, 'Tôi đã thử nhiều nơi nhưng vẫn thích ở đây nhất bởi đồ ăn nóng hổi khi nhận được. Nhìn chung vẫn rất đáng để thử!', '2025-05-20 22:37:47', 1, NULL, 1, 1, 11, 3, 1, '2025-06-02 15:37:47', '2025-06-02 15:37:47'),
(732, 12, 74, 2, 3, 4, 'Tôi đánh giá rất cao món này vì đóng gói cẩn thận, sạch sẽ. Không chỉ vậy, hương vị tuyệt vời, đậm đà. Sẽ tiếp tục ủng hộ dài dài!', '2025-05-31 22:37:47', 1, NULL, 1, 1, 48, 1, 0, '2025-06-02 15:37:47', '2025-06-02 15:37:47'),
(733, 5, 74, 93, 2, 4, 'Món này luôn là lựa chọn hàng đầu của tôi bởi giá cả phải chăng cho chất lượng này. Không chỉ vậy, nguyên liệu tươi ngon, chọn lọc kỹ. Recommended cho mọi người!', '2025-05-09 22:37:47', 1, 'reviews/review_uTQDN4f9P3.jpg', 1, 0, 3, 4, 0, '2025-06-02 15:37:47', '2025-06-02 15:37:47'),
(734, 6, 74, 41, 2, 5, 'Tôi đã thử nhiều nơi nhưng vẫn thích ở đây nhất bởi hương vị tuyệt vời, đậm đà. Nhìn chung vẫn rất đáng để thử!', '2025-05-19 22:37:47', 1, 'reviews/review_AEcD8p4UXa.jpg', 1, 1, 48, 3, 0, '2025-06-02 15:37:47', '2025-06-02 15:37:47'),
(735, 17, 74, 48, 2, 3, 'Tôi rất hài lòng với chất lượng món này vì đóng gói cẩn thận, sạch sẽ. Không chỉ vậy, đồ ăn nóng hổi khi nhận được. Nhìn chung vẫn rất đáng để thử!', '2025-05-24 22:37:47', 1, 'reviews/review_6oSheFfX4m.jpg', 1, 1, 37, 3, 1, '2025-06-02 15:37:47', '2025-06-02 15:37:47'),
(736, 2, 74, 71, 1, 5, 'Điều làm tôi thích thú với món này là giá cả phải chăng cho chất lượng này. Không chỉ vậy, đóng gói cẩn thận, sạch sẽ. Recommended cho mọi người!', '2025-05-26 22:37:47', 1, NULL, 1, 0, 1, 0, 0, '2025-06-02 15:37:47', '2025-06-02 15:37:47');
INSERT INTO `product_reviews` (`id`, `user_id`, `product_id`, `order_id`, `branch_id`, `rating`, `review`, `review_date`, `approved`, `review_image`, `is_verified_purchase`, `is_anonymous`, `helpful_count`, `report_count`, `is_featured`, `created_at`, `updated_at`) VALUES
(737, 20, 74, 92, 2, 3, 'Tôi đã thử nhiều nơi nhưng vẫn thích ở đây nhất bởi hương vị tuyệt vời, đậm đà. Không chỉ vậy, giao hàng đúng giờ, shipper thân thiện. Nhìn chung vẫn rất đáng để thử!', '2025-05-14 22:37:47', 1, 'reviews/review_MVve7Av13E.jpg', 1, 0, 5, 2, 0, '2025-06-02 15:37:47', '2025-06-02 15:37:47'),
(738, 19, 74, 78, 1, 4, 'Tôi đánh giá rất cao món này vì giao hàng đúng giờ, shipper thân thiện. Recommended cho mọi người!', '2025-05-12 22:37:47', 1, 'reviews/review_cD7EkBzGgI.jpg', 1, 0, 48, 4, 0, '2025-06-02 15:37:47', '2025-06-02 15:37:47'),
(739, 28, 74, 62, 2, 4, 'Tôi thường xuyên đặt món này vì giá cả phải chăng cho chất lượng này. Mong rằng thời gian chờ hơi lâu vào giờ cao điểm. Recommended cho mọi người!', '2025-05-10 22:37:47', 1, NULL, 1, 1, 0, 2, 0, '2025-06-02 15:37:47', '2025-06-02 15:37:47'),
(740, 8, 74, 64, 2, 5, 'Đây là một trong những món tôi thích nhất ở đây vì đóng gói cẩn thận, sạch sẽ. Sẽ tiếp tục ủng hộ dài dài!', '2025-05-23 22:37:47', 1, 'reviews/review_70pabkmHB7.jpg', 1, 1, 3, 5, 1, '2025-06-02 15:37:47', '2025-06-02 15:37:47'),
(741, 4, 75, 9, 3, 4, 'Tôi đã thử nhiều nơi nhưng vẫn thích ở đây nhất bởi phục vụ chuyên nghiệp, nhanh chóng. Không chỉ vậy, phục vụ chuyên nghiệp, nhanh chóng. Nhìn chung vẫn rất đáng để thử!', '2025-05-18 22:37:47', 1, NULL, 1, 0, 1, 0, 0, '2025-06-02 15:37:47', '2025-06-02 15:37:47'),
(742, 12, 75, 88, 1, 5, 'Sau nhiều lần order, tôi vẫn đánh giá cao vì phần ăn đầy đặn, nhiều nhân. Sẽ tiếp tục ủng hộ dài dài!', '2025-06-01 22:37:47', 1, NULL, 1, 1, 11, 0, 1, '2025-06-02 15:37:47', '2025-06-02 15:37:47'),
(743, 26, 75, 48, 2, 3, 'Món này luôn là lựa chọn hàng đầu của tôi bởi giao hàng đúng giờ, shipper thân thiện. Không chỉ vậy, nhân viên nhiệt tình, chu đáo. Sẽ tiếp tục ủng hộ dài dài!', '2025-05-25 22:37:47', 1, NULL, 1, 0, 15, 1, 0, '2025-06-02 15:37:47', '2025-06-02 15:37:47'),
(744, 1, 75, 48, 1, 3, 'Tôi thường xuyên đặt món này vì chất lượng ổn định qua nhiều lần order. Không chỉ vậy, chất lượng ổn định qua nhiều lần order. Hy vọng lần sau thời gian chờ hơi lâu vào giờ cao điểm. Rất đáng đồng tiền!', '2025-05-29 22:37:47', 1, NULL, 1, 0, 37, 4, 0, '2025-06-02 15:37:47', '2025-06-02 15:37:47'),
(745, 10, 75, 28, 3, 4, 'Điều làm tôi thích thú với món này là nhân viên nhiệt tình, chu đáo. Không chỉ vậy, đóng gói cẩn thận, sạch sẽ. Nhìn chung vẫn rất đáng để thử!', '2025-05-21 22:37:47', 1, 'reviews/review_G3J7hUMHBk.jpg', 1, 1, 6, 3, 0, '2025-06-02 15:37:47', '2025-06-02 15:37:47'),
(746, 14, 75, 65, 3, 5, 'Tôi thường xuyên đặt món này vì nhân viên nhiệt tình, chu đáo. Không chỉ vậy, nguyên liệu tươi ngon, chọn lọc kỹ. Tuy nhiên, giá hơi cao so với portion size. Recommended cho mọi người!', '2025-05-24 22:37:47', 1, 'reviews/review_iqifxjUwWa.jpg', 1, 0, 7, 4, 0, '2025-06-02 15:37:47', '2025-06-02 15:37:47'),
(747, 16, 75, 31, 3, 5, 'Sau nhiều lần order, tôi vẫn đánh giá cao vì nhân viên nhiệt tình, chu đáo. Nhìn chung vẫn rất đáng để thử!', '2025-05-16 22:37:47', 1, 'reviews/review_S7KenjSxCS.jpg', 1, 0, 6, 4, 1, '2025-06-02 15:37:47', '2025-06-02 15:37:47'),
(748, 8, 75, 48, 3, 3, 'Đây là một trong những món tôi thích nhất ở đây vì phục vụ chuyên nghiệp, nhanh chóng. Recommended cho mọi người!', '2025-05-19 22:37:47', 1, NULL, 1, 0, 47, 2, 1, '2025-06-02 15:37:47', '2025-06-02 15:37:47'),
(749, 27, 75, 57, 3, 5, 'Tôi thường xuyên đặt món này vì nguyên liệu tươi ngon, chọn lọc kỹ. Recommended cho mọi người!', '2025-05-16 22:37:47', 1, 'reviews/review_obwvIX2vn9.jpg', 1, 0, 39, 0, 0, '2025-06-02 15:37:47', '2025-06-02 15:37:47'),
(750, 10, 75, 40, 3, 4, 'Món ăn để lại ấn tượng tốt nhờ giá cả phải chăng cho chất lượng này. Không chỉ vậy, phục vụ chuyên nghiệp, nhanh chóng. Recommended cho mọi người!', '2025-05-29 22:37:47', 1, 'reviews/review_CRkgP2QFnk.jpg', 1, 1, 44, 4, 0, '2025-06-02 15:37:47', '2025-06-02 15:37:47'),
(751, 15, 76, 56, 2, 3, 'Điểm khiến tôi ấn tượng với món này là phần ăn đầy đặn, nhiều nhân. Góp ý nhỏ là đồ ăn hơi nguội khi giao đến. Recommended cho mọi người!', '2025-05-24 22:37:47', 1, NULL, 1, 0, 33, 2, 1, '2025-06-02 15:37:47', '2025-06-02 15:37:47'),
(752, 18, 76, 64, 3, 4, 'Tôi thường xuyên đặt món này vì nguyên liệu tươi ngon, chọn lọc kỹ. Không chỉ vậy, nguyên liệu tươi ngon, chọn lọc kỹ. Sẽ tiếp tục ủng hộ dài dài!', '2025-05-22 22:37:47', 1, NULL, 1, 0, 1, 1, 1, '2025-06-02 15:37:47', '2025-06-02 15:37:47'),
(753, 10, 76, 75, 3, 3, 'Điểm khiến tôi ấn tượng với món này là nhân viên nhiệt tình, chu đáo. Không chỉ vậy, đóng gói cẩn thận, sạch sẽ. Recommended cho mọi người!', '2025-05-11 22:37:47', 1, NULL, 1, 0, 39, 0, 1, '2025-06-02 15:37:47', '2025-06-02 15:37:47'),
(754, 13, 76, 42, 2, 5, 'Tôi thường xuyên đặt món này vì chất lượng ổn định qua nhiều lần order. Không chỉ vậy, đóng gói cẩn thận, sạch sẽ. Recommended cho mọi người!', '2025-05-08 22:37:47', 1, NULL, 1, 0, 17, 5, 1, '2025-06-02 15:37:47', '2025-06-02 15:37:47'),
(755, 12, 76, 44, 3, 4, 'Sau nhiều lần order, tôi vẫn đánh giá cao vì đóng gói cẩn thận, sạch sẽ. Tuy nhiên, thời gian chờ hơi lâu vào giờ cao điểm. Rất đáng đồng tiền!', '2025-05-14 22:37:47', 1, 'reviews/review_9bHbpsge0O.jpg', 1, 0, 18, 1, 1, '2025-06-02 15:37:47', '2025-06-02 15:37:47'),
(756, 5, 76, 89, 3, 3, 'Sau nhiều lần order, tôi vẫn đánh giá cao vì đồ ăn nóng hổi khi nhận được. Chắc chắn sẽ quay lại lần nữa!', '2025-05-25 22:37:47', 1, NULL, 1, 0, 14, 5, 0, '2025-06-02 15:37:47', '2025-06-02 15:37:47'),
(757, 6, 76, 8, 2, 5, 'Món ăn để lại ấn tượng tốt nhờ hương vị tuyệt vời, đậm đà. Tuy nhiên, bao bì đóng gói cần cải thiện thêm. Nhìn chung vẫn rất đáng để thử!', '2025-05-09 22:37:47', 1, NULL, 1, 1, 10, 2, 0, '2025-06-02 15:37:47', '2025-06-02 15:37:47'),
(758, 14, 76, 6, 3, 4, 'Tôi rất hài lòng với chất lượng món này vì phục vụ chuyên nghiệp, nhanh chóng. Không chỉ vậy, đóng gói cẩn thận, sạch sẽ. Recommended cho mọi người!', '2025-05-12 22:37:47', 1, 'reviews/review_3km222q7xx.jpg', 1, 0, 33, 2, 0, '2025-06-02 15:37:47', '2025-06-02 15:37:47'),
(759, 15, 76, 46, 2, 3, 'Món này luôn là lựa chọn hàng đầu của tôi bởi đóng gói cẩn thận, sạch sẽ. Sẽ tiếp tục ủng hộ dài dài!', '2025-05-26 22:37:47', 1, NULL, 1, 0, 24, 0, 0, '2025-06-02 15:37:47', '2025-06-02 15:37:47'),
(760, 15, 76, 5, 2, 4, 'Tôi thường xuyên đặt món này vì giá cả phải chăng cho chất lượng này. Không chỉ vậy, phục vụ chuyên nghiệp, nhanh chóng. Nhìn chung vẫn rất đáng để thử!', '2025-05-12 22:37:47', 1, 'reviews/review_QE9LPhYzEj.jpg', 1, 0, 4, 4, 1, '2025-06-02 15:37:47', '2025-06-02 15:37:47'),
(761, 20, 77, 83, 1, 3, 'Điểm khiến tôi ấn tượng với món này là chất lượng ổn định qua nhiều lần order. Điểm cần cải thiện là nên có thêm option về độ cay. Rất đáng đồng tiền!', '2025-05-30 22:37:47', 1, 'reviews/review_elhikZnfdj.jpg', 1, 0, 12, 2, 0, '2025-06-02 15:37:47', '2025-06-02 15:37:47'),
(762, 20, 77, 28, 1, 5, 'Tôi đánh giá rất cao món này vì giá cả phải chăng cho chất lượng này. Rất đáng đồng tiền!', '2025-05-14 22:37:47', 1, 'reviews/review_J2IWGzavVL.jpg', 1, 0, 21, 5, 0, '2025-06-02 15:37:47', '2025-06-02 15:37:47'),
(763, 23, 77, 26, 3, 5, 'Tôi thường xuyên đặt món này vì giao hàng đúng giờ, shipper thân thiện. Không chỉ vậy, nhân viên nhiệt tình, chu đáo. Chắc chắn sẽ quay lại lần nữa!', '2025-05-17 22:37:47', 1, NULL, 1, 1, 45, 2, 0, '2025-06-02 15:37:47', '2025-06-02 15:37:47'),
(764, 26, 77, 7, 2, 3, 'Đây là một trong những món tôi thích nhất ở đây vì giá cả phải chăng cho chất lượng này. Rất đáng đồng tiền!', '2025-05-20 22:37:47', 1, NULL, 1, 1, 38, 0, 0, '2025-06-02 15:37:47', '2025-06-02 15:37:47'),
(765, 11, 77, 87, 3, 5, 'Tôi thường xuyên đặt món này vì giá cả phải chăng cho chất lượng này. Tuy nhiên, giá hơi cao so với portion size. Chắc chắn sẽ quay lại lần nữa!', '2025-05-17 22:37:47', 1, 'reviews/review_TfFHek1ZwM.jpg', 1, 0, 40, 4, 1, '2025-06-02 15:37:47', '2025-06-02 15:37:47'),
(766, 25, 77, 92, 2, 4, 'Món này luôn là lựa chọn hàng đầu của tôi bởi nguyên liệu tươi ngon, chọn lọc kỹ. Rất đáng đồng tiền!', '2025-05-16 22:37:47', 1, 'reviews/review_R7wYmLIUdo.jpg', 1, 0, 29, 1, 1, '2025-06-02 15:37:47', '2025-06-02 15:37:47'),
(767, 19, 77, 74, 2, 4, 'Sau nhiều lần order, tôi vẫn đánh giá cao vì đóng gói cẩn thận, sạch sẽ. Sẽ tiếp tục ủng hộ dài dài!', '2025-05-28 22:37:47', 1, NULL, 1, 0, 19, 2, 1, '2025-06-02 15:37:47', '2025-06-02 15:37:47'),
(768, 16, 77, 73, 2, 5, 'Tôi đánh giá rất cao món này vì giao hàng đúng giờ, shipper thân thiện. Không chỉ vậy, phần ăn đầy đặn, nhiều nhân. Sẽ tiếp tục ủng hộ dài dài!', '2025-05-26 22:37:47', 1, NULL, 1, 0, 22, 2, 1, '2025-06-02 15:37:47', '2025-06-02 15:37:47'),
(769, 14, 77, 37, 3, 5, 'Tôi thường xuyên đặt món này vì nhân viên nhiệt tình, chu đáo. Không chỉ vậy, hương vị tuyệt vời, đậm đà. Điểm cần cải thiện là phần ăn có thể nhiều hơn một chút. Sẽ tiếp tục ủng hộ dài dài!', '2025-05-15 22:37:47', 1, 'reviews/review_nsJduDBfGn.jpg', 1, 0, 39, 0, 0, '2025-06-02 15:37:47', '2025-06-02 15:37:47'),
(770, 16, 77, 76, 2, 3, 'Điểm khiến tôi ấn tượng với món này là giá cả phải chăng cho chất lượng này. Không chỉ vậy, đồ ăn nóng hổi khi nhận được. Recommended cho mọi người!', '2025-05-09 22:37:47', 1, 'reviews/review_GpEsEiJRtf.jpg', 1, 1, 32, 1, 0, '2025-06-02 15:37:47', '2025-06-02 15:37:47'),
(771, 24, 78, 4, 1, 5, 'Sau nhiều lần order, tôi vẫn đánh giá cao vì đóng gói cẩn thận, sạch sẽ. Recommended cho mọi người!', '2025-05-05 22:37:47', 1, 'reviews/review_8h2gab8fU8.jpg', 1, 1, 22, 4, 0, '2025-06-02 15:37:47', '2025-06-02 15:37:47'),
(772, 26, 78, 70, 3, 4, 'Món ăn để lại ấn tượng tốt nhờ đóng gói cẩn thận, sạch sẽ. Không chỉ vậy, phục vụ chuyên nghiệp, nhanh chóng. Rất đáng đồng tiền!', '2025-05-15 22:37:47', 1, 'reviews/review_BQydt3b7l8.jpg', 1, 1, 31, 2, 1, '2025-06-02 15:37:47', '2025-06-02 15:37:47'),
(773, 28, 78, 32, 1, 3, 'Tôi rất hài lòng với chất lượng món này vì nguyên liệu tươi ngon, chọn lọc kỹ. Mong rằng vị có thể đậm đà hơn một chút. Nhìn chung vẫn rất đáng để thử!', '2025-05-16 22:37:47', 1, NULL, 1, 1, 29, 0, 1, '2025-06-02 15:37:47', '2025-06-02 15:37:47'),
(774, 1, 78, 66, 2, 3, 'Tôi đánh giá rất cao món này vì phần ăn đầy đặn, nhiều nhân. Không chỉ vậy, giá cả phải chăng cho chất lượng này. Rất đáng đồng tiền!', '2025-05-03 22:37:47', 1, NULL, 1, 0, 9, 1, 1, '2025-06-02 15:37:47', '2025-06-02 15:37:47'),
(775, 3, 78, 63, 1, 3, 'Điểm khiến tôi ấn tượng với món này là phần ăn đầy đặn, nhiều nhân. Góp ý nhỏ là thời gian chờ hơi lâu vào giờ cao điểm. Rất đáng đồng tiền!', '2025-05-14 22:37:47', 1, 'reviews/review_7fIkUXvGm4.jpg', 1, 1, 1, 2, 0, '2025-06-02 15:37:47', '2025-06-02 15:37:47'),
(776, 19, 78, 70, 3, 5, 'Tôi đánh giá rất cao món này vì phần ăn đầy đặn, nhiều nhân. Không chỉ vậy, nguyên liệu tươi ngon, chọn lọc kỹ. Rất đáng đồng tiền!', '2025-05-21 22:37:47', 1, NULL, 1, 0, 7, 2, 0, '2025-06-02 15:37:47', '2025-06-02 15:37:47'),
(777, 24, 78, 26, 2, 4, 'Điều làm tôi thích thú với món này là đóng gói cẩn thận, sạch sẽ. Recommended cho mọi người!', '2025-05-24 22:37:47', 1, 'reviews/review_xfn9DPKlte.jpg', 1, 1, 24, 2, 0, '2025-06-02 15:37:47', '2025-06-02 15:37:47'),
(778, 16, 78, 66, 3, 4, 'Đây là một trong những món tôi thích nhất ở đây vì chất lượng ổn định qua nhiều lần order. Nhìn chung vẫn rất đáng để thử!', '2025-05-18 22:37:47', 1, 'reviews/review_08gxtCU67l.jpg', 1, 1, 9, 2, 0, '2025-06-02 15:37:47', '2025-06-02 15:37:47'),
(779, 13, 78, 85, 1, 5, 'Điều làm tôi thích thú với món này là nguyên liệu tươi ngon, chọn lọc kỹ. Không chỉ vậy, nguyên liệu tươi ngon, chọn lọc kỹ. Mong rằng vị có thể đa dạng hơn. Sẽ tiếp tục ủng hộ dài dài!', '2025-05-20 22:37:47', 1, NULL, 1, 1, 28, 5, 0, '2025-06-02 15:37:47', '2025-06-02 15:37:47'),
(780, 15, 78, 46, 2, 5, 'Tôi đánh giá rất cao món này vì nguyên liệu tươi ngon, chọn lọc kỹ. Không chỉ vậy, đồ ăn nóng hổi khi nhận được. Sẽ tiếp tục ủng hộ dài dài!', '2025-05-22 22:37:47', 1, 'reviews/review_esGmu0tkWL.jpg', 1, 0, 49, 0, 0, '2025-06-02 15:37:47', '2025-06-02 15:37:47'),
(781, 5, 79, 32, 3, 5, 'Món này luôn là lựa chọn hàng đầu của tôi bởi giao hàng đúng giờ, shipper thân thiện. Không chỉ vậy, giá cả phải chăng cho chất lượng này. Chắc chắn sẽ quay lại lần nữa!', '2025-05-07 22:37:48', 1, 'reviews/review_GbBQZ49TpI.jpg', 1, 0, 21, 4, 0, '2025-06-02 15:37:48', '2025-06-02 15:37:48'),
(782, 8, 79, 36, 1, 3, 'Đây là một trong những món tôi thích nhất ở đây vì chất lượng ổn định qua nhiều lần order. Rất đáng đồng tiền!', '2025-05-04 22:37:48', 1, NULL, 1, 1, 38, 5, 1, '2025-06-02 15:37:48', '2025-06-02 15:37:48'),
(783, 26, 79, 57, 2, 5, 'Tôi rất hài lòng với chất lượng món này vì giao hàng đúng giờ, shipper thân thiện. Sẽ tiếp tục ủng hộ dài dài!', '2025-05-31 22:37:48', 1, 'reviews/review_ZE9eOxFb2G.jpg', 1, 0, 19, 5, 1, '2025-06-02 15:37:48', '2025-06-02 15:37:48'),
(784, 1, 79, 87, 3, 4, 'Điểm khiến tôi ấn tượng với món này là phần ăn đầy đặn, nhiều nhân. Nhìn chung vẫn rất đáng để thử!', '2025-05-17 22:37:48', 1, 'reviews/review_SFYhcAZUUj.jpg', 1, 1, 3, 3, 1, '2025-06-02 15:37:48', '2025-06-02 15:37:48'),
(785, 28, 79, 77, 1, 5, 'Món ăn để lại ấn tượng tốt nhờ nhân viên nhiệt tình, chu đáo. Không chỉ vậy, hương vị tuyệt vời, đậm đà. Chắc chắn sẽ quay lại lần nữa!', '2025-05-21 22:37:48', 1, 'reviews/review_xNBWDeShyV.jpg', 1, 0, 32, 2, 0, '2025-06-02 15:37:48', '2025-06-02 15:37:48'),
(786, 2, 79, 39, 3, 3, 'Tôi đã thử nhiều nơi nhưng vẫn thích ở đây nhất bởi đồ ăn nóng hổi khi nhận được. Góp ý nhỏ là bao bì đóng gói cần cải thiện thêm. Chắc chắn sẽ quay lại lần nữa!', '2025-06-01 22:37:48', 1, 'reviews/review_51eMssqnCT.jpg', 1, 0, 34, 2, 0, '2025-06-02 15:37:48', '2025-06-02 15:37:48'),
(787, 16, 79, 32, 1, 3, 'Sau nhiều lần order, tôi vẫn đánh giá cao vì phần ăn đầy đặn, nhiều nhân. Nhìn chung vẫn rất đáng để thử!', '2025-05-15 22:37:48', 1, NULL, 1, 1, 9, 3, 1, '2025-06-02 15:37:48', '2025-06-02 15:37:48'),
(788, 8, 79, 57, 2, 3, 'Tôi đã thử nhiều nơi nhưng vẫn thích ở đây nhất bởi giá cả phải chăng cho chất lượng này. Tuy nhiên, đồ ăn hơi nguội khi giao đến. Chắc chắn sẽ quay lại lần nữa!', '2025-05-12 22:37:48', 1, NULL, 1, 0, 19, 1, 1, '2025-06-02 15:37:48', '2025-06-02 15:37:48'),
(789, 14, 79, 37, 2, 4, 'Đây là một trong những món tôi thích nhất ở đây vì giao hàng đúng giờ, shipper thân thiện. Hy vọng lần sau nước chấm hơi ít so với khẩu phần. Recommended cho mọi người!', '2025-05-07 22:37:48', 1, 'reviews/review_NxQQRYXr6Q.jpg', 1, 0, 35, 3, 1, '2025-06-02 15:37:48', '2025-06-02 15:37:48'),
(790, 14, 79, 99, 1, 5, 'Món này luôn là lựa chọn hàng đầu của tôi bởi nguyên liệu tươi ngon, chọn lọc kỹ. Rất đáng đồng tiền!', '2025-06-01 22:37:48', 1, 'reviews/review_RY5bicD1WZ.jpg', 1, 1, 45, 0, 1, '2025-06-02 15:37:48', '2025-06-02 15:37:48'),
(791, 19, 80, 89, 3, 5, 'Món ăn để lại ấn tượng tốt nhờ nguyên liệu tươi ngon, chọn lọc kỹ. Rất đáng đồng tiền!', '2025-05-20 22:37:48', 1, 'reviews/review_QgsrSjGc7e.jpg', 1, 0, 30, 3, 0, '2025-06-02 15:37:48', '2025-06-02 15:37:48'),
(792, 16, 80, 53, 1, 3, 'Tôi đã thử nhiều nơi nhưng vẫn thích ở đây nhất bởi phần ăn đầy đặn, nhiều nhân. Không chỉ vậy, phục vụ chuyên nghiệp, nhanh chóng. Chắc chắn sẽ quay lại lần nữa!', '2025-05-25 22:37:48', 1, 'reviews/review_AfIVoygJbt.jpg', 1, 1, 11, 5, 1, '2025-06-02 15:37:48', '2025-06-02 15:37:48'),
(793, 14, 80, 58, 1, 4, 'Điều làm tôi thích thú với món này là giao hàng đúng giờ, shipper thân thiện. Rất đáng đồng tiền!', '2025-05-06 22:37:48', 1, NULL, 1, 0, 10, 5, 0, '2025-06-02 15:37:48', '2025-06-02 15:37:48'),
(794, 9, 80, 78, 3, 5, 'Điểm khiến tôi ấn tượng với món này là phần ăn đầy đặn, nhiều nhân. Không chỉ vậy, nguyên liệu tươi ngon, chọn lọc kỹ. Nhìn chung vẫn rất đáng để thử!', '2025-05-07 22:37:48', 1, 'reviews/review_bXqKUFfIcl.jpg', 1, 0, 43, 3, 0, '2025-06-02 15:37:48', '2025-06-02 15:37:48'),
(795, 3, 80, 41, 3, 5, 'Món này luôn là lựa chọn hàng đầu của tôi bởi nhân viên nhiệt tình, chu đáo. Không chỉ vậy, phục vụ chuyên nghiệp, nhanh chóng. Sẽ tiếp tục ủng hộ dài dài!', '2025-05-17 22:37:48', 1, NULL, 1, 1, 8, 0, 0, '2025-06-02 15:37:48', '2025-06-02 15:37:48'),
(796, 21, 80, 51, 3, 4, 'Tôi thường xuyên đặt món này vì hương vị tuyệt vời, đậm đà. Tuy nhiên, vị có thể đậm đà hơn một chút. Chắc chắn sẽ quay lại lần nữa!', '2025-05-25 22:37:48', 1, NULL, 1, 1, 22, 5, 0, '2025-06-02 15:37:48', '2025-06-02 15:37:48'),
(797, 3, 80, 39, 2, 3, 'Tôi thường xuyên đặt món này vì đóng gói cẩn thận, sạch sẽ. Không chỉ vậy, giao hàng đúng giờ, shipper thân thiện. Góp ý nhỏ là vị có thể đa dạng hơn. Recommended cho mọi người!', '2025-06-01 22:37:48', 1, NULL, 1, 0, 7, 2, 0, '2025-06-02 15:37:48', '2025-06-02 15:37:48'),
(798, 23, 80, 94, 2, 4, 'Món này luôn là lựa chọn hàng đầu của tôi bởi nhân viên nhiệt tình, chu đáo. Không chỉ vậy, chất lượng ổn định qua nhiều lần order. Recommended cho mọi người!', '2025-05-08 22:37:48', 1, NULL, 1, 1, 26, 5, 0, '2025-06-02 15:37:48', '2025-06-02 15:37:48'),
(799, 20, 80, 40, 1, 5, 'Điểm khiến tôi ấn tượng với món này là nhân viên nhiệt tình, chu đáo. Sẽ tiếp tục ủng hộ dài dài!', '2025-05-24 22:37:48', 1, 'reviews/review_aY9lrKVJxO.jpg', 1, 1, 12, 2, 1, '2025-06-02 15:37:48', '2025-06-02 15:37:48'),
(800, 4, 80, 24, 1, 3, 'Tôi đánh giá rất cao món này vì giá cả phải chăng cho chất lượng này. Không chỉ vậy, phục vụ chuyên nghiệp, nhanh chóng. Chắc chắn sẽ quay lại lần nữa!', '2025-05-29 22:37:48', 1, NULL, 1, 0, 27, 0, 1, '2025-06-02 15:37:48', '2025-06-02 15:37:48'),
(801, 5, 81, 23, 1, 4, 'Đây là một trong những món tôi thích nhất ở đây vì hương vị tuyệt vời, đậm đà. Không chỉ vậy, đồ ăn nóng hổi khi nhận được. Nhìn chung vẫn rất đáng để thử!', '2025-05-24 22:37:48', 1, 'reviews/review_PV7wybYkCZ.jpg', 1, 1, 16, 4, 0, '2025-06-02 15:37:48', '2025-06-02 15:37:48'),
(802, 24, 81, 39, 1, 4, 'Sau nhiều lần order, tôi vẫn đánh giá cao vì đồ ăn nóng hổi khi nhận được. Tuy nhiên, nước chấm hơi ít so với khẩu phần. Sẽ tiếp tục ủng hộ dài dài!', '2025-05-09 22:37:48', 1, NULL, 1, 0, 28, 5, 1, '2025-06-02 15:37:48', '2025-06-02 15:37:48'),
(803, 20, 81, 76, 3, 3, 'Tôi đã thử nhiều nơi nhưng vẫn thích ở đây nhất bởi giao hàng đúng giờ, shipper thân thiện. Rất đáng đồng tiền!', '2025-05-17 22:37:48', 1, 'reviews/review_SRmAofbPnR.jpg', 1, 1, 11, 0, 1, '2025-06-02 15:37:48', '2025-06-02 15:37:48'),
(804, 12, 81, 63, 3, 4, 'Tôi rất hài lòng với chất lượng món này vì phần ăn đầy đặn, nhiều nhân. Chắc chắn sẽ quay lại lần nữa!', '2025-05-22 22:37:48', 1, NULL, 1, 0, 48, 2, 0, '2025-06-02 15:37:48', '2025-06-02 15:37:48'),
(805, 18, 81, 80, 2, 5, 'Tôi thường xuyên đặt món này vì đóng gói cẩn thận, sạch sẽ. Không chỉ vậy, phần ăn đầy đặn, nhiều nhân. Chắc chắn sẽ quay lại lần nữa!', '2025-05-31 22:37:48', 1, NULL, 1, 1, 43, 2, 1, '2025-06-02 15:37:48', '2025-06-02 15:37:48'),
(806, 17, 81, 70, 1, 5, 'Điều làm tôi thích thú với món này là đồ ăn nóng hổi khi nhận được. Nhìn chung vẫn rất đáng để thử!', '2025-05-27 22:37:48', 1, NULL, 1, 0, 27, 5, 1, '2025-06-02 15:37:48', '2025-06-02 15:37:48'),
(807, 14, 81, 34, 2, 4, 'Đây là một trong những món tôi thích nhất ở đây vì đóng gói cẩn thận, sạch sẽ. Góp ý nhỏ là đồ ăn hơi nguội khi giao đến. Sẽ tiếp tục ủng hộ dài dài!', '2025-05-14 22:37:48', 1, NULL, 1, 0, 17, 4, 1, '2025-06-02 15:37:48', '2025-06-02 15:37:48'),
(808, 23, 81, 19, 1, 3, 'Điều làm tôi thích thú với món này là giao hàng đúng giờ, shipper thân thiện. Không chỉ vậy, nhân viên nhiệt tình, chu đáo. Recommended cho mọi người!', '2025-05-08 22:37:48', 1, 'reviews/review_VTZNShuePt.jpg', 1, 1, 18, 2, 0, '2025-06-02 15:37:48', '2025-06-02 15:37:48'),
(809, 22, 81, 57, 2, 3, 'Sau nhiều lần order, tôi vẫn đánh giá cao vì giá cả phải chăng cho chất lượng này. Chắc chắn sẽ quay lại lần nữa!', '2025-05-11 22:37:48', 1, NULL, 1, 1, 49, 5, 1, '2025-06-02 15:37:48', '2025-06-02 15:37:48'),
(810, 27, 81, 2, 2, 4, 'Điều làm tôi thích thú với món này là giá cả phải chăng cho chất lượng này. Không chỉ vậy, nhân viên nhiệt tình, chu đáo. Rất đáng đồng tiền!', '2025-05-27 22:37:48', 1, 'reviews/review_CEUDZY3095.jpg', 1, 1, 0, 3, 0, '2025-06-02 15:37:48', '2025-06-02 15:37:48'),
(811, 20, 82, 83, 2, 5, 'Tôi rất hài lòng với chất lượng món này vì chất lượng ổn định qua nhiều lần order. Không chỉ vậy, phần ăn đầy đặn, nhiều nhân. Nhìn chung vẫn rất đáng để thử!', '2025-05-28 22:37:48', 1, 'reviews/review_0iW5PHqY2z.jpg', 1, 0, 2, 3, 0, '2025-06-02 15:37:48', '2025-06-02 15:37:48'),
(812, 9, 82, 86, 3, 5, 'Sau nhiều lần order, tôi vẫn đánh giá cao vì giao hàng đúng giờ, shipper thân thiện. Mong rằng đồ ăn hơi nguội khi giao đến. Chắc chắn sẽ quay lại lần nữa!', '2025-05-08 22:37:48', 1, NULL, 1, 0, 49, 4, 0, '2025-06-02 15:37:48', '2025-06-02 15:37:48'),
(813, 16, 82, 49, 2, 4, 'Món ăn để lại ấn tượng tốt nhờ giá cả phải chăng cho chất lượng này. Không chỉ vậy, phục vụ chuyên nghiệp, nhanh chóng. Mong rằng phần ăn có thể nhiều hơn một chút. Nhìn chung vẫn rất đáng để thử!', '2025-05-10 22:37:48', 1, NULL, 1, 0, 36, 4, 1, '2025-06-02 15:37:48', '2025-06-02 15:37:48'),
(814, 27, 82, 80, 3, 4, 'Đây là một trong những món tôi thích nhất ở đây vì chất lượng ổn định qua nhiều lần order. Recommended cho mọi người!', '2025-05-03 22:37:48', 1, 'reviews/review_0iHFCdvVjr.jpg', 1, 1, 17, 1, 1, '2025-06-02 15:37:48', '2025-06-02 15:37:48'),
(815, 11, 82, 9, 3, 5, 'Tôi đã thử nhiều nơi nhưng vẫn thích ở đây nhất bởi nguyên liệu tươi ngon, chọn lọc kỹ. Không chỉ vậy, giao hàng đúng giờ, shipper thân thiện. Rất đáng đồng tiền!', '2025-05-05 22:37:48', 1, NULL, 1, 1, 46, 2, 0, '2025-06-02 15:37:48', '2025-06-02 15:37:48'),
(816, 4, 82, 93, 2, 4, 'Tôi đã thử nhiều nơi nhưng vẫn thích ở đây nhất bởi chất lượng ổn định qua nhiều lần order. Sẽ tiếp tục ủng hộ dài dài!', '2025-05-07 22:37:48', 1, 'reviews/review_pLiRZL3m8d.jpg', 1, 1, 34, 4, 0, '2025-06-02 15:37:48', '2025-06-02 15:37:48'),
(817, 25, 82, 22, 3, 5, 'Sau nhiều lần order, tôi vẫn đánh giá cao vì đồ ăn nóng hổi khi nhận được. Mong rằng đồ ăn hơi nguội khi giao đến. Sẽ tiếp tục ủng hộ dài dài!', '2025-05-14 22:37:48', 1, NULL, 1, 1, 48, 1, 0, '2025-06-02 15:37:48', '2025-06-02 15:37:48'),
(818, 6, 82, 95, 1, 5, 'Tôi thường xuyên đặt món này vì đóng gói cẩn thận, sạch sẽ. Nhìn chung vẫn rất đáng để thử!', '2025-05-07 22:37:48', 1, 'reviews/review_x2eE2YIbRN.jpg', 1, 0, 26, 1, 1, '2025-06-02 15:37:48', '2025-06-02 15:37:48'),
(819, 5, 82, 21, 1, 5, 'Món này luôn là lựa chọn hàng đầu của tôi bởi đóng gói cẩn thận, sạch sẽ. Mong rằng rau củ garnish có thể tươi hơn. Rất đáng đồng tiền!', '2025-05-04 22:37:48', 1, 'reviews/review_N7eRl1Tg6U.jpg', 1, 1, 49, 0, 0, '2025-06-02 15:37:48', '2025-06-02 15:37:48'),
(820, 15, 82, 46, 3, 3, 'Tôi thường xuyên đặt món này vì giao hàng đúng giờ, shipper thân thiện. Không chỉ vậy, nhân viên nhiệt tình, chu đáo. Rất đáng đồng tiền!', '2025-05-14 22:37:48', 1, 'reviews/review_n80i9oCgP7.jpg', 1, 0, 29, 3, 0, '2025-06-02 15:37:48', '2025-06-02 15:37:48'),
(821, 25, 83, 2, 2, 5, 'Món ăn để lại ấn tượng tốt nhờ giao hàng đúng giờ, shipper thân thiện. Không chỉ vậy, đồ ăn nóng hổi khi nhận được. Chắc chắn sẽ quay lại lần nữa!', '2025-05-30 22:37:48', 1, 'reviews/review_e4vGeUWvgF.jpg', 1, 1, 21, 1, 0, '2025-06-02 15:37:48', '2025-06-02 15:37:48'),
(822, 1, 83, 40, 2, 3, 'Tôi đánh giá rất cao món này vì hương vị tuyệt vời, đậm đà. Không chỉ vậy, nhân viên nhiệt tình, chu đáo. Nhìn chung vẫn rất đáng để thử!', '2025-05-27 22:37:48', 1, NULL, 1, 1, 5, 1, 0, '2025-06-02 15:37:48', '2025-06-02 15:37:48'),
(823, 26, 83, 51, 3, 5, 'Đây là một trong những món tôi thích nhất ở đây vì nguyên liệu tươi ngon, chọn lọc kỹ. Sẽ tiếp tục ủng hộ dài dài!', '2025-06-01 22:37:48', 1, NULL, 1, 0, 26, 2, 0, '2025-06-02 15:37:48', '2025-06-02 15:37:48'),
(824, 22, 83, 55, 2, 5, 'Tôi thường xuyên đặt món này vì nguyên liệu tươi ngon, chọn lọc kỹ. Không chỉ vậy, phần ăn đầy đặn, nhiều nhân. Mong rằng rau củ garnish có thể tươi hơn. Nhìn chung vẫn rất đáng để thử!', '2025-05-04 22:37:48', 1, 'reviews/review_JtFIxoZXly.jpg', 1, 0, 26, 5, 0, '2025-06-02 15:37:48', '2025-06-02 15:37:48'),
(825, 2, 83, 63, 3, 4, 'Tôi đánh giá rất cao món này vì nguyên liệu tươi ngon, chọn lọc kỹ. Rất đáng đồng tiền!', '2025-05-14 22:37:48', 1, 'reviews/review_1eiRUizlYy.jpg', 1, 0, 19, 5, 1, '2025-06-02 15:37:48', '2025-06-02 15:37:48'),
(826, 23, 83, 69, 1, 3, 'Điều làm tôi thích thú với món này là giá cả phải chăng cho chất lượng này. Rất đáng đồng tiền!', '2025-05-20 22:37:48', 1, 'reviews/review_XwWuFboIm2.jpg', 1, 0, 39, 3, 1, '2025-06-02 15:37:48', '2025-06-02 15:37:48'),
(827, 26, 83, 72, 1, 5, 'Tôi đánh giá rất cao món này vì đóng gói cẩn thận, sạch sẽ. Không chỉ vậy, phần ăn đầy đặn, nhiều nhân. Mong rằng giá hơi cao so với portion size. Sẽ tiếp tục ủng hộ dài dài!', '2025-05-24 22:37:48', 1, 'reviews/review_hVhmfzDeRn.jpg', 1, 0, 14, 1, 1, '2025-06-02 15:37:48', '2025-06-02 15:37:48'),
(828, 21, 83, 25, 1, 5, 'Tôi đánh giá rất cao món này vì giao hàng đúng giờ, shipper thân thiện. Không chỉ vậy, hương vị tuyệt vời, đậm đà. Hy vọng lần sau vị có thể đa dạng hơn. Rất đáng đồng tiền!', '2025-05-11 22:37:48', 1, NULL, 1, 0, 41, 5, 0, '2025-06-02 15:37:48', '2025-06-02 15:37:48'),
(829, 28, 83, 41, 3, 5, 'Món ăn để lại ấn tượng tốt nhờ hương vị tuyệt vời, đậm đà. Tuy nhiên, nước chấm hơi ít so với khẩu phần. Rất đáng đồng tiền!', '2025-05-27 22:37:48', 1, 'reviews/review_Jw1G5oWnYg.jpg', 1, 0, 20, 1, 1, '2025-06-02 15:37:48', '2025-06-02 15:37:48'),
(830, 27, 83, 56, 3, 4, 'Điều làm tôi thích thú với món này là nhân viên nhiệt tình, chu đáo. Điểm cần cải thiện là nên có thêm option về độ cay. Rất đáng đồng tiền!', '2025-05-06 22:37:48', 1, NULL, 1, 0, 14, 1, 1, '2025-06-02 15:37:48', '2025-06-02 15:37:48'),
(831, 2, 84, 75, 2, 4, 'Tôi thường xuyên đặt món này vì giao hàng đúng giờ, shipper thân thiện. Điểm cần cải thiện là nên có thêm option về độ cay. Chắc chắn sẽ quay lại lần nữa!', '2025-05-06 22:37:48', 1, 'reviews/review_tPNxYkNJeF.jpg', 1, 0, 33, 2, 1, '2025-06-02 15:37:48', '2025-06-02 15:37:48'),
(832, 13, 84, 98, 1, 4, 'Món ăn để lại ấn tượng tốt nhờ chất lượng ổn định qua nhiều lần order. Chắc chắn sẽ quay lại lần nữa!', '2025-05-05 22:37:48', 1, 'reviews/review_op0vMD4y9r.jpg', 1, 1, 23, 0, 1, '2025-06-02 15:37:48', '2025-06-02 15:37:48'),
(833, 16, 84, 93, 2, 5, 'Điều làm tôi thích thú với món này là chất lượng ổn định qua nhiều lần order. Không chỉ vậy, đồ ăn nóng hổi khi nhận được. Recommended cho mọi người!', '2025-05-25 22:37:48', 1, NULL, 1, 1, 5, 4, 1, '2025-06-02 15:37:48', '2025-06-02 15:37:48'),
(834, 6, 84, 86, 1, 4, 'Tôi thường xuyên đặt món này vì giá cả phải chăng cho chất lượng này. Rất đáng đồng tiền!', '2025-05-18 22:37:48', 1, 'reviews/review_Vvd9jyGKct.jpg', 1, 0, 21, 2, 0, '2025-06-02 15:37:48', '2025-06-02 15:37:48'),
(835, 3, 84, 60, 1, 5, 'Tôi rất hài lòng với chất lượng món này vì phần ăn đầy đặn, nhiều nhân. Tuy nhiên, phần ăn có thể nhiều hơn một chút. Chắc chắn sẽ quay lại lần nữa!', '2025-05-03 22:37:48', 1, 'reviews/review_Kvd6WDNUbR.jpg', 1, 0, 49, 1, 0, '2025-06-02 15:37:48', '2025-06-02 15:37:48'),
(836, 1, 84, 76, 3, 3, 'Đây là một trong những món tôi thích nhất ở đây vì đóng gói cẩn thận, sạch sẽ. Sẽ tiếp tục ủng hộ dài dài!', '2025-05-27 22:37:48', 1, NULL, 1, 0, 44, 3, 0, '2025-06-02 15:37:48', '2025-06-02 15:37:48'),
(837, 6, 84, 59, 3, 5, 'Món này luôn là lựa chọn hàng đầu của tôi bởi phục vụ chuyên nghiệp, nhanh chóng. Điểm cần cải thiện là giá hơi cao so với portion size. Sẽ tiếp tục ủng hộ dài dài!', '2025-05-08 22:37:48', 1, NULL, 1, 1, 10, 2, 1, '2025-06-02 15:37:48', '2025-06-02 15:37:48'),
(838, 1, 84, 1, 2, 3, 'Món ăn để lại ấn tượng tốt nhờ nhân viên nhiệt tình, chu đáo. Không chỉ vậy, chất lượng ổn định qua nhiều lần order. Hy vọng lần sau giá hơi cao so với portion size. Rất đáng đồng tiền!', '2025-05-21 22:37:48', 1, NULL, 1, 0, 42, 0, 0, '2025-06-02 15:37:48', '2025-06-02 15:37:48'),
(839, 9, 84, 88, 3, 3, 'Món này luôn là lựa chọn hàng đầu của tôi bởi phục vụ chuyên nghiệp, nhanh chóng. Không chỉ vậy, hương vị tuyệt vời, đậm đà. Góp ý nhỏ là phần ăn có thể nhiều hơn một chút. Recommended cho mọi người!', '2025-05-03 22:37:48', 1, NULL, 1, 0, 20, 5, 0, '2025-06-02 15:37:48', '2025-06-02 15:37:48'),
(840, 1, 84, 89, 3, 3, 'Tôi rất hài lòng với chất lượng món này vì đóng gói cẩn thận, sạch sẽ. Điểm cần cải thiện là giá hơi cao so với portion size. Rất đáng đồng tiền!', '2025-05-12 22:37:48', 1, 'reviews/review_iltWaNEfCX.jpg', 1, 1, 4, 1, 0, '2025-06-02 15:37:48', '2025-06-02 15:37:48'),
(841, 11, 85, 58, 2, 4, 'Sau nhiều lần order, tôi vẫn đánh giá cao vì nhân viên nhiệt tình, chu đáo. Sẽ tiếp tục ủng hộ dài dài!', '2025-05-25 22:37:48', 1, NULL, 1, 0, 25, 5, 1, '2025-06-02 15:37:48', '2025-06-02 15:37:48'),
(842, 28, 85, 52, 2, 5, 'Tôi đã thử nhiều nơi nhưng vẫn thích ở đây nhất bởi nhân viên nhiệt tình, chu đáo. Không chỉ vậy, phục vụ chuyên nghiệp, nhanh chóng. Sẽ tiếp tục ủng hộ dài dài!', '2025-05-29 22:37:48', 1, 'reviews/review_LEzhVonHmB.jpg', 1, 1, 31, 1, 1, '2025-06-02 15:37:48', '2025-06-02 15:37:48'),
(843, 5, 85, 79, 1, 3, 'Tôi đánh giá rất cao món này vì phục vụ chuyên nghiệp, nhanh chóng. Không chỉ vậy, đóng gói cẩn thận, sạch sẽ. Điểm cần cải thiện là thời gian chờ hơi lâu vào giờ cao điểm. Rất đáng đồng tiền!', '2025-05-20 22:37:48', 1, 'reviews/review_YZoOVOxV7Z.jpg', 1, 1, 19, 4, 0, '2025-06-02 15:37:48', '2025-06-02 15:37:48'),
(844, 23, 85, 24, 1, 3, 'Đây là một trong những món tôi thích nhất ở đây vì nguyên liệu tươi ngon, chọn lọc kỹ. Không chỉ vậy, hương vị tuyệt vời, đậm đà. Sẽ tiếp tục ủng hộ dài dài!', '2025-05-22 22:37:48', 1, NULL, 1, 0, 7, 4, 1, '2025-06-02 15:37:48', '2025-06-02 15:37:48'),
(845, 26, 85, 84, 2, 5, 'Món ăn để lại ấn tượng tốt nhờ chất lượng ổn định qua nhiều lần order. Điểm cần cải thiện là phần ăn có thể nhiều hơn một chút. Rất đáng đồng tiền!', '2025-05-05 22:37:48', 1, NULL, 1, 1, 46, 0, 1, '2025-06-02 15:37:48', '2025-06-02 15:37:48'),
(846, 1, 85, 8, 2, 5, 'Tôi thường xuyên đặt món này vì phần ăn đầy đặn, nhiều nhân. Không chỉ vậy, đồ ăn nóng hổi khi nhận được. Recommended cho mọi người!', '2025-05-25 22:37:48', 1, NULL, 1, 0, 14, 3, 1, '2025-06-02 15:37:48', '2025-06-02 15:37:48'),
(847, 24, 85, 59, 2, 3, 'Điều làm tôi thích thú với món này là hương vị tuyệt vời, đậm đà. Không chỉ vậy, đồ ăn nóng hổi khi nhận được. Recommended cho mọi người!', '2025-05-27 22:37:48', 1, 'reviews/review_vXzSya7jrM.jpg', 1, 0, 9, 5, 1, '2025-06-02 15:37:48', '2025-06-02 15:37:48'),
(848, 3, 85, 4, 1, 5, 'Đây là một trong những món tôi thích nhất ở đây vì nguyên liệu tươi ngon, chọn lọc kỹ. Hy vọng lần sau giá hơi cao so với portion size. Sẽ tiếp tục ủng hộ dài dài!', '2025-05-04 22:37:48', 1, 'reviews/review_GaFh0gBtWC.jpg', 1, 1, 22, 2, 1, '2025-06-02 15:37:48', '2025-06-02 15:37:48'),
(849, 25, 85, 88, 1, 5, 'Món này luôn là lựa chọn hàng đầu của tôi bởi nhân viên nhiệt tình, chu đáo. Không chỉ vậy, phần ăn đầy đặn, nhiều nhân. Góp ý nhỏ là vị có thể đậm đà hơn một chút. Recommended cho mọi người!', '2025-05-30 22:37:48', 1, 'reviews/review_U5VVhztAtv.jpg', 1, 1, 9, 4, 0, '2025-06-02 15:37:48', '2025-06-02 15:37:48'),
(850, 24, 85, 63, 2, 5, 'Món ăn để lại ấn tượng tốt nhờ giao hàng đúng giờ, shipper thân thiện. Không chỉ vậy, đồ ăn nóng hổi khi nhận được. Rất đáng đồng tiền!', '2025-05-06 22:37:48', 1, NULL, 1, 1, 29, 5, 1, '2025-06-02 15:37:48', '2025-06-02 15:37:48'),
(851, 28, 86, 71, 1, 5, 'Món ăn để lại ấn tượng tốt nhờ nhân viên nhiệt tình, chu đáo. Điểm cần cải thiện là nên có thêm option về độ cay. Sẽ tiếp tục ủng hộ dài dài!', '2025-05-05 22:37:48', 1, NULL, 1, 1, 5, 5, 1, '2025-06-02 15:37:48', '2025-06-02 15:37:48'),
(852, 8, 86, 13, 1, 5, 'Điều làm tôi thích thú với món này là giá cả phải chăng cho chất lượng này. Chắc chắn sẽ quay lại lần nữa!', '2025-05-09 22:37:48', 1, NULL, 1, 1, 21, 0, 1, '2025-06-02 15:37:48', '2025-06-02 15:37:48'),
(853, 25, 86, 82, 2, 3, 'Tôi đã thử nhiều nơi nhưng vẫn thích ở đây nhất bởi phần ăn đầy đặn, nhiều nhân. Nhìn chung vẫn rất đáng để thử!', '2025-05-05 22:37:48', 1, 'reviews/review_3Q2zCS3YhH.jpg', 1, 0, 5, 2, 1, '2025-06-02 15:37:48', '2025-06-02 15:37:48'),
(854, 8, 86, 70, 2, 3, 'Tôi thường xuyên đặt món này vì nguyên liệu tươi ngon, chọn lọc kỹ. Recommended cho mọi người!', '2025-05-14 22:37:48', 1, 'reviews/review_9J97KK86gL.jpg', 1, 0, 15, 4, 0, '2025-06-02 15:37:48', '2025-06-02 15:37:48'),
(855, 26, 86, 8, 3, 5, 'Món ăn để lại ấn tượng tốt nhờ giao hàng đúng giờ, shipper thân thiện. Nhìn chung vẫn rất đáng để thử!', '2025-05-13 22:37:48', 1, NULL, 1, 0, 7, 1, 0, '2025-06-02 15:37:48', '2025-06-02 15:37:48'),
(856, 5, 86, 12, 2, 5, 'Sau nhiều lần order, tôi vẫn đánh giá cao vì đóng gói cẩn thận, sạch sẽ. Chắc chắn sẽ quay lại lần nữa!', '2025-05-26 22:37:48', 1, NULL, 1, 1, 50, 3, 0, '2025-06-02 15:37:48', '2025-06-02 15:37:48'),
(857, 2, 86, 13, 2, 4, 'Tôi đã thử nhiều nơi nhưng vẫn thích ở đây nhất bởi giao hàng đúng giờ, shipper thân thiện. Không chỉ vậy, hương vị tuyệt vời, đậm đà. Rất đáng đồng tiền!', '2025-05-23 22:37:48', 1, NULL, 1, 1, 20, 5, 1, '2025-06-02 15:37:48', '2025-06-02 15:37:48'),
(858, 7, 86, 81, 3, 3, 'Tôi đánh giá rất cao món này vì giá cả phải chăng cho chất lượng này. Không chỉ vậy, hương vị tuyệt vời, đậm đà. Hy vọng lần sau thời gian chờ hơi lâu vào giờ cao điểm. Nhìn chung vẫn rất đáng để thử!', '2025-05-31 22:37:48', 1, NULL, 1, 1, 25, 5, 0, '2025-06-02 15:37:48', '2025-06-02 15:37:48'),
(859, 1, 86, 51, 2, 3, 'Sau nhiều lần order, tôi vẫn đánh giá cao vì giá cả phải chăng cho chất lượng này. Rất đáng đồng tiền!', '2025-05-21 22:37:48', 1, 'reviews/review_droqbvsr91.jpg', 1, 1, 44, 3, 1, '2025-06-02 15:37:48', '2025-06-02 15:37:48'),
(860, 11, 86, 29, 1, 3, 'Món ăn để lại ấn tượng tốt nhờ nguyên liệu tươi ngon, chọn lọc kỹ. Không chỉ vậy, chất lượng ổn định qua nhiều lần order. Mong rằng nên có thêm option về độ cay. Rất đáng đồng tiền!', '2025-06-01 22:37:48', 1, 'reviews/review_Sn8te72OB5.jpg', 1, 1, 24, 4, 1, '2025-06-02 15:37:48', '2025-06-02 15:37:48'),
(861, 24, 87, 19, 3, 4, 'Điểm khiến tôi ấn tượng với món này là phần ăn đầy đặn, nhiều nhân. Không chỉ vậy, phần ăn đầy đặn, nhiều nhân. Điểm cần cải thiện là nên có thêm option về độ cay. Nhìn chung vẫn rất đáng để thử!', '2025-05-11 22:37:48', 1, NULL, 1, 1, 5, 3, 0, '2025-06-02 15:37:48', '2025-06-02 15:37:48'),
(862, 3, 87, 83, 1, 4, 'Đây là một trong những món tôi thích nhất ở đây vì đồ ăn nóng hổi khi nhận được. Recommended cho mọi người!', '2025-05-14 22:37:48', 1, 'reviews/review_9tCJ1YHDsp.jpg', 1, 1, 3, 0, 0, '2025-06-02 15:37:48', '2025-06-02 15:37:48'),
(863, 15, 87, 37, 2, 4, 'Điểm khiến tôi ấn tượng với món này là chất lượng ổn định qua nhiều lần order. Không chỉ vậy, hương vị tuyệt vời, đậm đà. Chắc chắn sẽ quay lại lần nữa!', '2025-05-31 22:37:48', 1, NULL, 1, 0, 46, 1, 1, '2025-06-02 15:37:48', '2025-06-02 15:37:48'),
(864, 12, 87, 72, 1, 4, 'Điều làm tôi thích thú với món này là giá cả phải chăng cho chất lượng này. Không chỉ vậy, giao hàng đúng giờ, shipper thân thiện. Chắc chắn sẽ quay lại lần nữa!', '2025-05-19 22:37:48', 1, 'reviews/review_uSBT1izK1A.jpg', 1, 1, 16, 3, 1, '2025-06-02 15:37:48', '2025-06-02 15:37:48'),
(865, 22, 87, 41, 2, 3, 'Món ăn để lại ấn tượng tốt nhờ phần ăn đầy đặn, nhiều nhân. Sẽ tiếp tục ủng hộ dài dài!', '2025-05-24 22:37:48', 1, 'reviews/review_AymUSzD7c9.jpg', 1, 0, 29, 4, 0, '2025-06-02 15:37:48', '2025-06-02 15:37:48'),
(866, 2, 87, 43, 3, 4, 'Điểm khiến tôi ấn tượng với món này là nguyên liệu tươi ngon, chọn lọc kỹ. Không chỉ vậy, phần ăn đầy đặn, nhiều nhân. Nhìn chung vẫn rất đáng để thử!', '2025-05-25 22:37:48', 1, NULL, 1, 1, 5, 5, 1, '2025-06-02 15:37:48', '2025-06-02 15:37:48'),
(867, 5, 87, 52, 3, 5, 'Tôi thường xuyên đặt món này vì đóng gói cẩn thận, sạch sẽ. Mong rằng nước chấm hơi ít so với khẩu phần. Rất đáng đồng tiền!', '2025-05-11 22:37:48', 1, NULL, 1, 1, 46, 4, 1, '2025-06-02 15:37:48', '2025-06-02 15:37:48'),
(868, 27, 87, 90, 1, 3, 'Điều làm tôi thích thú với món này là phần ăn đầy đặn, nhiều nhân. Nhìn chung vẫn rất đáng để thử!', '2025-05-13 22:37:48', 1, NULL, 1, 1, 24, 2, 0, '2025-06-02 15:37:48', '2025-06-02 15:37:48'),
(869, 12, 87, 27, 2, 4, 'Sau nhiều lần order, tôi vẫn đánh giá cao vì chất lượng ổn định qua nhiều lần order. Không chỉ vậy, đồ ăn nóng hổi khi nhận được. Chắc chắn sẽ quay lại lần nữa!', '2025-05-31 22:37:48', 1, 'reviews/review_H2aTUpTPmD.jpg', 1, 1, 17, 4, 0, '2025-06-02 15:37:48', '2025-06-02 15:37:48'),
(870, 15, 87, 69, 1, 5, 'Điều làm tôi thích thú với món này là phục vụ chuyên nghiệp, nhanh chóng. Không chỉ vậy, giao hàng đúng giờ, shipper thân thiện. Mong rằng thời gian chờ hơi lâu vào giờ cao điểm. Rất đáng đồng tiền!', '2025-05-06 22:37:48', 1, 'reviews/review_nLaKt7Wq2w.jpg', 1, 1, 9, 2, 1, '2025-06-02 15:37:48', '2025-06-02 15:37:48'),
(871, 28, 88, 53, 1, 5, 'Tôi đánh giá rất cao món này vì phục vụ chuyên nghiệp, nhanh chóng. Không chỉ vậy, nguyên liệu tươi ngon, chọn lọc kỹ. Rất đáng đồng tiền!', '2025-05-12 22:37:48', 1, NULL, 1, 1, 41, 3, 1, '2025-06-02 15:37:48', '2025-06-02 15:37:48'),
(872, 6, 88, 69, 1, 3, 'Điều làm tôi thích thú với món này là phục vụ chuyên nghiệp, nhanh chóng. Chắc chắn sẽ quay lại lần nữa!', '2025-05-06 22:37:48', 1, 'reviews/review_9R5IOTy0z6.jpg', 1, 1, 26, 2, 1, '2025-06-02 15:37:48', '2025-06-02 15:37:48'),
(873, 28, 88, 32, 1, 3, 'Sau nhiều lần order, tôi vẫn đánh giá cao vì phục vụ chuyên nghiệp, nhanh chóng. Chắc chắn sẽ quay lại lần nữa!', '2025-06-01 22:37:48', 1, NULL, 1, 1, 25, 1, 1, '2025-06-02 15:37:48', '2025-06-02 15:37:48'),
(874, 19, 88, 61, 2, 5, 'Món ăn để lại ấn tượng tốt nhờ đóng gói cẩn thận, sạch sẽ. Nhìn chung vẫn rất đáng để thử!', '2025-05-16 22:37:48', 1, 'reviews/review_beb3siPz4Y.jpg', 1, 0, 24, 4, 1, '2025-06-02 15:37:48', '2025-06-02 15:37:48'),
(875, 15, 88, 60, 2, 4, 'Sau nhiều lần order, tôi vẫn đánh giá cao vì nguyên liệu tươi ngon, chọn lọc kỹ. Không chỉ vậy, giá cả phải chăng cho chất lượng này. Rất đáng đồng tiền!', '2025-06-01 22:37:48', 1, NULL, 1, 0, 46, 2, 1, '2025-06-02 15:37:48', '2025-06-02 15:37:48'),
(876, 22, 88, 75, 1, 5, 'Sau nhiều lần order, tôi vẫn đánh giá cao vì phần ăn đầy đặn, nhiều nhân. Tuy nhiên, nước chấm hơi ít so với khẩu phần. Recommended cho mọi người!', '2025-05-08 22:37:48', 1, NULL, 1, 1, 19, 0, 0, '2025-06-02 15:37:48', '2025-06-02 15:37:48'),
(877, 14, 88, 95, 1, 3, 'Món này luôn là lựa chọn hàng đầu của tôi bởi chất lượng ổn định qua nhiều lần order. Chắc chắn sẽ quay lại lần nữa!', '2025-05-29 22:37:48', 1, 'reviews/review_brAndiXiZF.jpg', 1, 1, 14, 1, 0, '2025-06-02 15:37:48', '2025-06-02 15:37:48'),
(878, 7, 88, 47, 1, 3, 'Tôi thường xuyên đặt món này vì giao hàng đúng giờ, shipper thân thiện. Rất đáng đồng tiền!', '2025-05-29 22:37:48', 1, 'reviews/review_fKs4f6oUn0.jpg', 1, 0, 18, 1, 1, '2025-06-02 15:37:48', '2025-06-02 15:37:48'),
(879, 27, 88, 64, 1, 4, 'Điều làm tôi thích thú với món này là chất lượng ổn định qua nhiều lần order. Recommended cho mọi người!', '2025-05-09 22:37:48', 1, NULL, 1, 0, 49, 1, 1, '2025-06-02 15:37:48', '2025-06-02 15:37:48'),
(880, 1, 88, 44, 1, 5, 'Tôi đã thử nhiều nơi nhưng vẫn thích ở đây nhất bởi giá cả phải chăng cho chất lượng này. Không chỉ vậy, chất lượng ổn định qua nhiều lần order. Sẽ tiếp tục ủng hộ dài dài!', '2025-05-31 22:37:48', 1, NULL, 1, 0, 16, 2, 0, '2025-06-02 15:37:48', '2025-06-02 15:37:48'),
(881, 4, 89, 97, 3, 4, 'Món này luôn là lựa chọn hàng đầu của tôi bởi giá cả phải chăng cho chất lượng này. Hy vọng lần sau giá hơi cao so với portion size. Chắc chắn sẽ quay lại lần nữa!', '2025-05-23 22:37:48', 1, 'reviews/review_VGmI7MGMWN.jpg', 1, 1, 2, 5, 1, '2025-06-02 15:37:48', '2025-06-02 15:37:48'),
(882, 25, 89, 1, 1, 3, 'Đây là một trong những món tôi thích nhất ở đây vì nhân viên nhiệt tình, chu đáo. Tuy nhiên, vị có thể đa dạng hơn. Nhìn chung vẫn rất đáng để thử!', '2025-05-30 22:37:48', 1, 'reviews/review_D61et85mNt.jpg', 1, 0, 1, 2, 1, '2025-06-02 15:37:48', '2025-06-02 15:37:48'),
(883, 26, 89, 96, 1, 3, 'Điều làm tôi thích thú với món này là phục vụ chuyên nghiệp, nhanh chóng. Chắc chắn sẽ quay lại lần nữa!', '2025-05-04 22:37:48', 1, 'reviews/review_oXxQZnNqx9.jpg', 1, 1, 45, 5, 1, '2025-06-02 15:37:48', '2025-06-02 15:37:48'),
(884, 10, 89, 76, 3, 3, 'Tôi đánh giá rất cao món này vì chất lượng ổn định qua nhiều lần order. Không chỉ vậy, hương vị tuyệt vời, đậm đà. Sẽ tiếp tục ủng hộ dài dài!', '2025-05-24 22:37:48', 1, NULL, 1, 0, 42, 0, 1, '2025-06-02 15:37:48', '2025-06-02 15:37:48'),
(885, 8, 89, 71, 2, 3, 'Tôi thường xuyên đặt món này vì giao hàng đúng giờ, shipper thân thiện. Góp ý nhỏ là vị có thể đậm đà hơn một chút. Nhìn chung vẫn rất đáng để thử!', '2025-05-13 22:37:48', 1, 'reviews/review_7OZF6ixwpq.jpg', 1, 1, 32, 0, 0, '2025-06-02 15:37:48', '2025-06-02 15:37:48'),
(886, 22, 89, 60, 3, 3, 'Điều làm tôi thích thú với món này là nguyên liệu tươi ngon, chọn lọc kỹ. Recommended cho mọi người!', '2025-05-07 22:37:48', 1, 'reviews/review_hl7dbmkpSs.jpg', 1, 0, 47, 0, 1, '2025-06-02 15:37:48', '2025-06-02 15:37:48'),
(887, 25, 89, 12, 2, 3, 'Điểm khiến tôi ấn tượng với món này là phục vụ chuyên nghiệp, nhanh chóng. Không chỉ vậy, đồ ăn nóng hổi khi nhận được. Góp ý nhỏ là vị có thể đậm đà hơn một chút. Rất đáng đồng tiền!', '2025-05-19 22:37:48', 1, NULL, 1, 0, 19, 5, 0, '2025-06-02 15:37:48', '2025-06-02 15:37:48'),
(888, 16, 89, 17, 1, 5, 'Món ăn để lại ấn tượng tốt nhờ hương vị tuyệt vời, đậm đà. Sẽ tiếp tục ủng hộ dài dài!', '2025-05-08 22:37:48', 1, NULL, 1, 0, 25, 3, 0, '2025-06-02 15:37:48', '2025-06-02 15:37:48'),
(889, 6, 89, 60, 2, 5, 'Tôi thường xuyên đặt món này vì phần ăn đầy đặn, nhiều nhân. Không chỉ vậy, phần ăn đầy đặn, nhiều nhân. Recommended cho mọi người!', '2025-05-22 22:37:48', 1, 'reviews/review_2eGk0F7Jh6.jpg', 1, 0, 37, 4, 1, '2025-06-02 15:37:48', '2025-06-02 15:37:48'),
(890, 2, 89, 85, 3, 3, 'Món ăn để lại ấn tượng tốt nhờ đồ ăn nóng hổi khi nhận được. Điểm cần cải thiện là nước chấm hơi ít so với khẩu phần. Chắc chắn sẽ quay lại lần nữa!', '2025-05-22 22:37:48', 1, NULL, 1, 1, 29, 1, 1, '2025-06-02 15:37:48', '2025-06-02 15:37:48'),
(891, 8, 90, 40, 3, 5, 'Điểm khiến tôi ấn tượng với món này là hương vị tuyệt vời, đậm đà. Không chỉ vậy, giao hàng đúng giờ, shipper thân thiện. Sẽ tiếp tục ủng hộ dài dài!', '2025-05-24 22:37:48', 1, NULL, 1, 1, 12, 0, 1, '2025-06-02 15:37:48', '2025-06-02 15:37:48'),
(892, 2, 90, 5, 1, 4, 'Tôi rất hài lòng với chất lượng món này vì đồ ăn nóng hổi khi nhận được. Recommended cho mọi người!', '2025-05-27 22:37:48', 1, NULL, 1, 0, 6, 3, 0, '2025-06-02 15:37:48', '2025-06-02 15:37:48'),
(893, 16, 90, 91, 2, 3, 'Món này luôn là lựa chọn hàng đầu của tôi bởi hương vị tuyệt vời, đậm đà. Không chỉ vậy, nhân viên nhiệt tình, chu đáo. Nhìn chung vẫn rất đáng để thử!', '2025-05-11 22:37:48', 1, 'reviews/review_kA9pfevSe3.jpg', 1, 0, 3, 5, 0, '2025-06-02 15:37:48', '2025-06-02 15:37:48'),
(894, 18, 90, 99, 3, 5, 'Đây là một trong những món tôi thích nhất ở đây vì phần ăn đầy đặn, nhiều nhân. Mong rằng nên có thêm option về độ cay. Sẽ tiếp tục ủng hộ dài dài!', '2025-05-23 22:37:48', 1, NULL, 1, 1, 26, 3, 1, '2025-06-02 15:37:48', '2025-06-02 15:37:48'),
(895, 26, 90, 78, 1, 3, 'Sau nhiều lần order, tôi vẫn đánh giá cao vì phục vụ chuyên nghiệp, nhanh chóng. Không chỉ vậy, giá cả phải chăng cho chất lượng này. Chắc chắn sẽ quay lại lần nữa!', '2025-05-23 22:37:48', 1, NULL, 1, 0, 44, 4, 1, '2025-06-02 15:37:48', '2025-06-02 15:37:48'),
(896, 15, 90, 29, 3, 5, 'Tôi đã thử nhiều nơi nhưng vẫn thích ở đây nhất bởi nhân viên nhiệt tình, chu đáo. Góp ý nhỏ là đồ ăn hơi nguội khi giao đến. Sẽ tiếp tục ủng hộ dài dài!', '2025-05-28 22:37:48', 1, 'reviews/review_7SQFAwDKRj.jpg', 1, 0, 44, 3, 0, '2025-06-02 15:37:48', '2025-06-02 15:37:48'),
(897, 10, 90, 45, 2, 3, 'Đây là một trong những món tôi thích nhất ở đây vì chất lượng ổn định qua nhiều lần order. Góp ý nhỏ là phần ăn có thể nhiều hơn một chút. Recommended cho mọi người!', '2025-05-21 22:37:48', 1, 'reviews/review_g42zaazN5l.jpg', 1, 1, 31, 5, 0, '2025-06-02 15:37:48', '2025-06-02 15:37:48'),
(898, 5, 90, 3, 3, 4, 'Tôi thường xuyên đặt món này vì chất lượng ổn định qua nhiều lần order. Hy vọng lần sau nước chấm hơi ít so với khẩu phần. Sẽ tiếp tục ủng hộ dài dài!', '2025-05-07 22:37:48', 1, NULL, 1, 0, 13, 4, 1, '2025-06-02 15:37:48', '2025-06-02 15:37:48'),
(899, 5, 90, 11, 2, 3, 'Đây là một trong những món tôi thích nhất ở đây vì giao hàng đúng giờ, shipper thân thiện. Không chỉ vậy, phần ăn đầy đặn, nhiều nhân. Nhìn chung vẫn rất đáng để thử!', '2025-06-01 22:37:48', 1, NULL, 1, 1, 11, 4, 0, '2025-06-02 15:37:48', '2025-06-02 15:37:48'),
(900, 6, 90, 92, 1, 5, 'Sau nhiều lần order, tôi vẫn đánh giá cao vì hương vị tuyệt vời, đậm đà. Recommended cho mọi người!', '2025-05-04 22:37:48', 1, 'reviews/review_4ceJATYsS2.jpg', 1, 1, 22, 5, 0, '2025-06-02 15:37:48', '2025-06-02 15:37:48');

-- --------------------------------------------------------

--
-- Table structure for table `product_toppings`
--

CREATE TABLE `product_toppings` (
  `id` bigint UNSIGNED NOT NULL,
  `product_id` bigint UNSIGNED NOT NULL,
  `topping_id` bigint UNSIGNED NOT NULL,
  `created_at` timestamp NULL DEFAULT NULL,
  `updated_at` timestamp NULL DEFAULT NULL
) ENGINE=InnoDB DEFAULT CHARSET=utf8mb4 COLLATE=utf8mb4_unicode_ci;

--
-- Dumping data for table `product_toppings`
--

INSERT INTO `product_toppings` (`id`, `product_id`, `topping_id`, `created_at`, `updated_at`) VALUES
(1, 1, 2, '2025-06-02 15:37:43', '2025-06-02 15:37:43'),
(2, 1, 3, '2025-06-02 15:37:43', '2025-06-02 15:37:43'),
(3, 1, 15, '2025-06-02 15:37:43', '2025-06-02 15:37:43'),
(4, 1, 18, '2025-06-02 15:37:43', '2025-06-02 15:37:43'),
(5, 2, 5, '2025-06-02 15:37:43', '2025-06-02 15:37:43'),
(6, 2, 8, '2025-06-02 15:37:43', '2025-06-02 15:37:43'),
(7, 2, 12, '2025-06-02 15:37:43', '2025-06-02 15:37:43'),
(8, 2, 13, '2025-06-02 15:37:43', '2025-06-02 15:37:43'),
(9, 3, 1, '2025-06-02 15:37:43', '2025-06-02 15:37:43'),
(10, 3, 7, '2025-06-02 15:37:43', '2025-06-02 15:37:43'),
(11, 3, 20, '2025-06-02 15:37:43', '2025-06-02 15:37:43'),
(12, 4, 5, '2025-06-02 15:37:43', '2025-06-02 15:37:43'),
(13, 4, 16, '2025-06-02 15:37:43', '2025-06-02 15:37:43'),
(14, 4, 20, '2025-06-02 15:37:43', '2025-06-02 15:37:43'),
(15, 5, 2, '2025-06-02 15:37:43', '2025-06-02 15:37:43'),
(16, 5, 6, '2025-06-02 15:37:43', '2025-06-02 15:37:43'),
(17, 5, 15, '2025-06-02 15:37:43', '2025-06-02 15:37:43'),
(18, 5, 20, '2025-06-02 15:37:43', '2025-06-02 15:37:43'),
(19, 6, 3, '2025-06-02 15:37:43', '2025-06-02 15:37:43'),
(20, 6, 8, '2025-06-02 15:37:43', '2025-06-02 15:37:43'),
(21, 6, 9, '2025-06-02 15:37:43', '2025-06-02 15:37:43'),
(22, 6, 12, '2025-06-02 15:37:43', '2025-06-02 15:37:43'),
(23, 6, 13, '2025-06-02 15:37:43', '2025-06-02 15:37:43'),
(24, 6, 15, '2025-06-02 15:37:43', '2025-06-02 15:37:43'),
(25, 7, 8, '2025-06-02 15:37:43', '2025-06-02 15:37:43'),
(26, 7, 10, '2025-06-02 15:37:43', '2025-06-02 15:37:43'),
(27, 7, 13, '2025-06-02 15:37:43', '2025-06-02 15:37:43'),
(28, 7, 16, '2025-06-02 15:37:43', '2025-06-02 15:37:43'),
(29, 7, 20, '2025-06-02 15:37:43', '2025-06-02 15:37:43'),
(30, 8, 5, '2025-06-02 15:37:43', '2025-06-02 15:37:43'),
(31, 8, 10, '2025-06-02 15:37:43', '2025-06-02 15:37:43'),
(32, 8, 14, '2025-06-02 15:37:43', '2025-06-02 15:37:43'),
(33, 8, 15, '2025-06-02 15:37:43', '2025-06-02 15:37:43'),
(34, 8, 17, '2025-06-02 15:37:43', '2025-06-02 15:37:43'),
(35, 8, 19, '2025-06-02 15:37:43', '2025-06-02 15:37:43'),
(36, 9, 1, '2025-06-02 15:37:43', '2025-06-02 15:37:43'),
(37, 9, 4, '2025-06-02 15:37:43', '2025-06-02 15:37:43'),
(38, 9, 6, '2025-06-02 15:37:43', '2025-06-02 15:37:43'),
(39, 9, 12, '2025-06-02 15:37:43', '2025-06-02 15:37:43'),
(40, 9, 13, '2025-06-02 15:37:43', '2025-06-02 15:37:43'),
(41, 9, 15, '2025-06-02 15:37:43', '2025-06-02 15:37:43'),
(42, 9, 19, '2025-06-02 15:37:43', '2025-06-02 15:37:43'),
(43, 10, 6, '2025-06-02 15:37:43', '2025-06-02 15:37:43'),
(44, 10, 9, '2025-06-02 15:37:43', '2025-06-02 15:37:43'),
(45, 10, 10, '2025-06-02 15:37:43', '2025-06-02 15:37:43'),
(46, 10, 16, '2025-06-02 15:37:43', '2025-06-02 15:37:43'),
(47, 11, 6, '2025-06-02 15:37:43', '2025-06-02 15:37:43'),
(48, 11, 7, '2025-06-02 15:37:43', '2025-06-02 15:37:43'),
(49, 11, 10, '2025-06-02 15:37:43', '2025-06-02 15:37:43'),
(50, 11, 16, '2025-06-02 15:37:43', '2025-06-02 15:37:43'),
(51, 11, 20, '2025-06-02 15:37:43', '2025-06-02 15:37:43'),
(52, 12, 1, '2025-06-02 15:37:43', '2025-06-02 15:37:43'),
(53, 12, 5, '2025-06-02 15:37:43', '2025-06-02 15:37:43'),
(54, 12, 9, '2025-06-02 15:37:43', '2025-06-02 15:37:43'),
(55, 12, 14, '2025-06-02 15:37:43', '2025-06-02 15:37:43'),
(56, 12, 20, '2025-06-02 15:37:43', '2025-06-02 15:37:43'),
(57, 13, 4, '2025-06-02 15:37:43', '2025-06-02 15:37:43'),
(58, 13, 6, '2025-06-02 15:37:43', '2025-06-02 15:37:43'),
(59, 13, 18, '2025-06-02 15:37:43', '2025-06-02 15:37:43'),
(60, 14, 2, '2025-06-02 15:37:43', '2025-06-02 15:37:43'),
(61, 14, 6, '2025-06-02 15:37:43', '2025-06-02 15:37:43'),
(62, 14, 15, '2025-06-02 15:37:43', '2025-06-02 15:37:43'),
(63, 15, 3, '2025-06-02 15:37:43', '2025-06-02 15:37:43'),
(64, 15, 6, '2025-06-02 15:37:43', '2025-06-02 15:37:43'),
(65, 15, 10, '2025-06-02 15:37:43', '2025-06-02 15:37:43'),
(66, 15, 11, '2025-06-02 15:37:43', '2025-06-02 15:37:43'),
(67, 15, 14, '2025-06-02 15:37:43', '2025-06-02 15:37:43'),
(68, 16, 2, '2025-06-02 15:37:43', '2025-06-02 15:37:43'),
(69, 16, 3, '2025-06-02 15:37:43', '2025-06-02 15:37:43'),
(70, 16, 11, '2025-06-02 15:37:43', '2025-06-02 15:37:43'),
(71, 16, 16, '2025-06-02 15:37:43', '2025-06-02 15:37:43'),
(72, 17, 3, '2025-06-02 15:37:43', '2025-06-02 15:37:43'),
(73, 17, 4, '2025-06-02 15:37:43', '2025-06-02 15:37:43'),
(74, 17, 5, '2025-06-02 15:37:43', '2025-06-02 15:37:43'),
(75, 17, 13, '2025-06-02 15:37:43', '2025-06-02 15:37:43'),
(76, 17, 17, '2025-06-02 15:37:43', '2025-06-02 15:37:43'),
(77, 17, 18, '2025-06-02 15:37:43', '2025-06-02 15:37:43'),
(78, 17, 20, '2025-06-02 15:37:43', '2025-06-02 15:37:43'),
(79, 18, 4, '2025-06-02 15:37:43', '2025-06-02 15:37:43'),
(80, 18, 5, '2025-06-02 15:37:43', '2025-06-02 15:37:43'),
(81, 18, 8, '2025-06-02 15:37:43', '2025-06-02 15:37:43'),
(82, 18, 9, '2025-06-02 15:37:43', '2025-06-02 15:37:43'),
(83, 18, 10, '2025-06-02 15:37:43', '2025-06-02 15:37:43'),
(84, 18, 13, '2025-06-02 15:37:43', '2025-06-02 15:37:43'),
(85, 18, 14, '2025-06-02 15:37:43', '2025-06-02 15:37:43'),
(86, 18, 17, '2025-06-02 15:37:43', '2025-06-02 15:37:43'),
(87, 19, 2, '2025-06-02 15:37:43', '2025-06-02 15:37:43'),
(88, 19, 7, '2025-06-02 15:37:43', '2025-06-02 15:37:43'),
(89, 19, 10, '2025-06-02 15:37:43', '2025-06-02 15:37:43'),
(90, 19, 14, '2025-06-02 15:37:43', '2025-06-02 15:37:43'),
(91, 20, 3, '2025-06-02 15:37:43', '2025-06-02 15:37:43'),
(92, 20, 5, '2025-06-02 15:37:43', '2025-06-02 15:37:43'),
(93, 20, 6, '2025-06-02 15:37:43', '2025-06-02 15:37:43'),
(94, 20, 11, '2025-06-02 15:37:43', '2025-06-02 15:37:43'),
(95, 20, 13, '2025-06-02 15:37:43', '2025-06-02 15:37:43'),
(96, 20, 14, '2025-06-02 15:37:43', '2025-06-02 15:37:43'),
(97, 21, 3, '2025-06-02 15:37:43', '2025-06-02 15:37:43'),
(98, 21, 4, '2025-06-02 15:37:43', '2025-06-02 15:37:43'),
(99, 21, 11, '2025-06-02 15:37:43', '2025-06-02 15:37:43'),
(100, 21, 12, '2025-06-02 15:37:43', '2025-06-02 15:37:43'),
(101, 21, 13, '2025-06-02 15:37:43', '2025-06-02 15:37:43'),
(102, 21, 14, '2025-06-02 15:37:43', '2025-06-02 15:37:43'),
(103, 21, 15, '2025-06-02 15:37:43', '2025-06-02 15:37:43'),
(104, 21, 17, '2025-06-02 15:37:43', '2025-06-02 15:37:43'),
(105, 22, 1, '2025-06-02 15:37:43', '2025-06-02 15:37:43'),
(106, 22, 5, '2025-06-02 15:37:43', '2025-06-02 15:37:43'),
(107, 22, 8, '2025-06-02 15:37:43', '2025-06-02 15:37:43'),
(108, 22, 11, '2025-06-02 15:37:43', '2025-06-02 15:37:43'),
(109, 22, 14, '2025-06-02 15:37:43', '2025-06-02 15:37:43'),
(110, 22, 17, '2025-06-02 15:37:43', '2025-06-02 15:37:43'),
(111, 22, 19, '2025-06-02 15:37:43', '2025-06-02 15:37:43'),
(112, 23, 2, '2025-06-02 15:37:43', '2025-06-02 15:37:43'),
(113, 23, 6, '2025-06-02 15:37:43', '2025-06-02 15:37:43'),
(114, 23, 8, '2025-06-02 15:37:43', '2025-06-02 15:37:43'),
(115, 23, 9, '2025-06-02 15:37:43', '2025-06-02 15:37:43'),
(116, 23, 11, '2025-06-02 15:37:43', '2025-06-02 15:37:43'),
(117, 23, 16, '2025-06-02 15:37:43', '2025-06-02 15:37:43'),
(118, 23, 17, '2025-06-02 15:37:43', '2025-06-02 15:37:43'),
(119, 23, 19, '2025-06-02 15:37:43', '2025-06-02 15:37:43'),
(120, 24, 3, '2025-06-02 15:37:43', '2025-06-02 15:37:43'),
(121, 24, 4, '2025-06-02 15:37:43', '2025-06-02 15:37:43'),
(122, 24, 5, '2025-06-02 15:37:43', '2025-06-02 15:37:43'),
(123, 24, 7, '2025-06-02 15:37:43', '2025-06-02 15:37:43'),
(124, 24, 10, '2025-06-02 15:37:43', '2025-06-02 15:37:43'),
(125, 24, 14, '2025-06-02 15:37:43', '2025-06-02 15:37:43'),
(126, 24, 15, '2025-06-02 15:37:43', '2025-06-02 15:37:43'),
(127, 24, 17, '2025-06-02 15:37:43', '2025-06-02 15:37:43'),
(128, 25, 6, '2025-06-02 15:37:43', '2025-06-02 15:37:43'),
(129, 25, 12, '2025-06-02 15:37:43', '2025-06-02 15:37:43'),
(130, 25, 20, '2025-06-02 15:37:43', '2025-06-02 15:37:43'),
(131, 26, 5, '2025-06-02 15:37:43', '2025-06-02 15:37:43'),
(132, 26, 8, '2025-06-02 15:37:43', '2025-06-02 15:37:43'),
(133, 26, 15, '2025-06-02 15:37:43', '2025-06-02 15:37:43'),
(134, 27, 11, '2025-06-02 15:37:43', '2025-06-02 15:37:43'),
(135, 27, 18, '2025-06-02 15:37:43', '2025-06-02 15:37:43'),
(136, 27, 20, '2025-06-02 15:37:43', '2025-06-02 15:37:43'),
(137, 28, 5, '2025-06-02 15:37:43', '2025-06-02 15:37:43'),
(138, 28, 10, '2025-06-02 15:37:43', '2025-06-02 15:37:43'),
(139, 28, 19, '2025-06-02 15:37:43', '2025-06-02 15:37:43'),
(140, 29, 1, '2025-06-02 15:37:43', '2025-06-02 15:37:43'),
(141, 29, 2, '2025-06-02 15:37:43', '2025-06-02 15:37:43'),
(142, 29, 12, '2025-06-02 15:37:43', '2025-06-02 15:37:43'),
(143, 30, 2, '2025-06-02 15:37:43', '2025-06-02 15:37:43'),
(144, 30, 4, '2025-06-02 15:37:43', '2025-06-02 15:37:43'),
(145, 30, 5, '2025-06-02 15:37:43', '2025-06-02 15:37:43'),
(146, 30, 6, '2025-06-02 15:37:43', '2025-06-02 15:37:43'),
(147, 30, 11, '2025-06-02 15:37:43', '2025-06-02 15:37:43'),
(148, 30, 13, '2025-06-02 15:37:43', '2025-06-02 15:37:43'),
(149, 30, 19, '2025-06-02 15:37:43', '2025-06-02 15:37:43'),
(150, 31, 3, '2025-06-02 15:37:43', '2025-06-02 15:37:43'),
(151, 31, 4, '2025-06-02 15:37:43', '2025-06-02 15:37:43'),
(152, 31, 5, '2025-06-02 15:37:43', '2025-06-02 15:37:43'),
(153, 31, 11, '2025-06-02 15:37:43', '2025-06-02 15:37:43'),
(154, 31, 16, '2025-06-02 15:37:43', '2025-06-02 15:37:43'),
(155, 31, 19, '2025-06-02 15:37:43', '2025-06-02 15:37:43'),
(156, 32, 1, '2025-06-02 15:37:43', '2025-06-02 15:37:43'),
(157, 32, 2, '2025-06-02 15:37:43', '2025-06-02 15:37:43'),
(158, 32, 9, '2025-06-02 15:37:43', '2025-06-02 15:37:43'),
(159, 32, 10, '2025-06-02 15:37:43', '2025-06-02 15:37:43'),
(160, 32, 11, '2025-06-02 15:37:43', '2025-06-02 15:37:43'),
(161, 32, 17, '2025-06-02 15:37:43', '2025-06-02 15:37:43'),
(162, 32, 19, '2025-06-02 15:37:43', '2025-06-02 15:37:43'),
(163, 33, 1, '2025-06-02 15:37:43', '2025-06-02 15:37:43'),
(164, 33, 4, '2025-06-02 15:37:43', '2025-06-02 15:37:43'),
(165, 33, 6, '2025-06-02 15:37:43', '2025-06-02 15:37:43'),
(166, 33, 11, '2025-06-02 15:37:43', '2025-06-02 15:37:43'),
(167, 34, 1, '2025-06-02 15:37:43', '2025-06-02 15:37:43'),
(168, 34, 5, '2025-06-02 15:37:43', '2025-06-02 15:37:43'),
(169, 34, 6, '2025-06-02 15:37:43', '2025-06-02 15:37:43'),
(170, 34, 9, '2025-06-02 15:37:43', '2025-06-02 15:37:43'),
(171, 34, 10, '2025-06-02 15:37:43', '2025-06-02 15:37:43'),
(172, 34, 11, '2025-06-02 15:37:43', '2025-06-02 15:37:43'),
(173, 34, 20, '2025-06-02 15:37:43', '2025-06-02 15:37:43'),
(174, 35, 3, '2025-06-02 15:37:43', '2025-06-02 15:37:43'),
(175, 35, 8, '2025-06-02 15:37:43', '2025-06-02 15:37:43'),
(176, 35, 15, '2025-06-02 15:37:43', '2025-06-02 15:37:43'),
(177, 35, 16, '2025-06-02 15:37:43', '2025-06-02 15:37:43'),
(178, 35, 19, '2025-06-02 15:37:43', '2025-06-02 15:37:43'),
(179, 36, 6, '2025-06-02 15:37:43', '2025-06-02 15:37:43'),
(180, 36, 11, '2025-06-02 15:37:43', '2025-06-02 15:37:43'),
(181, 36, 14, '2025-06-02 15:37:43', '2025-06-02 15:37:43'),
(182, 37, 2, '2025-06-02 15:37:43', '2025-06-02 15:37:43'),
(183, 37, 17, '2025-06-02 15:37:43', '2025-06-02 15:37:43'),
(184, 37, 18, '2025-06-02 15:37:43', '2025-06-02 15:37:43'),
(185, 38, 1, '2025-06-02 15:37:43', '2025-06-02 15:37:43'),
(186, 38, 8, '2025-06-02 15:37:43', '2025-06-02 15:37:43'),
(187, 38, 11, '2025-06-02 15:37:43', '2025-06-02 15:37:43'),
(188, 38, 16, '2025-06-02 15:37:43', '2025-06-02 15:37:43'),
(189, 38, 18, '2025-06-02 15:37:43', '2025-06-02 15:37:43'),
(190, 38, 20, '2025-06-02 15:37:43', '2025-06-02 15:37:43'),
(191, 39, 1, '2025-06-02 15:37:43', '2025-06-02 15:37:43'),
(192, 39, 2, '2025-06-02 15:37:43', '2025-06-02 15:37:43'),
(193, 39, 13, '2025-06-02 15:37:43', '2025-06-02 15:37:43'),
(194, 40, 4, '2025-06-02 15:37:43', '2025-06-02 15:37:43'),
(195, 40, 8, '2025-06-02 15:37:43', '2025-06-02 15:37:43'),
(196, 40, 11, '2025-06-02 15:37:43', '2025-06-02 15:37:43'),
(197, 41, 3, '2025-06-02 15:37:43', '2025-06-02 15:37:43'),
(198, 41, 8, '2025-06-02 15:37:43', '2025-06-02 15:37:43'),
(199, 41, 10, '2025-06-02 15:37:43', '2025-06-02 15:37:43'),
(200, 41, 13, '2025-06-02 15:37:43', '2025-06-02 15:37:43'),
(201, 41, 14, '2025-06-02 15:37:43', '2025-06-02 15:37:43'),
(202, 41, 15, '2025-06-02 15:37:43', '2025-06-02 15:37:43'),
(203, 42, 8, '2025-06-02 15:37:43', '2025-06-02 15:37:43'),
(204, 42, 9, '2025-06-02 15:37:43', '2025-06-02 15:37:43'),
(205, 42, 12, '2025-06-02 15:37:43', '2025-06-02 15:37:43'),
(206, 42, 18, '2025-06-02 15:37:43', '2025-06-02 15:37:43'),
(207, 43, 1, '2025-06-02 15:37:43', '2025-06-02 15:37:43'),
(208, 43, 2, '2025-06-02 15:37:43', '2025-06-02 15:37:43'),
(209, 43, 19, '2025-06-02 15:37:43', '2025-06-02 15:37:43'),
(210, 44, 3, '2025-06-02 15:37:43', '2025-06-02 15:37:43'),
(211, 44, 4, '2025-06-02 15:37:43', '2025-06-02 15:37:43'),
(212, 44, 6, '2025-06-02 15:37:43', '2025-06-02 15:37:43'),
(213, 44, 8, '2025-06-02 15:37:43', '2025-06-02 15:37:43'),
(214, 44, 9, '2025-06-02 15:37:43', '2025-06-02 15:37:43'),
(215, 44, 11, '2025-06-02 15:37:43', '2025-06-02 15:37:43'),
(216, 45, 3, '2025-06-02 15:37:43', '2025-06-02 15:37:43'),
(217, 45, 4, '2025-06-02 15:37:43', '2025-06-02 15:37:43'),
(218, 45, 8, '2025-06-02 15:37:43', '2025-06-02 15:37:43'),
(219, 45, 9, '2025-06-02 15:37:43', '2025-06-02 15:37:43'),
(220, 45, 14, '2025-06-02 15:37:43', '2025-06-02 15:37:43'),
(221, 45, 16, '2025-06-02 15:37:43', '2025-06-02 15:37:43'),
(222, 45, 20, '2025-06-02 15:37:43', '2025-06-02 15:37:43'),
(223, 46, 1, '2025-06-02 15:37:43', '2025-06-02 15:37:43'),
(224, 46, 2, '2025-06-02 15:37:43', '2025-06-02 15:37:43'),
(225, 46, 8, '2025-06-02 15:37:44', '2025-06-02 15:37:44'),
(226, 46, 16, '2025-06-02 15:37:44', '2025-06-02 15:37:44'),
(227, 46, 17, '2025-06-02 15:37:44', '2025-06-02 15:37:44'),
(228, 46, 18, '2025-06-02 15:37:44', '2025-06-02 15:37:44'),
(229, 47, 3, '2025-06-02 15:37:44', '2025-06-02 15:37:44'),
(230, 47, 5, '2025-06-02 15:37:44', '2025-06-02 15:37:44'),
(231, 47, 7, '2025-06-02 15:37:44', '2025-06-02 15:37:44'),
(232, 47, 14, '2025-06-02 15:37:44', '2025-06-02 15:37:44'),
(233, 48, 2, '2025-06-02 15:37:44', '2025-06-02 15:37:44'),
(234, 48, 5, '2025-06-02 15:37:44', '2025-06-02 15:37:44'),
(235, 48, 7, '2025-06-02 15:37:44', '2025-06-02 15:37:44'),
(236, 48, 15, '2025-06-02 15:37:44', '2025-06-02 15:37:44'),
(237, 48, 17, '2025-06-02 15:37:44', '2025-06-02 15:37:44'),
(238, 48, 19, '2025-06-02 15:37:44', '2025-06-02 15:37:44'),
(239, 49, 7, '2025-06-02 15:37:44', '2025-06-02 15:37:44'),
(240, 49, 9, '2025-06-02 15:37:44', '2025-06-02 15:37:44'),
(241, 49, 12, '2025-06-02 15:37:44', '2025-06-02 15:37:44'),
(242, 49, 15, '2025-06-02 15:37:44', '2025-06-02 15:37:44'),
(243, 50, 1, '2025-06-02 15:37:44', '2025-06-02 15:37:44'),
(244, 50, 3, '2025-06-02 15:37:44', '2025-06-02 15:37:44'),
(245, 50, 5, '2025-06-02 15:37:44', '2025-06-02 15:37:44'),
(246, 50, 7, '2025-06-02 15:37:44', '2025-06-02 15:37:44'),
(247, 50, 10, '2025-06-02 15:37:44', '2025-06-02 15:37:44'),
(248, 50, 12, '2025-06-02 15:37:44', '2025-06-02 15:37:44'),
(249, 50, 20, '2025-06-02 15:37:44', '2025-06-02 15:37:44'),
(250, 51, 2, '2025-06-02 15:37:44', '2025-06-02 15:37:44'),
(251, 51, 5, '2025-06-02 15:37:44', '2025-06-02 15:37:44'),
(252, 51, 9, '2025-06-02 15:37:44', '2025-06-02 15:37:44'),
(253, 51, 14, '2025-06-02 15:37:44', '2025-06-02 15:37:44'),
(254, 52, 2, '2025-06-02 15:37:44', '2025-06-02 15:37:44'),
(255, 52, 3, '2025-06-02 15:37:44', '2025-06-02 15:37:44'),
(256, 52, 16, '2025-06-02 15:37:44', '2025-06-02 15:37:44'),
(257, 52, 20, '2025-06-02 15:37:44', '2025-06-02 15:37:44'),
(258, 53, 2, '2025-06-02 15:37:44', '2025-06-02 15:37:44'),
(259, 53, 3, '2025-06-02 15:37:44', '2025-06-02 15:37:44'),
(260, 53, 14, '2025-06-02 15:37:44', '2025-06-02 15:37:44'),
(261, 53, 17, '2025-06-02 15:37:44', '2025-06-02 15:37:44'),
(262, 53, 20, '2025-06-02 15:37:44', '2025-06-02 15:37:44'),
(263, 54, 3, '2025-06-02 15:37:44', '2025-06-02 15:37:44'),
(264, 54, 11, '2025-06-02 15:37:44', '2025-06-02 15:37:44'),
(265, 54, 12, '2025-06-02 15:37:44', '2025-06-02 15:37:44'),
(266, 55, 6, '2025-06-02 15:37:44', '2025-06-02 15:37:44'),
(267, 55, 12, '2025-06-02 15:37:44', '2025-06-02 15:37:44'),
(268, 55, 15, '2025-06-02 15:37:44', '2025-06-02 15:37:44'),
(269, 55, 18, '2025-06-02 15:37:44', '2025-06-02 15:37:44'),
(270, 56, 4, '2025-06-02 15:37:44', '2025-06-02 15:37:44'),
(271, 56, 5, '2025-06-02 15:37:44', '2025-06-02 15:37:44'),
(272, 56, 7, '2025-06-02 15:37:44', '2025-06-02 15:37:44'),
(273, 56, 13, '2025-06-02 15:37:44', '2025-06-02 15:37:44'),
(274, 57, 10, '2025-06-02 15:37:44', '2025-06-02 15:37:44'),
(275, 57, 17, '2025-06-02 15:37:44', '2025-06-02 15:37:44'),
(276, 57, 20, '2025-06-02 15:37:44', '2025-06-02 15:37:44'),
(277, 58, 3, '2025-06-02 15:37:44', '2025-06-02 15:37:44'),
(278, 58, 5, '2025-06-02 15:37:44', '2025-06-02 15:37:44'),
(279, 58, 8, '2025-06-02 15:37:44', '2025-06-02 15:37:44'),
(280, 58, 12, '2025-06-02 15:37:44', '2025-06-02 15:37:44'),
(281, 58, 14, '2025-06-02 15:37:44', '2025-06-02 15:37:44'),
(282, 58, 15, '2025-06-02 15:37:44', '2025-06-02 15:37:44'),
(283, 58, 19, '2025-06-02 15:37:44', '2025-06-02 15:37:44'),
(284, 59, 7, '2025-06-02 15:37:44', '2025-06-02 15:37:44'),
(285, 59, 8, '2025-06-02 15:37:44', '2025-06-02 15:37:44'),
(286, 59, 10, '2025-06-02 15:37:44', '2025-06-02 15:37:44'),
(287, 59, 11, '2025-06-02 15:37:44', '2025-06-02 15:37:44'),
(288, 60, 5, '2025-06-02 15:37:44', '2025-06-02 15:37:44'),
(289, 60, 11, '2025-06-02 15:37:44', '2025-06-02 15:37:44'),
(290, 60, 12, '2025-06-02 15:37:44', '2025-06-02 15:37:44'),
(291, 60, 17, '2025-06-02 15:37:44', '2025-06-02 15:37:44'),
(292, 61, 1, '2025-06-02 15:37:44', '2025-06-02 15:37:44'),
(293, 61, 17, '2025-06-02 15:37:44', '2025-06-02 15:37:44'),
(294, 61, 18, '2025-06-02 15:37:44', '2025-06-02 15:37:44'),
(295, 62, 4, '2025-06-02 15:37:44', '2025-06-02 15:37:44'),
(296, 62, 7, '2025-06-02 15:37:44', '2025-06-02 15:37:44'),
(297, 62, 15, '2025-06-02 15:37:44', '2025-06-02 15:37:44'),
(298, 62, 16, '2025-06-02 15:37:44', '2025-06-02 15:37:44'),
(299, 62, 17, '2025-06-02 15:37:44', '2025-06-02 15:37:44'),
(300, 62, 19, '2025-06-02 15:37:44', '2025-06-02 15:37:44'),
(301, 62, 20, '2025-06-02 15:37:44', '2025-06-02 15:37:44'),
(302, 63, 2, '2025-06-02 15:37:44', '2025-06-02 15:37:44'),
(303, 63, 7, '2025-06-02 15:37:44', '2025-06-02 15:37:44'),
(304, 63, 12, '2025-06-02 15:37:44', '2025-06-02 15:37:44'),
(305, 63, 16, '2025-06-02 15:37:44', '2025-06-02 15:37:44'),
(306, 63, 17, '2025-06-02 15:37:44', '2025-06-02 15:37:44'),
(307, 63, 19, '2025-06-02 15:37:44', '2025-06-02 15:37:44'),
(308, 64, 1, '2025-06-02 15:37:44', '2025-06-02 15:37:44'),
(309, 64, 7, '2025-06-02 15:37:44', '2025-06-02 15:37:44'),
(310, 64, 9, '2025-06-02 15:37:44', '2025-06-02 15:37:44'),
(311, 64, 13, '2025-06-02 15:37:44', '2025-06-02 15:37:44'),
(312, 64, 15, '2025-06-02 15:37:44', '2025-06-02 15:37:44'),
(313, 64, 16, '2025-06-02 15:37:44', '2025-06-02 15:37:44'),
(314, 64, 17, '2025-06-02 15:37:44', '2025-06-02 15:37:44'),
(315, 65, 5, '2025-06-02 15:37:44', '2025-06-02 15:37:44'),
(316, 65, 8, '2025-06-02 15:37:44', '2025-06-02 15:37:44'),
(317, 65, 10, '2025-06-02 15:37:44', '2025-06-02 15:37:44'),
(318, 65, 13, '2025-06-02 15:37:44', '2025-06-02 15:37:44'),
(319, 65, 15, '2025-06-02 15:37:44', '2025-06-02 15:37:44'),
(320, 65, 16, '2025-06-02 15:37:44', '2025-06-02 15:37:44'),
(321, 65, 17, '2025-06-02 15:37:44', '2025-06-02 15:37:44'),
(322, 66, 1, '2025-06-02 15:37:44', '2025-06-02 15:37:44'),
(323, 66, 3, '2025-06-02 15:37:44', '2025-06-02 15:37:44'),
(324, 66, 6, '2025-06-02 15:37:44', '2025-06-02 15:37:44'),
(325, 66, 9, '2025-06-02 15:37:44', '2025-06-02 15:37:44'),
(326, 66, 13, '2025-06-02 15:37:44', '2025-06-02 15:37:44'),
(327, 66, 14, '2025-06-02 15:37:44', '2025-06-02 15:37:44'),
(328, 66, 19, '2025-06-02 15:37:44', '2025-06-02 15:37:44'),
(329, 66, 20, '2025-06-02 15:37:44', '2025-06-02 15:37:44'),
(330, 67, 15, '2025-06-02 15:37:44', '2025-06-02 15:37:44'),
(331, 67, 17, '2025-06-02 15:37:44', '2025-06-02 15:37:44'),
(332, 67, 19, '2025-06-02 15:37:44', '2025-06-02 15:37:44'),
(333, 68, 3, '2025-06-02 15:37:44', '2025-06-02 15:37:44'),
(334, 68, 5, '2025-06-02 15:37:44', '2025-06-02 15:37:44'),
(335, 68, 14, '2025-06-02 15:37:44', '2025-06-02 15:37:44'),
(336, 69, 2, '2025-06-02 15:37:44', '2025-06-02 15:37:44'),
(337, 69, 6, '2025-06-02 15:37:44', '2025-06-02 15:37:44'),
(338, 69, 14, '2025-06-02 15:37:44', '2025-06-02 15:37:44'),
(339, 69, 15, '2025-06-02 15:37:44', '2025-06-02 15:37:44'),
(340, 69, 16, '2025-06-02 15:37:44', '2025-06-02 15:37:44'),
(341, 69, 19, '2025-06-02 15:37:44', '2025-06-02 15:37:44'),
(342, 70, 2, '2025-06-02 15:37:44', '2025-06-02 15:37:44'),
(343, 70, 5, '2025-06-02 15:37:44', '2025-06-02 15:37:44'),
(344, 70, 8, '2025-06-02 15:37:44', '2025-06-02 15:37:44'),
(345, 70, 9, '2025-06-02 15:37:44', '2025-06-02 15:37:44'),
(346, 70, 10, '2025-06-02 15:37:44', '2025-06-02 15:37:44'),
(347, 70, 11, '2025-06-02 15:37:44', '2025-06-02 15:37:44'),
(348, 70, 12, '2025-06-02 15:37:44', '2025-06-02 15:37:44'),
(349, 70, 17, '2025-06-02 15:37:44', '2025-06-02 15:37:44'),
(350, 71, 9, '2025-06-02 15:37:44', '2025-06-02 15:37:44'),
(351, 71, 11, '2025-06-02 15:37:44', '2025-06-02 15:37:44'),
(352, 71, 18, '2025-06-02 15:37:44', '2025-06-02 15:37:44'),
(353, 71, 19, '2025-06-02 15:37:44', '2025-06-02 15:37:44'),
(354, 72, 14, '2025-06-02 15:37:44', '2025-06-02 15:37:44'),
(355, 72, 19, '2025-06-02 15:37:44', '2025-06-02 15:37:44'),
(356, 72, 20, '2025-06-02 15:37:44', '2025-06-02 15:37:44'),
(357, 73, 7, '2025-06-02 15:37:44', '2025-06-02 15:37:44'),
(358, 73, 8, '2025-06-02 15:37:44', '2025-06-02 15:37:44'),
(359, 73, 18, '2025-06-02 15:37:44', '2025-06-02 15:37:44'),
(360, 74, 1, '2025-06-02 15:37:44', '2025-06-02 15:37:44'),
(361, 74, 2, '2025-06-02 15:37:44', '2025-06-02 15:37:44'),
(362, 74, 9, '2025-06-02 15:37:44', '2025-06-02 15:37:44'),
(363, 74, 14, '2025-06-02 15:37:44', '2025-06-02 15:37:44'),
(364, 74, 18, '2025-06-02 15:37:44', '2025-06-02 15:37:44'),
(365, 74, 19, '2025-06-02 15:37:44', '2025-06-02 15:37:44'),
(366, 75, 1, '2025-06-02 15:37:44', '2025-06-02 15:37:44'),
(367, 75, 2, '2025-06-02 15:37:44', '2025-06-02 15:37:44'),
(368, 75, 3, '2025-06-02 15:37:44', '2025-06-02 15:37:44'),
(369, 75, 4, '2025-06-02 15:37:44', '2025-06-02 15:37:44'),
(370, 75, 5, '2025-06-02 15:37:44', '2025-06-02 15:37:44'),
(371, 75, 9, '2025-06-02 15:37:44', '2025-06-02 15:37:44'),
(372, 75, 19, '2025-06-02 15:37:44', '2025-06-02 15:37:44'),
(373, 76, 1, '2025-06-02 15:37:44', '2025-06-02 15:37:44'),
(374, 76, 3, '2025-06-02 15:37:44', '2025-06-02 15:37:44'),
(375, 76, 4, '2025-06-02 15:37:44', '2025-06-02 15:37:44'),
(376, 76, 8, '2025-06-02 15:37:44', '2025-06-02 15:37:44'),
(377, 76, 9, '2025-06-02 15:37:44', '2025-06-02 15:37:44'),
(378, 76, 11, '2025-06-02 15:37:44', '2025-06-02 15:37:44'),
(379, 76, 13, '2025-06-02 15:37:44', '2025-06-02 15:37:44'),
(380, 76, 16, '2025-06-02 15:37:44', '2025-06-02 15:37:44'),
(381, 77, 2, '2025-06-02 15:37:44', '2025-06-02 15:37:44'),
(382, 77, 4, '2025-06-02 15:37:44', '2025-06-02 15:37:44'),
(383, 77, 7, '2025-06-02 15:37:44', '2025-06-02 15:37:44'),
(384, 77, 11, '2025-06-02 15:37:44', '2025-06-02 15:37:44'),
(385, 77, 14, '2025-06-02 15:37:44', '2025-06-02 15:37:44'),
(386, 77, 19, '2025-06-02 15:37:44', '2025-06-02 15:37:44'),
(387, 78, 1, '2025-06-02 15:37:44', '2025-06-02 15:37:44'),
(388, 78, 4, '2025-06-02 15:37:44', '2025-06-02 15:37:44'),
(389, 78, 7, '2025-06-02 15:37:44', '2025-06-02 15:37:44'),
(390, 78, 8, '2025-06-02 15:37:44', '2025-06-02 15:37:44'),
(391, 78, 9, '2025-06-02 15:37:44', '2025-06-02 15:37:44'),
(392, 78, 12, '2025-06-02 15:37:44', '2025-06-02 15:37:44'),
(393, 78, 16, '2025-06-02 15:37:44', '2025-06-02 15:37:44'),
(394, 78, 19, '2025-06-02 15:37:44', '2025-06-02 15:37:44'),
(395, 79, 1, '2025-06-02 15:37:44', '2025-06-02 15:37:44'),
(396, 79, 2, '2025-06-02 15:37:44', '2025-06-02 15:37:44'),
(397, 79, 7, '2025-06-02 15:37:44', '2025-06-02 15:37:44'),
(398, 79, 9, '2025-06-02 15:37:44', '2025-06-02 15:37:44'),
(399, 79, 12, '2025-06-02 15:37:44', '2025-06-02 15:37:44'),
(400, 79, 15, '2025-06-02 15:37:44', '2025-06-02 15:37:44'),
(401, 79, 18, '2025-06-02 15:37:44', '2025-06-02 15:37:44'),
(402, 80, 5, '2025-06-02 15:37:44', '2025-06-02 15:37:44'),
(403, 80, 9, '2025-06-02 15:37:44', '2025-06-02 15:37:44'),
(404, 80, 13, '2025-06-02 15:37:44', '2025-06-02 15:37:44'),
(405, 80, 15, '2025-06-02 15:37:44', '2025-06-02 15:37:44'),
(406, 80, 19, '2025-06-02 15:37:44', '2025-06-02 15:37:44'),
(407, 80, 20, '2025-06-02 15:37:44', '2025-06-02 15:37:44'),
(408, 81, 6, '2025-06-02 15:37:44', '2025-06-02 15:37:44'),
(409, 81, 8, '2025-06-02 15:37:44', '2025-06-02 15:37:44'),
(410, 81, 9, '2025-06-02 15:37:44', '2025-06-02 15:37:44'),
(411, 81, 10, '2025-06-02 15:37:44', '2025-06-02 15:37:44'),
(412, 81, 13, '2025-06-02 15:37:44', '2025-06-02 15:37:44'),
(413, 81, 19, '2025-06-02 15:37:44', '2025-06-02 15:37:44'),
(414, 82, 8, '2025-06-02 15:37:44', '2025-06-02 15:37:44'),
(415, 82, 10, '2025-06-02 15:37:44', '2025-06-02 15:37:44'),
(416, 82, 12, '2025-06-02 15:37:44', '2025-06-02 15:37:44'),
(417, 83, 4, '2025-06-02 15:37:44', '2025-06-02 15:37:44'),
(418, 83, 5, '2025-06-02 15:37:44', '2025-06-02 15:37:44'),
(419, 83, 7, '2025-06-02 15:37:44', '2025-06-02 15:37:44'),
(420, 83, 8, '2025-06-02 15:37:44', '2025-06-02 15:37:44'),
(421, 83, 10, '2025-06-02 15:37:44', '2025-06-02 15:37:44'),
(422, 83, 12, '2025-06-02 15:37:44', '2025-06-02 15:37:44'),
(423, 83, 16, '2025-06-02 15:37:44', '2025-06-02 15:37:44'),
(424, 83, 17, '2025-06-02 15:37:44', '2025-06-02 15:37:44'),
(425, 84, 8, '2025-06-02 15:37:44', '2025-06-02 15:37:44'),
(426, 84, 12, '2025-06-02 15:37:44', '2025-06-02 15:37:44'),
(427, 84, 15, '2025-06-02 15:37:44', '2025-06-02 15:37:44'),
(428, 84, 16, '2025-06-02 15:37:44', '2025-06-02 15:37:44'),
(429, 84, 20, '2025-06-02 15:37:44', '2025-06-02 15:37:44'),
(430, 85, 2, '2025-06-02 15:37:44', '2025-06-02 15:37:44'),
(431, 85, 7, '2025-06-02 15:37:44', '2025-06-02 15:37:44'),
(432, 85, 17, '2025-06-02 15:37:44', '2025-06-02 15:37:44'),
(433, 85, 18, '2025-06-02 15:37:44', '2025-06-02 15:37:44'),
(434, 85, 19, '2025-06-02 15:37:44', '2025-06-02 15:37:44'),
(435, 86, 5, '2025-06-02 15:37:44', '2025-06-02 15:37:44'),
(436, 86, 7, '2025-06-02 15:37:44', '2025-06-02 15:37:44'),
(437, 86, 10, '2025-06-02 15:37:44', '2025-06-02 15:37:44'),
(438, 86, 12, '2025-06-02 15:37:44', '2025-06-02 15:37:44'),
(439, 86, 13, '2025-06-02 15:37:44', '2025-06-02 15:37:44'),
(440, 86, 20, '2025-06-02 15:37:44', '2025-06-02 15:37:44'),
(441, 87, 2, '2025-06-02 15:37:44', '2025-06-02 15:37:44'),
(442, 87, 6, '2025-06-02 15:37:44', '2025-06-02 15:37:44'),
(443, 87, 7, '2025-06-02 15:37:44', '2025-06-02 15:37:44'),
(444, 87, 9, '2025-06-02 15:37:44', '2025-06-02 15:37:44'),
(445, 87, 19, '2025-06-02 15:37:44', '2025-06-02 15:37:44'),
(446, 88, 3, '2025-06-02 15:37:44', '2025-06-02 15:37:44'),
(447, 88, 7, '2025-06-02 15:37:44', '2025-06-02 15:37:44'),
(448, 88, 10, '2025-06-02 15:37:44', '2025-06-02 15:37:44'),
(449, 88, 20, '2025-06-02 15:37:44', '2025-06-02 15:37:44'),
(450, 89, 9, '2025-06-02 15:37:44', '2025-06-02 15:37:44'),
(451, 89, 18, '2025-06-02 15:37:44', '2025-06-02 15:37:44'),
(452, 89, 19, '2025-06-02 15:37:44', '2025-06-02 15:37:44'),
(453, 90, 1, '2025-06-02 15:37:44', '2025-06-02 15:37:44'),
(454, 90, 2, '2025-06-02 15:37:44', '2025-06-02 15:37:44'),
(455, 90, 4, '2025-06-02 15:37:44', '2025-06-02 15:37:44'),
(456, 90, 8, '2025-06-02 15:37:44', '2025-06-02 15:37:44'),
(457, 90, 10, '2025-06-02 15:37:44', '2025-06-02 15:37:44'),
(458, 90, 12, '2025-06-02 15:37:44', '2025-06-02 15:37:44'),
(459, 90, 18, '2025-06-02 15:37:44', '2025-06-02 15:37:44'),
(460, 90, 19, '2025-06-02 15:37:44', '2025-06-02 15:37:44');

-- --------------------------------------------------------

--
-- Table structure for table `product_variants`
--

CREATE TABLE `product_variants` (
  `id` bigint UNSIGNED NOT NULL,
  `product_id` bigint UNSIGNED NOT NULL,
  `image` text COLLATE utf8mb4_unicode_ci,
  `active` tinyint(1) NOT NULL DEFAULT '1',
  `created_at` timestamp NULL DEFAULT NULL,
  `updated_at` timestamp NULL DEFAULT NULL
) ENGINE=InnoDB DEFAULT CHARSET=utf8mb4 COLLATE=utf8mb4_unicode_ci;

--
-- Dumping data for table `product_variants`
--

INSERT INTO `product_variants` (`id`, `product_id`, `image`, `active`, `created_at`, `updated_at`) VALUES
(1, 1, 'variants/variant_3.jpg', 1, '2025-06-02 15:36:13', '2025-06-02 15:36:13'),
(2, 1, 'variants/variant_2.jpg', 1, '2025-06-02 15:36:13', '2025-06-02 15:36:13'),
(3, 1, 'variants/variant_2.jpg', 1, '2025-06-02 15:36:13', '2025-06-02 15:36:13'),
(4, 1, 'variants/variant_3.jpg', 1, '2025-06-02 15:36:13', '2025-06-02 15:36:13'),
(5, 1, 'variants/variant_4.jpg', 1, '2025-06-02 15:36:13', '2025-06-02 15:36:13'),
(6, 1, 'variants/variant_4.jpg', 1, '2025-06-02 15:36:13', '2025-06-02 15:36:13'),
(7, 1, 'variants/variant_2.jpg', 1, '2025-06-02 15:36:13', '2025-06-02 15:36:13'),
(8, 1, 'variants/variant_3.jpg', 1, '2025-06-02 15:36:13', '2025-06-02 15:36:13'),
(9, 1, 'variants/variant_4.jpg', 1, '2025-06-02 15:36:13', '2025-06-02 15:36:13'),
(10, 2, 'variants/variant_5.jpg', 1, '2025-06-02 15:36:13', '2025-06-02 15:36:13'),
(11, 2, 'variants/variant_5.jpg', 1, '2025-06-02 15:36:13', '2025-06-02 15:36:13'),
(12, 2, 'variants/variant_5.jpg', 1, '2025-06-02 15:36:13', '2025-06-02 15:36:13'),
(13, 2, 'variants/variant_5.jpg', 1, '2025-06-02 15:36:13', '2025-06-02 15:36:13'),
(14, 2, 'variants/variant_4.jpg', 1, '2025-06-02 15:36:13', '2025-06-02 15:36:13'),
(15, 2, 'variants/variant_4.jpg', 1, '2025-06-02 15:36:13', '2025-06-02 15:36:13'),
(16, 2, 'variants/variant_4.jpg', 1, '2025-06-02 15:36:13', '2025-06-02 15:36:13'),
(17, 2, 'variants/variant_2.jpg', 1, '2025-06-02 15:36:13', '2025-06-02 15:36:13'),
(18, 2, 'variants/variant_4.jpg', 1, '2025-06-02 15:36:13', '2025-06-02 15:36:13'),
(19, 3, 'variants/variant_1.jpg', 1, '2025-06-02 15:36:13', '2025-06-02 15:36:13'),
(20, 3, 'variants/variant_2.jpg', 1, '2025-06-02 15:36:13', '2025-06-02 15:36:13'),
(21, 3, 'variants/variant_1.jpg', 1, '2025-06-02 15:36:13', '2025-06-02 15:36:13'),
(22, 3, 'variants/variant_2.jpg', 1, '2025-06-02 15:36:13', '2025-06-02 15:36:13'),
(23, 3, 'variants/variant_5.jpg', 1, '2025-06-02 15:36:13', '2025-06-02 15:36:13'),
(24, 3, 'variants/variant_1.jpg', 1, '2025-06-02 15:36:13', '2025-06-02 15:36:13'),
(25, 3, 'variants/variant_5.jpg', 1, '2025-06-02 15:36:13', '2025-06-02 15:36:13'),
(26, 3, 'variants/variant_2.jpg', 1, '2025-06-02 15:36:13', '2025-06-02 15:36:13'),
(27, 3, 'variants/variant_1.jpg', 1, '2025-06-02 15:36:13', '2025-06-02 15:36:13'),
(28, 4, 'variants/variant_2.jpg', 1, '2025-06-02 15:36:13', '2025-06-02 15:36:13'),
(29, 4, 'variants/variant_5.jpg', 1, '2025-06-02 15:36:13', '2025-06-02 15:36:13'),
(30, 4, 'variants/variant_4.jpg', 1, '2025-06-02 15:36:13', '2025-06-02 15:36:13'),
(31, 4, 'variants/variant_1.jpg', 1, '2025-06-02 15:36:13', '2025-06-02 15:36:13'),
(32, 4, 'variants/variant_3.jpg', 1, '2025-06-02 15:36:13', '2025-06-02 15:36:13'),
(33, 4, 'variants/variant_2.jpg', 1, '2025-06-02 15:36:13', '2025-06-02 15:36:13'),
(34, 4, 'variants/variant_4.jpg', 1, '2025-06-02 15:36:13', '2025-06-02 15:36:13'),
(35, 4, 'variants/variant_4.jpg', 1, '2025-06-02 15:36:13', '2025-06-02 15:36:13'),
(36, 4, 'variants/variant_2.jpg', 1, '2025-06-02 15:36:13', '2025-06-02 15:36:13'),
(37, 5, 'variants/variant_4.jpg', 1, '2025-06-02 15:36:13', '2025-06-02 15:36:13'),
(38, 5, 'variants/variant_5.jpg', 1, '2025-06-02 15:36:13', '2025-06-02 15:36:13'),
(39, 5, 'variants/variant_5.jpg', 1, '2025-06-02 15:36:13', '2025-06-02 15:36:13'),
(40, 5, 'variants/variant_3.jpg', 1, '2025-06-02 15:36:13', '2025-06-02 15:36:13'),
(41, 5, 'variants/variant_3.jpg', 1, '2025-06-02 15:36:13', '2025-06-02 15:36:13'),
(42, 5, 'variants/variant_1.jpg', 1, '2025-06-02 15:36:13', '2025-06-02 15:36:13'),
(43, 5, 'variants/variant_3.jpg', 1, '2025-06-02 15:36:13', '2025-06-02 15:36:13'),
(44, 5, 'variants/variant_5.jpg', 1, '2025-06-02 15:36:13', '2025-06-02 15:36:13'),
(45, 5, 'variants/variant_2.jpg', 1, '2025-06-02 15:36:13', '2025-06-02 15:36:13'),
(46, 6, 'variants/variant_4.jpg', 1, '2025-06-02 15:36:13', '2025-06-02 15:36:13'),
(47, 6, 'variants/variant_1.jpg', 1, '2025-06-02 15:36:13', '2025-06-02 15:36:13'),
(48, 6, 'variants/variant_5.jpg', 1, '2025-06-02 15:36:13', '2025-06-02 15:36:13'),
(49, 6, 'variants/variant_3.jpg', 1, '2025-06-02 15:36:13', '2025-06-02 15:36:13'),
(50, 6, 'variants/variant_2.jpg', 1, '2025-06-02 15:36:13', '2025-06-02 15:36:13'),
(51, 6, 'variants/variant_3.jpg', 1, '2025-06-02 15:36:13', '2025-06-02 15:36:13'),
(52, 6, 'variants/variant_4.jpg', 1, '2025-06-02 15:36:13', '2025-06-02 15:36:13'),
(53, 6, 'variants/variant_2.jpg', 1, '2025-06-02 15:36:13', '2025-06-02 15:36:13'),
(54, 6, 'variants/variant_4.jpg', 1, '2025-06-02 15:36:13', '2025-06-02 15:36:13'),
(55, 7, 'variants/variant_2.jpg', 1, '2025-06-02 15:36:13', '2025-06-02 15:36:13'),
(56, 7, 'variants/variant_5.jpg', 1, '2025-06-02 15:36:13', '2025-06-02 15:36:13'),
(57, 7, 'variants/variant_5.jpg', 1, '2025-06-02 15:36:13', '2025-06-02 15:36:13'),
(58, 7, 'variants/variant_4.jpg', 1, '2025-06-02 15:36:13', '2025-06-02 15:36:13'),
(59, 7, 'variants/variant_3.jpg', 1, '2025-06-02 15:36:13', '2025-06-02 15:36:13'),
(60, 7, 'variants/variant_2.jpg', 1, '2025-06-02 15:36:13', '2025-06-02 15:36:13'),
(61, 7, 'variants/variant_4.jpg', 1, '2025-06-02 15:36:13', '2025-06-02 15:36:13'),
(62, 7, 'variants/variant_4.jpg', 1, '2025-06-02 15:36:13', '2025-06-02 15:36:13'),
(63, 7, 'variants/variant_1.jpg', 1, '2025-06-02 15:36:13', '2025-06-02 15:36:13'),
(64, 8, 'variants/variant_3.jpg', 1, '2025-06-02 15:36:13', '2025-06-02 15:36:13'),
(65, 8, 'variants/variant_2.jpg', 1, '2025-06-02 15:36:13', '2025-06-02 15:36:13'),
(66, 8, 'variants/variant_1.jpg', 1, '2025-06-02 15:36:13', '2025-06-02 15:36:13'),
(67, 8, 'variants/variant_2.jpg', 1, '2025-06-02 15:36:13', '2025-06-02 15:36:13'),
(68, 8, 'variants/variant_2.jpg', 1, '2025-06-02 15:36:13', '2025-06-02 15:36:13'),
(69, 8, 'variants/variant_5.jpg', 1, '2025-06-02 15:36:13', '2025-06-02 15:36:13'),
(70, 8, 'variants/variant_3.jpg', 1, '2025-06-02 15:36:13', '2025-06-02 15:36:13'),
(71, 8, 'variants/variant_2.jpg', 1, '2025-06-02 15:36:13', '2025-06-02 15:36:13'),
(72, 8, 'variants/variant_5.jpg', 1, '2025-06-02 15:36:13', '2025-06-02 15:36:13'),
(73, 9, 'variants/variant_4.jpg', 1, '2025-06-02 15:36:13', '2025-06-02 15:36:13'),
(74, 9, 'variants/variant_4.jpg', 1, '2025-06-02 15:36:13', '2025-06-02 15:36:13'),
(75, 9, 'variants/variant_1.jpg', 1, '2025-06-02 15:36:13', '2025-06-02 15:36:13'),
(76, 9, 'variants/variant_5.jpg', 1, '2025-06-02 15:36:13', '2025-06-02 15:36:13'),
(77, 9, 'variants/variant_1.jpg', 1, '2025-06-02 15:36:13', '2025-06-02 15:36:13'),
(78, 9, 'variants/variant_4.jpg', 1, '2025-06-02 15:36:13', '2025-06-02 15:36:13'),
(79, 9, 'variants/variant_4.jpg', 1, '2025-06-02 15:36:13', '2025-06-02 15:36:13'),
(80, 9, 'variants/variant_2.jpg', 1, '2025-06-02 15:36:13', '2025-06-02 15:36:13'),
(81, 9, 'variants/variant_3.jpg', 1, '2025-06-02 15:36:13', '2025-06-02 15:36:13'),
(82, 10, 'variants/variant_2.jpg', 1, '2025-06-02 15:36:13', '2025-06-02 15:36:13'),
(83, 10, 'variants/variant_1.jpg', 1, '2025-06-02 15:36:13', '2025-06-02 15:36:13'),
(84, 10, 'variants/variant_3.jpg', 1, '2025-06-02 15:36:13', '2025-06-02 15:36:13'),
(85, 10, 'variants/variant_3.jpg', 1, '2025-06-02 15:36:13', '2025-06-02 15:36:13'),
(86, 10, 'variants/variant_2.jpg', 1, '2025-06-02 15:36:13', '2025-06-02 15:36:13'),
(87, 10, 'variants/variant_3.jpg', 1, '2025-06-02 15:36:13', '2025-06-02 15:36:13'),
(88, 10, 'variants/variant_3.jpg', 1, '2025-06-02 15:36:13', '2025-06-02 15:36:13'),
(89, 10, 'variants/variant_3.jpg', 1, '2025-06-02 15:36:13', '2025-06-02 15:36:13'),
(90, 10, 'variants/variant_5.jpg', 1, '2025-06-02 15:36:13', '2025-06-02 15:36:13'),
(91, 11, 'variants/variant_2.jpg', 1, '2025-06-02 15:36:13', '2025-06-02 15:36:13'),
(92, 11, 'variants/variant_1.jpg', 1, '2025-06-02 15:36:13', '2025-06-02 15:36:13'),
(93, 11, 'variants/variant_4.jpg', 1, '2025-06-02 15:36:13', '2025-06-02 15:36:13'),
(94, 11, 'variants/variant_5.jpg', 1, '2025-06-02 15:36:13', '2025-06-02 15:36:13'),
(95, 11, 'variants/variant_2.jpg', 1, '2025-06-02 15:36:13', '2025-06-02 15:36:13'),
(96, 11, 'variants/variant_5.jpg', 1, '2025-06-02 15:36:13', '2025-06-02 15:36:13'),
(97, 11, 'variants/variant_3.jpg', 1, '2025-06-02 15:36:13', '2025-06-02 15:36:13'),
(98, 11, 'variants/variant_2.jpg', 1, '2025-06-02 15:36:13', '2025-06-02 15:36:13'),
(99, 11, 'variants/variant_2.jpg', 1, '2025-06-02 15:36:13', '2025-06-02 15:36:13'),
(100, 12, 'variants/variant_1.jpg', 1, '2025-06-02 15:36:13', '2025-06-02 15:36:13'),
(101, 12, 'variants/variant_2.jpg', 1, '2025-06-02 15:36:13', '2025-06-02 15:36:13'),
(102, 12, 'variants/variant_2.jpg', 1, '2025-06-02 15:36:13', '2025-06-02 15:36:13'),
(103, 12, 'variants/variant_3.jpg', 1, '2025-06-02 15:36:13', '2025-06-02 15:36:13'),
(104, 12, 'variants/variant_4.jpg', 1, '2025-06-02 15:36:13', '2025-06-02 15:36:13'),
(105, 12, 'variants/variant_4.jpg', 1, '2025-06-02 15:36:13', '2025-06-02 15:36:13'),
(106, 12, 'variants/variant_4.jpg', 1, '2025-06-02 15:36:13', '2025-06-02 15:36:13'),
(107, 12, 'variants/variant_3.jpg', 1, '2025-06-02 15:36:13', '2025-06-02 15:36:13'),
(108, 12, 'variants/variant_2.jpg', 1, '2025-06-02 15:36:13', '2025-06-02 15:36:13'),
(109, 13, 'variants/variant_4.jpg', 1, '2025-06-02 15:36:13', '2025-06-02 15:36:13'),
(110, 13, 'variants/variant_5.jpg', 1, '2025-06-02 15:36:13', '2025-06-02 15:36:13'),
(111, 13, 'variants/variant_3.jpg', 1, '2025-06-02 15:36:13', '2025-06-02 15:36:13'),
(112, 13, 'variants/variant_3.jpg', 1, '2025-06-02 15:36:13', '2025-06-02 15:36:13'),
(113, 13, 'variants/variant_2.jpg', 1, '2025-06-02 15:36:13', '2025-06-02 15:36:13'),
(114, 13, 'variants/variant_2.jpg', 1, '2025-06-02 15:36:13', '2025-06-02 15:36:13'),
(115, 13, 'variants/variant_2.jpg', 1, '2025-06-02 15:36:13', '2025-06-02 15:36:13'),
(116, 13, 'variants/variant_2.jpg', 1, '2025-06-02 15:36:13', '2025-06-02 15:36:13'),
(117, 13, 'variants/variant_4.jpg', 1, '2025-06-02 15:36:13', '2025-06-02 15:36:13'),
(118, 14, 'variants/variant_4.jpg', 1, '2025-06-02 15:36:13', '2025-06-02 15:36:13'),
(119, 14, 'variants/variant_3.jpg', 1, '2025-06-02 15:36:13', '2025-06-02 15:36:13'),
(120, 14, 'variants/variant_4.jpg', 1, '2025-06-02 15:36:13', '2025-06-02 15:36:13'),
(121, 14, 'variants/variant_3.jpg', 1, '2025-06-02 15:36:13', '2025-06-02 15:36:13'),
(122, 14, 'variants/variant_5.jpg', 1, '2025-06-02 15:36:13', '2025-06-02 15:36:13'),
(123, 14, 'variants/variant_1.jpg', 1, '2025-06-02 15:36:13', '2025-06-02 15:36:13'),
(124, 14, 'variants/variant_2.jpg', 1, '2025-06-02 15:36:13', '2025-06-02 15:36:13'),
(125, 14, 'variants/variant_4.jpg', 1, '2025-06-02 15:36:13', '2025-06-02 15:36:13'),
(126, 14, 'variants/variant_4.jpg', 1, '2025-06-02 15:36:13', '2025-06-02 15:36:13'),
(127, 15, 'variants/variant_5.jpg', 1, '2025-06-02 15:36:13', '2025-06-02 15:36:13'),
(128, 15, 'variants/variant_3.jpg', 1, '2025-06-02 15:36:13', '2025-06-02 15:36:13'),
(129, 15, 'variants/variant_4.jpg', 1, '2025-06-02 15:36:13', '2025-06-02 15:36:13'),
(130, 15, 'variants/variant_2.jpg', 1, '2025-06-02 15:36:13', '2025-06-02 15:36:13'),
(131, 15, 'variants/variant_5.jpg', 1, '2025-06-02 15:36:13', '2025-06-02 15:36:13'),
(132, 15, 'variants/variant_3.jpg', 1, '2025-06-02 15:36:13', '2025-06-02 15:36:13'),
(133, 15, 'variants/variant_2.jpg', 1, '2025-06-02 15:36:13', '2025-06-02 15:36:13'),
(134, 15, 'variants/variant_4.jpg', 1, '2025-06-02 15:36:13', '2025-06-02 15:36:13'),
(135, 15, 'variants/variant_5.jpg', 1, '2025-06-02 15:36:13', '2025-06-02 15:36:13'),
(136, 16, 'variants/variant_1.jpg', 1, '2025-06-02 15:36:13', '2025-06-02 15:36:13'),
(137, 16, 'variants/variant_1.jpg', 1, '2025-06-02 15:36:13', '2025-06-02 15:36:13'),
(138, 16, 'variants/variant_5.jpg', 1, '2025-06-02 15:36:13', '2025-06-02 15:36:13'),
(139, 16, 'variants/variant_3.jpg', 1, '2025-06-02 15:36:13', '2025-06-02 15:36:13'),
(140, 16, 'variants/variant_2.jpg', 1, '2025-06-02 15:36:13', '2025-06-02 15:36:13'),
(141, 16, 'variants/variant_4.jpg', 1, '2025-06-02 15:36:13', '2025-06-02 15:36:13'),
(142, 16, 'variants/variant_2.jpg', 1, '2025-06-02 15:36:13', '2025-06-02 15:36:13'),
(143, 16, 'variants/variant_2.jpg', 1, '2025-06-02 15:36:14', '2025-06-02 15:36:14'),
(144, 16, 'variants/variant_5.jpg', 1, '2025-06-02 15:36:14', '2025-06-02 15:36:14'),
(145, 17, 'variants/variant_4.jpg', 1, '2025-06-02 15:36:14', '2025-06-02 15:36:14'),
(146, 17, 'variants/variant_3.jpg', 1, '2025-06-02 15:36:14', '2025-06-02 15:36:14'),
(147, 17, 'variants/variant_4.jpg', 1, '2025-06-02 15:36:14', '2025-06-02 15:36:14'),
(148, 17, 'variants/variant_2.jpg', 1, '2025-06-02 15:36:14', '2025-06-02 15:36:14'),
(149, 17, 'variants/variant_4.jpg', 1, '2025-06-02 15:36:14', '2025-06-02 15:36:14'),
(150, 17, 'variants/variant_3.jpg', 1, '2025-06-02 15:36:14', '2025-06-02 15:36:14'),
(151, 17, 'variants/variant_2.jpg', 1, '2025-06-02 15:36:14', '2025-06-02 15:36:14'),
(152, 17, 'variants/variant_2.jpg', 1, '2025-06-02 15:36:14', '2025-06-02 15:36:14'),
(153, 17, 'variants/variant_5.jpg', 1, '2025-06-02 15:36:14', '2025-06-02 15:36:14'),
(154, 18, 'variants/variant_5.jpg', 1, '2025-06-02 15:36:14', '2025-06-02 15:36:14'),
(155, 18, 'variants/variant_1.jpg', 1, '2025-06-02 15:36:14', '2025-06-02 15:36:14'),
(156, 18, 'variants/variant_1.jpg', 1, '2025-06-02 15:36:14', '2025-06-02 15:36:14'),
(157, 18, 'variants/variant_1.jpg', 1, '2025-06-02 15:36:14', '2025-06-02 15:36:14'),
(158, 18, 'variants/variant_2.jpg', 1, '2025-06-02 15:36:14', '2025-06-02 15:36:14'),
(159, 18, 'variants/variant_2.jpg', 1, '2025-06-02 15:36:14', '2025-06-02 15:36:14'),
(160, 18, 'variants/variant_1.jpg', 1, '2025-06-02 15:36:14', '2025-06-02 15:36:14'),
(161, 18, 'variants/variant_3.jpg', 1, '2025-06-02 15:36:14', '2025-06-02 15:36:14'),
(162, 18, 'variants/variant_3.jpg', 1, '2025-06-02 15:36:14', '2025-06-02 15:36:14'),
(163, 19, 'variants/variant_5.jpg', 1, '2025-06-02 15:36:14', '2025-06-02 15:36:14'),
(164, 19, 'variants/variant_3.jpg', 1, '2025-06-02 15:36:14', '2025-06-02 15:36:14'),
(165, 19, 'variants/variant_4.jpg', 1, '2025-06-02 15:36:14', '2025-06-02 15:36:14'),
(166, 19, 'variants/variant_1.jpg', 1, '2025-06-02 15:36:14', '2025-06-02 15:36:14'),
(167, 19, 'variants/variant_4.jpg', 1, '2025-06-02 15:36:14', '2025-06-02 15:36:14'),
(168, 19, 'variants/variant_1.jpg', 1, '2025-06-02 15:36:14', '2025-06-02 15:36:14'),
(169, 19, 'variants/variant_2.jpg', 1, '2025-06-02 15:36:14', '2025-06-02 15:36:14'),
(170, 19, 'variants/variant_5.jpg', 1, '2025-06-02 15:36:14', '2025-06-02 15:36:14'),
(171, 19, 'variants/variant_2.jpg', 1, '2025-06-02 15:36:14', '2025-06-02 15:36:14'),
(172, 20, 'variants/variant_1.jpg', 1, '2025-06-02 15:36:14', '2025-06-02 15:36:14'),
(173, 20, 'variants/variant_4.jpg', 1, '2025-06-02 15:36:14', '2025-06-02 15:36:14'),
(174, 20, 'variants/variant_2.jpg', 1, '2025-06-02 15:36:14', '2025-06-02 15:36:14'),
(175, 20, 'variants/variant_4.jpg', 1, '2025-06-02 15:36:14', '2025-06-02 15:36:14'),
(176, 20, 'variants/variant_4.jpg', 1, '2025-06-02 15:36:14', '2025-06-02 15:36:14'),
(177, 20, 'variants/variant_5.jpg', 1, '2025-06-02 15:36:14', '2025-06-02 15:36:14'),
(178, 20, 'variants/variant_4.jpg', 1, '2025-06-02 15:36:14', '2025-06-02 15:36:14'),
(179, 20, 'variants/variant_2.jpg', 1, '2025-06-02 15:36:14', '2025-06-02 15:36:14'),
(180, 20, 'variants/variant_3.jpg', 1, '2025-06-02 15:36:14', '2025-06-02 15:36:14'),
(181, 21, 'variants/variant_5.jpg', 1, '2025-06-02 15:36:14', '2025-06-02 15:36:14'),
(182, 21, 'variants/variant_4.jpg', 1, '2025-06-02 15:36:14', '2025-06-02 15:36:14'),
(183, 21, 'variants/variant_2.jpg', 1, '2025-06-02 15:36:14', '2025-06-02 15:36:14'),
(184, 21, 'variants/variant_2.jpg', 1, '2025-06-02 15:36:14', '2025-06-02 15:36:14'),
(185, 21, 'variants/variant_3.jpg', 1, '2025-06-02 15:36:14', '2025-06-02 15:36:14'),
(186, 21, 'variants/variant_2.jpg', 1, '2025-06-02 15:36:14', '2025-06-02 15:36:14'),
(187, 21, 'variants/variant_3.jpg', 1, '2025-06-02 15:36:14', '2025-06-02 15:36:14'),
(188, 21, 'variants/variant_2.jpg', 1, '2025-06-02 15:36:14', '2025-06-02 15:36:14'),
(189, 21, 'variants/variant_5.jpg', 1, '2025-06-02 15:36:14', '2025-06-02 15:36:14'),
(190, 22, 'variants/variant_3.jpg', 1, '2025-06-02 15:36:14', '2025-06-02 15:36:14'),
(191, 22, 'variants/variant_5.jpg', 1, '2025-06-02 15:36:14', '2025-06-02 15:36:14'),
(192, 22, 'variants/variant_5.jpg', 1, '2025-06-02 15:36:14', '2025-06-02 15:36:14'),
(193, 22, 'variants/variant_5.jpg', 1, '2025-06-02 15:36:14', '2025-06-02 15:36:14'),
(194, 22, 'variants/variant_3.jpg', 1, '2025-06-02 15:36:14', '2025-06-02 15:36:14'),
(195, 22, 'variants/variant_3.jpg', 1, '2025-06-02 15:36:14', '2025-06-02 15:36:14'),
(196, 22, 'variants/variant_1.jpg', 1, '2025-06-02 15:36:14', '2025-06-02 15:36:14'),
(197, 22, 'variants/variant_5.jpg', 1, '2025-06-02 15:36:14', '2025-06-02 15:36:14'),
(198, 22, 'variants/variant_1.jpg', 1, '2025-06-02 15:36:14', '2025-06-02 15:36:14'),
(199, 23, 'variants/variant_2.jpg', 1, '2025-06-02 15:36:14', '2025-06-02 15:36:14'),
(200, 23, 'variants/variant_4.jpg', 1, '2025-06-02 15:36:14', '2025-06-02 15:36:14'),
(201, 23, 'variants/variant_1.jpg', 1, '2025-06-02 15:36:14', '2025-06-02 15:36:14'),
(202, 23, 'variants/variant_5.jpg', 1, '2025-06-02 15:36:14', '2025-06-02 15:36:14'),
(203, 23, 'variants/variant_2.jpg', 1, '2025-06-02 15:36:14', '2025-06-02 15:36:14'),
(204, 23, 'variants/variant_4.jpg', 1, '2025-06-02 15:36:14', '2025-06-02 15:36:14'),
(205, 23, 'variants/variant_5.jpg', 1, '2025-06-02 15:36:14', '2025-06-02 15:36:14'),
(206, 23, 'variants/variant_4.jpg', 1, '2025-06-02 15:36:14', '2025-06-02 15:36:14'),
(207, 23, 'variants/variant_1.jpg', 1, '2025-06-02 15:36:14', '2025-06-02 15:36:14'),
(208, 24, 'variants/variant_1.jpg', 1, '2025-06-02 15:36:14', '2025-06-02 15:36:14'),
(209, 24, 'variants/variant_1.jpg', 1, '2025-06-02 15:36:14', '2025-06-02 15:36:14'),
(210, 24, 'variants/variant_4.jpg', 1, '2025-06-02 15:36:14', '2025-06-02 15:36:14'),
(211, 24, 'variants/variant_5.jpg', 1, '2025-06-02 15:36:14', '2025-06-02 15:36:14'),
(212, 24, 'variants/variant_4.jpg', 1, '2025-06-02 15:36:14', '2025-06-02 15:36:14'),
(213, 24, 'variants/variant_1.jpg', 1, '2025-06-02 15:36:14', '2025-06-02 15:36:14'),
(214, 24, 'variants/variant_1.jpg', 1, '2025-06-02 15:36:14', '2025-06-02 15:36:14'),
(215, 24, 'variants/variant_3.jpg', 1, '2025-06-02 15:36:14', '2025-06-02 15:36:14'),
(216, 24, 'variants/variant_4.jpg', 1, '2025-06-02 15:36:14', '2025-06-02 15:36:14'),
(217, 25, 'variants/variant_2.jpg', 1, '2025-06-02 15:36:14', '2025-06-02 15:36:14'),
(218, 25, 'variants/variant_4.jpg', 1, '2025-06-02 15:36:14', '2025-06-02 15:36:14'),
(219, 25, 'variants/variant_1.jpg', 1, '2025-06-02 15:36:14', '2025-06-02 15:36:14'),
(220, 25, 'variants/variant_2.jpg', 1, '2025-06-02 15:36:14', '2025-06-02 15:36:14'),
(221, 25, 'variants/variant_2.jpg', 1, '2025-06-02 15:36:14', '2025-06-02 15:36:14'),
(222, 25, 'variants/variant_4.jpg', 1, '2025-06-02 15:36:14', '2025-06-02 15:36:14'),
(223, 25, 'variants/variant_1.jpg', 1, '2025-06-02 15:36:14', '2025-06-02 15:36:14'),
(224, 25, 'variants/variant_5.jpg', 1, '2025-06-02 15:36:14', '2025-06-02 15:36:14'),
(225, 25, 'variants/variant_2.jpg', 1, '2025-06-02 15:36:14', '2025-06-02 15:36:14'),
(226, 26, 'variants/variant_1.jpg', 1, '2025-06-02 15:36:14', '2025-06-02 15:36:14'),
(227, 26, 'variants/variant_1.jpg', 1, '2025-06-02 15:36:14', '2025-06-02 15:36:14'),
(228, 26, 'variants/variant_3.jpg', 1, '2025-06-02 15:36:14', '2025-06-02 15:36:14'),
(229, 26, 'variants/variant_2.jpg', 1, '2025-06-02 15:36:14', '2025-06-02 15:36:14'),
(230, 26, 'variants/variant_2.jpg', 1, '2025-06-02 15:36:14', '2025-06-02 15:36:14'),
(231, 26, 'variants/variant_3.jpg', 1, '2025-06-02 15:36:14', '2025-06-02 15:36:14'),
(232, 26, 'variants/variant_1.jpg', 1, '2025-06-02 15:36:14', '2025-06-02 15:36:14'),
(233, 26, 'variants/variant_5.jpg', 1, '2025-06-02 15:36:14', '2025-06-02 15:36:14'),
(234, 26, 'variants/variant_1.jpg', 1, '2025-06-02 15:36:14', '2025-06-02 15:36:14'),
(235, 27, 'variants/variant_4.jpg', 1, '2025-06-02 15:36:14', '2025-06-02 15:36:14'),
(236, 27, 'variants/variant_1.jpg', 1, '2025-06-02 15:36:14', '2025-06-02 15:36:14'),
(237, 27, 'variants/variant_5.jpg', 1, '2025-06-02 15:36:14', '2025-06-02 15:36:14'),
(238, 27, 'variants/variant_3.jpg', 1, '2025-06-02 15:36:14', '2025-06-02 15:36:14'),
(239, 27, 'variants/variant_5.jpg', 1, '2025-06-02 15:36:14', '2025-06-02 15:36:14'),
(240, 27, 'variants/variant_2.jpg', 1, '2025-06-02 15:36:14', '2025-06-02 15:36:14'),
(241, 27, 'variants/variant_1.jpg', 1, '2025-06-02 15:36:14', '2025-06-02 15:36:14'),
(242, 27, 'variants/variant_3.jpg', 1, '2025-06-02 15:36:14', '2025-06-02 15:36:14'),
(243, 27, 'variants/variant_3.jpg', 1, '2025-06-02 15:36:14', '2025-06-02 15:36:14'),
(244, 28, 'variants/variant_5.jpg', 1, '2025-06-02 15:36:14', '2025-06-02 15:36:14'),
(245, 28, 'variants/variant_3.jpg', 1, '2025-06-02 15:36:14', '2025-06-02 15:36:14'),
(246, 28, 'variants/variant_5.jpg', 1, '2025-06-02 15:36:14', '2025-06-02 15:36:14'),
(247, 28, 'variants/variant_3.jpg', 1, '2025-06-02 15:36:14', '2025-06-02 15:36:14'),
(248, 28, 'variants/variant_1.jpg', 1, '2025-06-02 15:36:14', '2025-06-02 15:36:14'),
(249, 28, 'variants/variant_2.jpg', 1, '2025-06-02 15:36:14', '2025-06-02 15:36:14'),
(250, 28, 'variants/variant_1.jpg', 1, '2025-06-02 15:36:14', '2025-06-02 15:36:14'),
(251, 28, 'variants/variant_1.jpg', 1, '2025-06-02 15:36:14', '2025-06-02 15:36:14'),
(252, 28, 'variants/variant_2.jpg', 1, '2025-06-02 15:36:14', '2025-06-02 15:36:14'),
(253, 29, 'variants/variant_2.jpg', 1, '2025-06-02 15:36:14', '2025-06-02 15:36:14'),
(254, 29, 'variants/variant_2.jpg', 1, '2025-06-02 15:36:14', '2025-06-02 15:36:14'),
(255, 29, 'variants/variant_5.jpg', 1, '2025-06-02 15:36:14', '2025-06-02 15:36:14'),
(256, 29, 'variants/variant_4.jpg', 1, '2025-06-02 15:36:14', '2025-06-02 15:36:14'),
(257, 29, 'variants/variant_3.jpg', 1, '2025-06-02 15:36:14', '2025-06-02 15:36:14'),
(258, 29, 'variants/variant_5.jpg', 1, '2025-06-02 15:36:14', '2025-06-02 15:36:14'),
(259, 29, 'variants/variant_4.jpg', 1, '2025-06-02 15:36:14', '2025-06-02 15:36:14'),
(260, 29, 'variants/variant_5.jpg', 1, '2025-06-02 15:36:14', '2025-06-02 15:36:14'),
(261, 29, 'variants/variant_3.jpg', 1, '2025-06-02 15:36:14', '2025-06-02 15:36:14'),
(262, 30, 'variants/variant_4.jpg', 1, '2025-06-02 15:36:14', '2025-06-02 15:36:14'),
(263, 30, 'variants/variant_2.jpg', 1, '2025-06-02 15:36:14', '2025-06-02 15:36:14'),
(264, 30, 'variants/variant_3.jpg', 1, '2025-06-02 15:36:14', '2025-06-02 15:36:14'),
(265, 30, 'variants/variant_2.jpg', 1, '2025-06-02 15:36:14', '2025-06-02 15:36:14'),
(266, 30, 'variants/variant_1.jpg', 1, '2025-06-02 15:36:14', '2025-06-02 15:36:14'),
(267, 30, 'variants/variant_5.jpg', 1, '2025-06-02 15:36:14', '2025-06-02 15:36:14'),
(268, 30, 'variants/variant_3.jpg', 1, '2025-06-02 15:36:14', '2025-06-02 15:36:14'),
(269, 30, 'variants/variant_3.jpg', 1, '2025-06-02 15:36:14', '2025-06-02 15:36:14'),
(270, 30, 'variants/variant_5.jpg', 1, '2025-06-02 15:36:14', '2025-06-02 15:36:14'),
(271, 31, 'variants/variant_4.jpg', 1, '2025-06-02 15:36:14', '2025-06-02 15:36:14'),
(272, 31, 'variants/variant_4.jpg', 1, '2025-06-02 15:36:14', '2025-06-02 15:36:14'),
(273, 31, 'variants/variant_1.jpg', 1, '2025-06-02 15:36:14', '2025-06-02 15:36:14'),
(274, 31, 'variants/variant_5.jpg', 1, '2025-06-02 15:36:14', '2025-06-02 15:36:14'),
(275, 31, 'variants/variant_4.jpg', 1, '2025-06-02 15:36:14', '2025-06-02 15:36:14'),
(276, 31, 'variants/variant_4.jpg', 1, '2025-06-02 15:36:14', '2025-06-02 15:36:14'),
(277, 31, 'variants/variant_5.jpg', 1, '2025-06-02 15:36:14', '2025-06-02 15:36:14'),
(278, 31, 'variants/variant_5.jpg', 1, '2025-06-02 15:36:14', '2025-06-02 15:36:14'),
(279, 31, 'variants/variant_1.jpg', 1, '2025-06-02 15:36:14', '2025-06-02 15:36:14'),
(280, 32, 'variants/variant_3.jpg', 1, '2025-06-02 15:36:14', '2025-06-02 15:36:14'),
(281, 32, 'variants/variant_4.jpg', 1, '2025-06-02 15:36:14', '2025-06-02 15:36:14'),
(282, 32, 'variants/variant_3.jpg', 1, '2025-06-02 15:36:14', '2025-06-02 15:36:14'),
(283, 32, 'variants/variant_2.jpg', 1, '2025-06-02 15:36:14', '2025-06-02 15:36:14'),
(284, 32, 'variants/variant_1.jpg', 1, '2025-06-02 15:36:14', '2025-06-02 15:36:14'),
(285, 32, 'variants/variant_4.jpg', 1, '2025-06-02 15:36:14', '2025-06-02 15:36:14'),
(286, 32, 'variants/variant_4.jpg', 1, '2025-06-02 15:36:14', '2025-06-02 15:36:14'),
(287, 32, 'variants/variant_3.jpg', 1, '2025-06-02 15:36:14', '2025-06-02 15:36:14'),
(288, 32, 'variants/variant_3.jpg', 1, '2025-06-02 15:36:14', '2025-06-02 15:36:14'),
(289, 33, 'variants/variant_3.jpg', 1, '2025-06-02 15:36:14', '2025-06-02 15:36:14'),
(290, 33, 'variants/variant_4.jpg', 1, '2025-06-02 15:36:14', '2025-06-02 15:36:14'),
(291, 33, 'variants/variant_4.jpg', 1, '2025-06-02 15:36:14', '2025-06-02 15:36:14'),
(292, 33, 'variants/variant_5.jpg', 1, '2025-06-02 15:36:14', '2025-06-02 15:36:14'),
(293, 33, 'variants/variant_3.jpg', 1, '2025-06-02 15:36:14', '2025-06-02 15:36:14'),
(294, 33, 'variants/variant_3.jpg', 1, '2025-06-02 15:36:14', '2025-06-02 15:36:14'),
(295, 33, 'variants/variant_5.jpg', 1, '2025-06-02 15:36:14', '2025-06-02 15:36:14'),
(296, 33, 'variants/variant_5.jpg', 1, '2025-06-02 15:36:14', '2025-06-02 15:36:14'),
(297, 33, 'variants/variant_5.jpg', 1, '2025-06-02 15:36:14', '2025-06-02 15:36:14'),
(298, 34, 'variants/variant_4.jpg', 1, '2025-06-02 15:36:14', '2025-06-02 15:36:14'),
(299, 34, 'variants/variant_4.jpg', 1, '2025-06-02 15:36:14', '2025-06-02 15:36:14'),
(300, 34, 'variants/variant_5.jpg', 1, '2025-06-02 15:36:14', '2025-06-02 15:36:14'),
(301, 34, 'variants/variant_5.jpg', 1, '2025-06-02 15:36:14', '2025-06-02 15:36:14'),
(302, 34, 'variants/variant_5.jpg', 1, '2025-06-02 15:36:14', '2025-06-02 15:36:14'),
(303, 34, 'variants/variant_2.jpg', 1, '2025-06-02 15:36:14', '2025-06-02 15:36:14'),
(304, 34, 'variants/variant_5.jpg', 1, '2025-06-02 15:36:14', '2025-06-02 15:36:14'),
(305, 34, 'variants/variant_5.jpg', 1, '2025-06-02 15:36:14', '2025-06-02 15:36:14'),
(306, 34, 'variants/variant_5.jpg', 1, '2025-06-02 15:36:14', '2025-06-02 15:36:14'),
(307, 35, 'variants/variant_3.jpg', 1, '2025-06-02 15:36:14', '2025-06-02 15:36:14'),
(308, 35, 'variants/variant_1.jpg', 1, '2025-06-02 15:36:14', '2025-06-02 15:36:14'),
(309, 35, 'variants/variant_3.jpg', 1, '2025-06-02 15:36:14', '2025-06-02 15:36:14'),
(310, 35, 'variants/variant_3.jpg', 1, '2025-06-02 15:36:14', '2025-06-02 15:36:14'),
(311, 35, 'variants/variant_5.jpg', 1, '2025-06-02 15:36:14', '2025-06-02 15:36:14'),
(312, 35, 'variants/variant_2.jpg', 1, '2025-06-02 15:36:14', '2025-06-02 15:36:14'),
(313, 35, 'variants/variant_3.jpg', 1, '2025-06-02 15:36:14', '2025-06-02 15:36:14'),
(314, 35, 'variants/variant_4.jpg', 1, '2025-06-02 15:36:14', '2025-06-02 15:36:14'),
(315, 35, 'variants/variant_4.jpg', 1, '2025-06-02 15:36:14', '2025-06-02 15:36:14'),
(316, 36, 'variants/variant_5.jpg', 1, '2025-06-02 15:36:14', '2025-06-02 15:36:14'),
(317, 36, 'variants/variant_4.jpg', 1, '2025-06-02 15:36:14', '2025-06-02 15:36:14'),
(318, 36, 'variants/variant_2.jpg', 1, '2025-06-02 15:36:14', '2025-06-02 15:36:14'),
(319, 36, 'variants/variant_1.jpg', 1, '2025-06-02 15:36:14', '2025-06-02 15:36:14'),
(320, 36, 'variants/variant_5.jpg', 1, '2025-06-02 15:36:14', '2025-06-02 15:36:14'),
(321, 36, 'variants/variant_1.jpg', 1, '2025-06-02 15:36:14', '2025-06-02 15:36:14'),
(322, 36, 'variants/variant_1.jpg', 1, '2025-06-02 15:36:14', '2025-06-02 15:36:14'),
(323, 36, 'variants/variant_5.jpg', 1, '2025-06-02 15:36:14', '2025-06-02 15:36:14'),
(324, 36, 'variants/variant_4.jpg', 1, '2025-06-02 15:36:14', '2025-06-02 15:36:14'),
(325, 37, 'variants/variant_4.jpg', 1, '2025-06-02 15:36:14', '2025-06-02 15:36:14'),
(326, 37, 'variants/variant_3.jpg', 1, '2025-06-02 15:36:14', '2025-06-02 15:36:14'),
(327, 37, 'variants/variant_1.jpg', 1, '2025-06-02 15:36:14', '2025-06-02 15:36:14'),
(328, 37, 'variants/variant_4.jpg', 1, '2025-06-02 15:36:14', '2025-06-02 15:36:14'),
(329, 37, 'variants/variant_5.jpg', 1, '2025-06-02 15:36:14', '2025-06-02 15:36:14'),
(330, 37, 'variants/variant_2.jpg', 1, '2025-06-02 15:36:14', '2025-06-02 15:36:14'),
(331, 37, 'variants/variant_2.jpg', 1, '2025-06-02 15:36:14', '2025-06-02 15:36:14'),
(332, 37, 'variants/variant_2.jpg', 1, '2025-06-02 15:36:14', '2025-06-02 15:36:14'),
(333, 37, 'variants/variant_3.jpg', 1, '2025-06-02 15:36:14', '2025-06-02 15:36:14'),
(334, 38, 'variants/variant_1.jpg', 1, '2025-06-02 15:36:14', '2025-06-02 15:36:14'),
(335, 38, 'variants/variant_3.jpg', 1, '2025-06-02 15:36:14', '2025-06-02 15:36:14'),
(336, 38, 'variants/variant_4.jpg', 1, '2025-06-02 15:36:14', '2025-06-02 15:36:14'),
(337, 38, 'variants/variant_4.jpg', 1, '2025-06-02 15:36:14', '2025-06-02 15:36:14'),
(338, 38, 'variants/variant_2.jpg', 1, '2025-06-02 15:36:14', '2025-06-02 15:36:14'),
(339, 38, 'variants/variant_5.jpg', 1, '2025-06-02 15:36:14', '2025-06-02 15:36:14'),
(340, 38, 'variants/variant_2.jpg', 1, '2025-06-02 15:36:14', '2025-06-02 15:36:14'),
(341, 38, 'variants/variant_2.jpg', 1, '2025-06-02 15:36:14', '2025-06-02 15:36:14'),
(342, 38, 'variants/variant_1.jpg', 1, '2025-06-02 15:36:14', '2025-06-02 15:36:14'),
(343, 39, 'variants/variant_5.jpg', 1, '2025-06-02 15:36:14', '2025-06-02 15:36:14'),
(344, 39, 'variants/variant_4.jpg', 1, '2025-06-02 15:36:14', '2025-06-02 15:36:14'),
(345, 39, 'variants/variant_5.jpg', 1, '2025-06-02 15:36:14', '2025-06-02 15:36:14'),
(346, 39, 'variants/variant_4.jpg', 1, '2025-06-02 15:36:14', '2025-06-02 15:36:14'),
(347, 39, 'variants/variant_5.jpg', 1, '2025-06-02 15:36:14', '2025-06-02 15:36:14'),
(348, 39, 'variants/variant_1.jpg', 1, '2025-06-02 15:36:14', '2025-06-02 15:36:14'),
(349, 39, 'variants/variant_4.jpg', 1, '2025-06-02 15:36:14', '2025-06-02 15:36:14'),
(350, 39, 'variants/variant_1.jpg', 1, '2025-06-02 15:36:14', '2025-06-02 15:36:14'),
(351, 39, 'variants/variant_2.jpg', 1, '2025-06-02 15:36:14', '2025-06-02 15:36:14'),
(352, 40, 'variants/variant_1.jpg', 1, '2025-06-02 15:36:14', '2025-06-02 15:36:14'),
(353, 40, 'variants/variant_1.jpg', 1, '2025-06-02 15:36:14', '2025-06-02 15:36:14'),
(354, 40, 'variants/variant_1.jpg', 1, '2025-06-02 15:36:14', '2025-06-02 15:36:14'),
(355, 40, 'variants/variant_4.jpg', 1, '2025-06-02 15:36:14', '2025-06-02 15:36:14'),
(356, 40, 'variants/variant_1.jpg', 1, '2025-06-02 15:36:14', '2025-06-02 15:36:14'),
(357, 40, 'variants/variant_5.jpg', 1, '2025-06-02 15:36:14', '2025-06-02 15:36:14'),
(358, 40, 'variants/variant_1.jpg', 1, '2025-06-02 15:36:14', '2025-06-02 15:36:14'),
(359, 40, 'variants/variant_2.jpg', 1, '2025-06-02 15:36:14', '2025-06-02 15:36:14'),
(360, 40, 'variants/variant_1.jpg', 1, '2025-06-02 15:36:14', '2025-06-02 15:36:14'),
(361, 41, 'variants/variant_2.jpg', 1, '2025-06-02 15:36:14', '2025-06-02 15:36:14'),
(362, 41, 'variants/variant_3.jpg', 1, '2025-06-02 15:36:14', '2025-06-02 15:36:14'),
(363, 41, 'variants/variant_5.jpg', 1, '2025-06-02 15:36:14', '2025-06-02 15:36:14'),
(364, 41, 'variants/variant_3.jpg', 1, '2025-06-02 15:36:14', '2025-06-02 15:36:14'),
(365, 41, 'variants/variant_5.jpg', 1, '2025-06-02 15:36:14', '2025-06-02 15:36:14'),
(366, 41, 'variants/variant_3.jpg', 1, '2025-06-02 15:36:14', '2025-06-02 15:36:14'),
(367, 41, 'variants/variant_1.jpg', 1, '2025-06-02 15:36:14', '2025-06-02 15:36:14'),
(368, 41, 'variants/variant_1.jpg', 1, '2025-06-02 15:36:14', '2025-06-02 15:36:14'),
(369, 41, 'variants/variant_3.jpg', 1, '2025-06-02 15:36:14', '2025-06-02 15:36:14'),
(370, 42, 'variants/variant_3.jpg', 1, '2025-06-02 15:36:14', '2025-06-02 15:36:14'),
(371, 42, 'variants/variant_2.jpg', 1, '2025-06-02 15:36:14', '2025-06-02 15:36:14'),
(372, 42, 'variants/variant_1.jpg', 1, '2025-06-02 15:36:14', '2025-06-02 15:36:14'),
(373, 42, 'variants/variant_3.jpg', 1, '2025-06-02 15:36:14', '2025-06-02 15:36:14'),
(374, 42, 'variants/variant_3.jpg', 1, '2025-06-02 15:36:14', '2025-06-02 15:36:14'),
(375, 42, 'variants/variant_1.jpg', 1, '2025-06-02 15:36:14', '2025-06-02 15:36:14'),
(376, 42, 'variants/variant_1.jpg', 1, '2025-06-02 15:36:14', '2025-06-02 15:36:14'),
(377, 42, 'variants/variant_2.jpg', 1, '2025-06-02 15:36:14', '2025-06-02 15:36:14'),
(378, 42, 'variants/variant_2.jpg', 1, '2025-06-02 15:36:14', '2025-06-02 15:36:14'),
(379, 43, 'variants/variant_4.jpg', 1, '2025-06-02 15:36:14', '2025-06-02 15:36:14'),
(380, 43, 'variants/variant_3.jpg', 1, '2025-06-02 15:36:15', '2025-06-02 15:36:15'),
(381, 43, 'variants/variant_4.jpg', 1, '2025-06-02 15:36:15', '2025-06-02 15:36:15'),
(382, 43, 'variants/variant_1.jpg', 1, '2025-06-02 15:36:15', '2025-06-02 15:36:15'),
(383, 43, 'variants/variant_4.jpg', 1, '2025-06-02 15:36:15', '2025-06-02 15:36:15'),
(384, 43, 'variants/variant_5.jpg', 1, '2025-06-02 15:36:15', '2025-06-02 15:36:15'),
(385, 43, 'variants/variant_4.jpg', 1, '2025-06-02 15:36:15', '2025-06-02 15:36:15'),
(386, 43, 'variants/variant_1.jpg', 1, '2025-06-02 15:36:15', '2025-06-02 15:36:15'),
(387, 43, 'variants/variant_4.jpg', 1, '2025-06-02 15:36:15', '2025-06-02 15:36:15'),
(388, 44, 'variants/variant_4.jpg', 1, '2025-06-02 15:36:15', '2025-06-02 15:36:15'),
(389, 44, 'variants/variant_4.jpg', 1, '2025-06-02 15:36:15', '2025-06-02 15:36:15'),
(390, 44, 'variants/variant_4.jpg', 1, '2025-06-02 15:36:15', '2025-06-02 15:36:15'),
(391, 44, 'variants/variant_1.jpg', 1, '2025-06-02 15:36:15', '2025-06-02 15:36:15'),
(392, 44, 'variants/variant_3.jpg', 1, '2025-06-02 15:36:15', '2025-06-02 15:36:15'),
(393, 44, 'variants/variant_5.jpg', 1, '2025-06-02 15:36:15', '2025-06-02 15:36:15'),
(394, 44, 'variants/variant_2.jpg', 1, '2025-06-02 15:36:15', '2025-06-02 15:36:15'),
(395, 44, 'variants/variant_5.jpg', 1, '2025-06-02 15:36:15', '2025-06-02 15:36:15'),
(396, 44, 'variants/variant_5.jpg', 1, '2025-06-02 15:36:15', '2025-06-02 15:36:15'),
(397, 45, 'variants/variant_5.jpg', 1, '2025-06-02 15:36:15', '2025-06-02 15:36:15'),
(398, 45, 'variants/variant_2.jpg', 1, '2025-06-02 15:36:15', '2025-06-02 15:36:15'),
(399, 45, 'variants/variant_4.jpg', 1, '2025-06-02 15:36:15', '2025-06-02 15:36:15'),
(400, 45, 'variants/variant_2.jpg', 1, '2025-06-02 15:36:15', '2025-06-02 15:36:15'),
(401, 45, 'variants/variant_3.jpg', 1, '2025-06-02 15:36:15', '2025-06-02 15:36:15'),
(402, 45, 'variants/variant_5.jpg', 1, '2025-06-02 15:36:15', '2025-06-02 15:36:15'),
(403, 45, 'variants/variant_3.jpg', 1, '2025-06-02 15:36:15', '2025-06-02 15:36:15'),
(404, 45, 'variants/variant_4.jpg', 1, '2025-06-02 15:36:15', '2025-06-02 15:36:15'),
(405, 45, 'variants/variant_1.jpg', 1, '2025-06-02 15:36:15', '2025-06-02 15:36:15'),
(406, 46, 'variants/variant_5.jpg', 1, '2025-06-02 15:36:15', '2025-06-02 15:36:15'),
(407, 46, 'variants/variant_4.jpg', 1, '2025-06-02 15:36:15', '2025-06-02 15:36:15'),
(408, 46, 'variants/variant_5.jpg', 1, '2025-06-02 15:36:15', '2025-06-02 15:36:15'),
(409, 46, 'variants/variant_5.jpg', 1, '2025-06-02 15:36:15', '2025-06-02 15:36:15'),
(410, 46, 'variants/variant_3.jpg', 1, '2025-06-02 15:36:15', '2025-06-02 15:36:15'),
(411, 46, 'variants/variant_3.jpg', 1, '2025-06-02 15:36:15', '2025-06-02 15:36:15'),
(412, 46, 'variants/variant_5.jpg', 1, '2025-06-02 15:36:15', '2025-06-02 15:36:15'),
(413, 46, 'variants/variant_2.jpg', 1, '2025-06-02 15:36:15', '2025-06-02 15:36:15'),
(414, 46, 'variants/variant_1.jpg', 1, '2025-06-02 15:36:15', '2025-06-02 15:36:15'),
(415, 47, 'variants/variant_2.jpg', 1, '2025-06-02 15:36:15', '2025-06-02 15:36:15'),
(416, 47, 'variants/variant_4.jpg', 1, '2025-06-02 15:36:15', '2025-06-02 15:36:15'),
(417, 47, 'variants/variant_1.jpg', 1, '2025-06-02 15:36:15', '2025-06-02 15:36:15'),
(418, 47, 'variants/variant_1.jpg', 1, '2025-06-02 15:36:15', '2025-06-02 15:36:15'),
(419, 47, 'variants/variant_4.jpg', 1, '2025-06-02 15:36:15', '2025-06-02 15:36:15'),
(420, 47, 'variants/variant_2.jpg', 1, '2025-06-02 15:36:15', '2025-06-02 15:36:15'),
(421, 47, 'variants/variant_5.jpg', 1, '2025-06-02 15:36:15', '2025-06-02 15:36:15'),
(422, 47, 'variants/variant_5.jpg', 1, '2025-06-02 15:36:15', '2025-06-02 15:36:15'),
(423, 47, 'variants/variant_5.jpg', 1, '2025-06-02 15:36:15', '2025-06-02 15:36:15'),
(424, 48, 'variants/variant_4.jpg', 1, '2025-06-02 15:36:15', '2025-06-02 15:36:15'),
(425, 48, 'variants/variant_3.jpg', 1, '2025-06-02 15:36:15', '2025-06-02 15:36:15'),
(426, 48, 'variants/variant_4.jpg', 1, '2025-06-02 15:36:15', '2025-06-02 15:36:15'),
(427, 48, 'variants/variant_4.jpg', 1, '2025-06-02 15:36:15', '2025-06-02 15:36:15'),
(428, 48, 'variants/variant_3.jpg', 1, '2025-06-02 15:36:15', '2025-06-02 15:36:15'),
(429, 48, 'variants/variant_4.jpg', 1, '2025-06-02 15:36:15', '2025-06-02 15:36:15'),
(430, 48, 'variants/variant_4.jpg', 1, '2025-06-02 15:36:15', '2025-06-02 15:36:15'),
(431, 48, 'variants/variant_5.jpg', 1, '2025-06-02 15:36:15', '2025-06-02 15:36:15'),
(432, 48, 'variants/variant_2.jpg', 1, '2025-06-02 15:36:15', '2025-06-02 15:36:15'),
(433, 49, 'variants/variant_5.jpg', 1, '2025-06-02 15:36:15', '2025-06-02 15:36:15'),
(434, 49, 'variants/variant_3.jpg', 1, '2025-06-02 15:36:15', '2025-06-02 15:36:15'),
(435, 49, 'variants/variant_2.jpg', 1, '2025-06-02 15:36:15', '2025-06-02 15:36:15'),
(436, 49, 'variants/variant_5.jpg', 1, '2025-06-02 15:36:15', '2025-06-02 15:36:15'),
(437, 49, 'variants/variant_4.jpg', 1, '2025-06-02 15:36:15', '2025-06-02 15:36:15'),
(438, 49, 'variants/variant_4.jpg', 1, '2025-06-02 15:36:15', '2025-06-02 15:36:15'),
(439, 49, 'variants/variant_2.jpg', 1, '2025-06-02 15:36:15', '2025-06-02 15:36:15'),
(440, 49, 'variants/variant_4.jpg', 1, '2025-06-02 15:36:15', '2025-06-02 15:36:15'),
(441, 49, 'variants/variant_3.jpg', 1, '2025-06-02 15:36:15', '2025-06-02 15:36:15'),
(442, 50, 'variants/variant_1.jpg', 1, '2025-06-02 15:36:15', '2025-06-02 15:36:15'),
(443, 50, 'variants/variant_3.jpg', 1, '2025-06-02 15:36:15', '2025-06-02 15:36:15'),
(444, 50, 'variants/variant_2.jpg', 1, '2025-06-02 15:36:15', '2025-06-02 15:36:15'),
(445, 50, 'variants/variant_3.jpg', 1, '2025-06-02 15:36:15', '2025-06-02 15:36:15'),
(446, 50, 'variants/variant_5.jpg', 1, '2025-06-02 15:36:15', '2025-06-02 15:36:15'),
(447, 50, 'variants/variant_3.jpg', 1, '2025-06-02 15:36:15', '2025-06-02 15:36:15'),
(448, 50, 'variants/variant_3.jpg', 1, '2025-06-02 15:36:15', '2025-06-02 15:36:15'),
(449, 50, 'variants/variant_4.jpg', 1, '2025-06-02 15:36:15', '2025-06-02 15:36:15'),
(450, 50, 'variants/variant_5.jpg', 1, '2025-06-02 15:36:15', '2025-06-02 15:36:15'),
(451, 51, 'variants/variant_5.jpg', 1, '2025-06-02 15:36:15', '2025-06-02 15:36:15'),
(452, 51, 'variants/variant_1.jpg', 1, '2025-06-02 15:36:15', '2025-06-02 15:36:15'),
(453, 51, 'variants/variant_5.jpg', 1, '2025-06-02 15:36:15', '2025-06-02 15:36:15'),
(454, 51, 'variants/variant_3.jpg', 1, '2025-06-02 15:36:15', '2025-06-02 15:36:15'),
(455, 51, 'variants/variant_5.jpg', 1, '2025-06-02 15:36:15', '2025-06-02 15:36:15'),
(456, 51, 'variants/variant_1.jpg', 1, '2025-06-02 15:36:15', '2025-06-02 15:36:15'),
(457, 51, 'variants/variant_4.jpg', 1, '2025-06-02 15:36:15', '2025-06-02 15:36:15'),
(458, 51, 'variants/variant_2.jpg', 1, '2025-06-02 15:36:15', '2025-06-02 15:36:15'),
(459, 51, 'variants/variant_5.jpg', 1, '2025-06-02 15:36:15', '2025-06-02 15:36:15'),
(460, 52, 'variants/variant_5.jpg', 1, '2025-06-02 15:36:15', '2025-06-02 15:36:15'),
(461, 52, 'variants/variant_5.jpg', 1, '2025-06-02 15:36:15', '2025-06-02 15:36:15'),
(462, 52, 'variants/variant_3.jpg', 1, '2025-06-02 15:36:15', '2025-06-02 15:36:15'),
(463, 52, 'variants/variant_1.jpg', 1, '2025-06-02 15:36:15', '2025-06-02 15:36:15'),
(464, 52, 'variants/variant_2.jpg', 1, '2025-06-02 15:36:15', '2025-06-02 15:36:15'),
(465, 52, 'variants/variant_2.jpg', 1, '2025-06-02 15:36:15', '2025-06-02 15:36:15'),
(466, 52, 'variants/variant_5.jpg', 1, '2025-06-02 15:36:15', '2025-06-02 15:36:15'),
(467, 52, 'variants/variant_4.jpg', 1, '2025-06-02 15:36:15', '2025-06-02 15:36:15'),
(468, 52, 'variants/variant_1.jpg', 1, '2025-06-02 15:36:15', '2025-06-02 15:36:15'),
(469, 53, 'variants/variant_1.jpg', 1, '2025-06-02 15:36:15', '2025-06-02 15:36:15'),
(470, 53, 'variants/variant_5.jpg', 1, '2025-06-02 15:36:15', '2025-06-02 15:36:15'),
(471, 53, 'variants/variant_5.jpg', 1, '2025-06-02 15:36:15', '2025-06-02 15:36:15'),
(472, 53, 'variants/variant_2.jpg', 1, '2025-06-02 15:36:15', '2025-06-02 15:36:15'),
(473, 53, 'variants/variant_2.jpg', 1, '2025-06-02 15:36:15', '2025-06-02 15:36:15'),
(474, 53, 'variants/variant_4.jpg', 1, '2025-06-02 15:36:15', '2025-06-02 15:36:15'),
(475, 53, 'variants/variant_3.jpg', 1, '2025-06-02 15:36:15', '2025-06-02 15:36:15'),
(476, 53, 'variants/variant_1.jpg', 1, '2025-06-02 15:36:15', '2025-06-02 15:36:15'),
(477, 53, 'variants/variant_1.jpg', 1, '2025-06-02 15:36:15', '2025-06-02 15:36:15'),
(478, 54, 'variants/variant_5.jpg', 1, '2025-06-02 15:36:15', '2025-06-02 15:36:15'),
(479, 54, 'variants/variant_3.jpg', 1, '2025-06-02 15:36:15', '2025-06-02 15:36:15'),
(480, 54, 'variants/variant_5.jpg', 1, '2025-06-02 15:36:15', '2025-06-02 15:36:15'),
(481, 54, 'variants/variant_5.jpg', 1, '2025-06-02 15:36:15', '2025-06-02 15:36:15'),
(482, 54, 'variants/variant_4.jpg', 1, '2025-06-02 15:36:15', '2025-06-02 15:36:15'),
(483, 54, 'variants/variant_4.jpg', 1, '2025-06-02 15:36:15', '2025-06-02 15:36:15'),
(484, 54, 'variants/variant_3.jpg', 1, '2025-06-02 15:36:15', '2025-06-02 15:36:15'),
(485, 54, 'variants/variant_1.jpg', 1, '2025-06-02 15:36:15', '2025-06-02 15:36:15'),
(486, 54, 'variants/variant_4.jpg', 1, '2025-06-02 15:36:15', '2025-06-02 15:36:15'),
(487, 55, 'variants/variant_4.jpg', 1, '2025-06-02 15:36:15', '2025-06-02 15:36:15'),
(488, 55, 'variants/variant_5.jpg', 1, '2025-06-02 15:36:15', '2025-06-02 15:36:15'),
(489, 55, 'variants/variant_5.jpg', 1, '2025-06-02 15:36:15', '2025-06-02 15:36:15'),
(490, 55, 'variants/variant_2.jpg', 1, '2025-06-02 15:36:15', '2025-06-02 15:36:15'),
(491, 55, 'variants/variant_1.jpg', 1, '2025-06-02 15:36:15', '2025-06-02 15:36:15'),
(492, 55, 'variants/variant_5.jpg', 1, '2025-06-02 15:36:15', '2025-06-02 15:36:15'),
(493, 55, 'variants/variant_3.jpg', 1, '2025-06-02 15:36:15', '2025-06-02 15:36:15'),
(494, 55, 'variants/variant_2.jpg', 1, '2025-06-02 15:36:15', '2025-06-02 15:36:15'),
(495, 55, 'variants/variant_2.jpg', 1, '2025-06-02 15:36:15', '2025-06-02 15:36:15'),
(496, 56, 'variants/variant_1.jpg', 1, '2025-06-02 15:36:15', '2025-06-02 15:36:15'),
(497, 56, 'variants/variant_2.jpg', 1, '2025-06-02 15:36:15', '2025-06-02 15:36:15'),
(498, 56, 'variants/variant_1.jpg', 1, '2025-06-02 15:36:15', '2025-06-02 15:36:15'),
(499, 56, 'variants/variant_3.jpg', 1, '2025-06-02 15:36:15', '2025-06-02 15:36:15'),
(500, 56, 'variants/variant_2.jpg', 1, '2025-06-02 15:36:15', '2025-06-02 15:36:15'),
(501, 56, 'variants/variant_2.jpg', 1, '2025-06-02 15:36:15', '2025-06-02 15:36:15'),
(502, 56, 'variants/variant_4.jpg', 1, '2025-06-02 15:36:15', '2025-06-02 15:36:15'),
(503, 56, 'variants/variant_5.jpg', 1, '2025-06-02 15:36:15', '2025-06-02 15:36:15'),
(504, 56, 'variants/variant_2.jpg', 1, '2025-06-02 15:36:15', '2025-06-02 15:36:15'),
(505, 57, 'variants/variant_5.jpg', 1, '2025-06-02 15:36:15', '2025-06-02 15:36:15'),
(506, 57, 'variants/variant_4.jpg', 1, '2025-06-02 15:36:15', '2025-06-02 15:36:15'),
(507, 57, 'variants/variant_3.jpg', 1, '2025-06-02 15:36:16', '2025-06-02 15:36:16'),
(508, 57, 'variants/variant_4.jpg', 1, '2025-06-02 15:36:16', '2025-06-02 15:36:16'),
(509, 57, 'variants/variant_3.jpg', 1, '2025-06-02 15:36:16', '2025-06-02 15:36:16'),
(510, 57, 'variants/variant_5.jpg', 1, '2025-06-02 15:36:16', '2025-06-02 15:36:16'),
(511, 57, 'variants/variant_4.jpg', 1, '2025-06-02 15:36:16', '2025-06-02 15:36:16'),
(512, 57, 'variants/variant_2.jpg', 1, '2025-06-02 15:36:16', '2025-06-02 15:36:16'),
(513, 57, 'variants/variant_4.jpg', 1, '2025-06-02 15:36:16', '2025-06-02 15:36:16'),
(514, 58, 'variants/variant_1.jpg', 1, '2025-06-02 15:36:16', '2025-06-02 15:36:16'),
(515, 58, 'variants/variant_1.jpg', 1, '2025-06-02 15:36:16', '2025-06-02 15:36:16'),
(516, 58, 'variants/variant_2.jpg', 1, '2025-06-02 15:36:16', '2025-06-02 15:36:16'),
(517, 58, 'variants/variant_4.jpg', 1, '2025-06-02 15:36:16', '2025-06-02 15:36:16'),
(518, 58, 'variants/variant_1.jpg', 1, '2025-06-02 15:36:16', '2025-06-02 15:36:16'),
(519, 58, 'variants/variant_4.jpg', 1, '2025-06-02 15:36:16', '2025-06-02 15:36:16'),
(520, 58, 'variants/variant_2.jpg', 1, '2025-06-02 15:36:16', '2025-06-02 15:36:16'),
(521, 58, 'variants/variant_4.jpg', 1, '2025-06-02 15:36:16', '2025-06-02 15:36:16'),
(522, 58, 'variants/variant_4.jpg', 1, '2025-06-02 15:36:16', '2025-06-02 15:36:16'),
(523, 59, 'variants/variant_3.jpg', 1, '2025-06-02 15:36:16', '2025-06-02 15:36:16'),
(524, 59, 'variants/variant_3.jpg', 1, '2025-06-02 15:36:16', '2025-06-02 15:36:16'),
(525, 59, 'variants/variant_1.jpg', 1, '2025-06-02 15:36:16', '2025-06-02 15:36:16'),
(526, 59, 'variants/variant_1.jpg', 1, '2025-06-02 15:36:16', '2025-06-02 15:36:16'),
(527, 59, 'variants/variant_3.jpg', 1, '2025-06-02 15:36:16', '2025-06-02 15:36:16'),
(528, 59, 'variants/variant_4.jpg', 1, '2025-06-02 15:36:16', '2025-06-02 15:36:16'),
(529, 59, 'variants/variant_4.jpg', 1, '2025-06-02 15:36:16', '2025-06-02 15:36:16'),
(530, 59, 'variants/variant_2.jpg', 1, '2025-06-02 15:36:16', '2025-06-02 15:36:16'),
(531, 59, 'variants/variant_5.jpg', 1, '2025-06-02 15:36:16', '2025-06-02 15:36:16'),
(532, 60, 'variants/variant_3.jpg', 1, '2025-06-02 15:36:16', '2025-06-02 15:36:16'),
(533, 60, 'variants/variant_3.jpg', 1, '2025-06-02 15:36:16', '2025-06-02 15:36:16'),
(534, 60, 'variants/variant_4.jpg', 1, '2025-06-02 15:36:16', '2025-06-02 15:36:16'),
(535, 60, 'variants/variant_3.jpg', 1, '2025-06-02 15:36:16', '2025-06-02 15:36:16'),
(536, 60, 'variants/variant_3.jpg', 1, '2025-06-02 15:36:16', '2025-06-02 15:36:16'),
(537, 60, 'variants/variant_2.jpg', 1, '2025-06-02 15:36:16', '2025-06-02 15:36:16'),
(538, 60, 'variants/variant_5.jpg', 1, '2025-06-02 15:36:16', '2025-06-02 15:36:16'),
(539, 60, 'variants/variant_2.jpg', 1, '2025-06-02 15:36:16', '2025-06-02 15:36:16'),
(540, 60, 'variants/variant_3.jpg', 1, '2025-06-02 15:36:16', '2025-06-02 15:36:16'),
(541, 61, 'variants/variant_2.jpg', 1, '2025-06-02 15:36:16', '2025-06-02 15:36:16'),
(542, 61, 'variants/variant_3.jpg', 1, '2025-06-02 15:36:16', '2025-06-02 15:36:16'),
(543, 61, 'variants/variant_5.jpg', 1, '2025-06-02 15:36:16', '2025-06-02 15:36:16'),
(544, 61, 'variants/variant_3.jpg', 1, '2025-06-02 15:36:16', '2025-06-02 15:36:16'),
(545, 61, 'variants/variant_3.jpg', 1, '2025-06-02 15:36:16', '2025-06-02 15:36:16'),
(546, 61, 'variants/variant_5.jpg', 1, '2025-06-02 15:36:16', '2025-06-02 15:36:16'),
(547, 61, 'variants/variant_1.jpg', 1, '2025-06-02 15:36:16', '2025-06-02 15:36:16'),
(548, 61, 'variants/variant_3.jpg', 1, '2025-06-02 15:36:16', '2025-06-02 15:36:16'),
(549, 61, 'variants/variant_4.jpg', 1, '2025-06-02 15:36:16', '2025-06-02 15:36:16'),
(550, 62, 'variants/variant_5.jpg', 1, '2025-06-02 15:36:16', '2025-06-02 15:36:16'),
(551, 62, 'variants/variant_3.jpg', 1, '2025-06-02 15:36:16', '2025-06-02 15:36:16'),
(552, 62, 'variants/variant_1.jpg', 1, '2025-06-02 15:36:16', '2025-06-02 15:36:16'),
(553, 62, 'variants/variant_3.jpg', 1, '2025-06-02 15:36:16', '2025-06-02 15:36:16'),
(554, 62, 'variants/variant_1.jpg', 1, '2025-06-02 15:36:16', '2025-06-02 15:36:16'),
(555, 62, 'variants/variant_5.jpg', 1, '2025-06-02 15:36:16', '2025-06-02 15:36:16'),
(556, 62, 'variants/variant_4.jpg', 1, '2025-06-02 15:36:16', '2025-06-02 15:36:16'),
(557, 62, 'variants/variant_5.jpg', 1, '2025-06-02 15:36:16', '2025-06-02 15:36:16'),
(558, 62, 'variants/variant_2.jpg', 1, '2025-06-02 15:36:16', '2025-06-02 15:36:16'),
(559, 63, 'variants/variant_2.jpg', 1, '2025-06-02 15:36:16', '2025-06-02 15:36:16'),
(560, 63, 'variants/variant_4.jpg', 1, '2025-06-02 15:36:16', '2025-06-02 15:36:16'),
(561, 63, 'variants/variant_4.jpg', 1, '2025-06-02 15:36:16', '2025-06-02 15:36:16'),
(562, 63, 'variants/variant_3.jpg', 1, '2025-06-02 15:36:16', '2025-06-02 15:36:16'),
(563, 63, 'variants/variant_3.jpg', 1, '2025-06-02 15:36:16', '2025-06-02 15:36:16'),
(564, 63, 'variants/variant_1.jpg', 1, '2025-06-02 15:36:16', '2025-06-02 15:36:16'),
(565, 63, 'variants/variant_3.jpg', 1, '2025-06-02 15:36:16', '2025-06-02 15:36:16'),
(566, 63, 'variants/variant_1.jpg', 1, '2025-06-02 15:36:16', '2025-06-02 15:36:16'),
(567, 63, 'variants/variant_4.jpg', 1, '2025-06-02 15:36:16', '2025-06-02 15:36:16'),
(568, 64, 'variants/variant_3.jpg', 1, '2025-06-02 15:36:16', '2025-06-02 15:36:16'),
(569, 64, 'variants/variant_5.jpg', 1, '2025-06-02 15:36:16', '2025-06-02 15:36:16'),
(570, 64, 'variants/variant_5.jpg', 1, '2025-06-02 15:36:16', '2025-06-02 15:36:16'),
(571, 64, 'variants/variant_2.jpg', 1, '2025-06-02 15:36:16', '2025-06-02 15:36:16'),
(572, 64, 'variants/variant_5.jpg', 1, '2025-06-02 15:36:16', '2025-06-02 15:36:16'),
(573, 64, 'variants/variant_4.jpg', 1, '2025-06-02 15:36:16', '2025-06-02 15:36:16'),
(574, 64, 'variants/variant_1.jpg', 1, '2025-06-02 15:36:16', '2025-06-02 15:36:16'),
(575, 64, 'variants/variant_4.jpg', 1, '2025-06-02 15:36:16', '2025-06-02 15:36:16'),
(576, 64, 'variants/variant_3.jpg', 1, '2025-06-02 15:36:16', '2025-06-02 15:36:16'),
(577, 65, 'variants/variant_2.jpg', 1, '2025-06-02 15:36:16', '2025-06-02 15:36:16'),
(578, 65, 'variants/variant_4.jpg', 1, '2025-06-02 15:36:16', '2025-06-02 15:36:16'),
(579, 65, 'variants/variant_4.jpg', 1, '2025-06-02 15:36:16', '2025-06-02 15:36:16'),
(580, 65, 'variants/variant_1.jpg', 1, '2025-06-02 15:36:16', '2025-06-02 15:36:16'),
(581, 65, 'variants/variant_2.jpg', 1, '2025-06-02 15:36:16', '2025-06-02 15:36:16'),
(582, 65, 'variants/variant_2.jpg', 1, '2025-06-02 15:36:16', '2025-06-02 15:36:16'),
(583, 65, 'variants/variant_4.jpg', 1, '2025-06-02 15:36:16', '2025-06-02 15:36:16'),
(584, 65, 'variants/variant_5.jpg', 1, '2025-06-02 15:36:16', '2025-06-02 15:36:16'),
(585, 65, 'variants/variant_5.jpg', 1, '2025-06-02 15:36:16', '2025-06-02 15:36:16'),
(586, 66, 'variants/variant_5.jpg', 1, '2025-06-02 15:36:16', '2025-06-02 15:36:16'),
(587, 66, 'variants/variant_4.jpg', 1, '2025-06-02 15:36:16', '2025-06-02 15:36:16'),
(588, 66, 'variants/variant_1.jpg', 1, '2025-06-02 15:36:16', '2025-06-02 15:36:16'),
(589, 66, 'variants/variant_1.jpg', 1, '2025-06-02 15:36:16', '2025-06-02 15:36:16'),
(590, 66, 'variants/variant_4.jpg', 1, '2025-06-02 15:36:16', '2025-06-02 15:36:16'),
(591, 66, 'variants/variant_3.jpg', 1, '2025-06-02 15:36:16', '2025-06-02 15:36:16'),
(592, 66, 'variants/variant_5.jpg', 1, '2025-06-02 15:36:16', '2025-06-02 15:36:16'),
(593, 66, 'variants/variant_2.jpg', 1, '2025-06-02 15:36:16', '2025-06-02 15:36:16'),
(594, 66, 'variants/variant_4.jpg', 1, '2025-06-02 15:36:16', '2025-06-02 15:36:16'),
(595, 67, 'variants/variant_5.jpg', 1, '2025-06-02 15:36:16', '2025-06-02 15:36:16'),
(596, 67, 'variants/variant_4.jpg', 1, '2025-06-02 15:36:16', '2025-06-02 15:36:16');
INSERT INTO `product_variants` (`id`, `product_id`, `image`, `active`, `created_at`, `updated_at`) VALUES
(597, 67, 'variants/variant_4.jpg', 1, '2025-06-02 15:36:16', '2025-06-02 15:36:16'),
(598, 67, 'variants/variant_4.jpg', 1, '2025-06-02 15:36:16', '2025-06-02 15:36:16'),
(599, 67, 'variants/variant_4.jpg', 1, '2025-06-02 15:36:16', '2025-06-02 15:36:16'),
(600, 67, 'variants/variant_2.jpg', 1, '2025-06-02 15:36:16', '2025-06-02 15:36:16'),
(601, 67, 'variants/variant_3.jpg', 1, '2025-06-02 15:36:16', '2025-06-02 15:36:16'),
(602, 67, 'variants/variant_4.jpg', 1, '2025-06-02 15:36:16', '2025-06-02 15:36:16'),
(603, 67, 'variants/variant_2.jpg', 1, '2025-06-02 15:36:16', '2025-06-02 15:36:16'),
(604, 68, 'variants/variant_2.jpg', 1, '2025-06-02 15:36:16', '2025-06-02 15:36:16'),
(605, 68, 'variants/variant_4.jpg', 1, '2025-06-02 15:36:16', '2025-06-02 15:36:16'),
(606, 68, 'variants/variant_2.jpg', 1, '2025-06-02 15:36:16', '2025-06-02 15:36:16'),
(607, 68, 'variants/variant_1.jpg', 1, '2025-06-02 15:36:16', '2025-06-02 15:36:16'),
(608, 68, 'variants/variant_4.jpg', 1, '2025-06-02 15:36:16', '2025-06-02 15:36:16'),
(609, 68, 'variants/variant_2.jpg', 1, '2025-06-02 15:36:16', '2025-06-02 15:36:16'),
(610, 68, 'variants/variant_3.jpg', 1, '2025-06-02 15:36:16', '2025-06-02 15:36:16'),
(611, 68, 'variants/variant_3.jpg', 1, '2025-06-02 15:36:16', '2025-06-02 15:36:16'),
(612, 68, 'variants/variant_1.jpg', 1, '2025-06-02 15:36:16', '2025-06-02 15:36:16'),
(613, 69, 'variants/variant_4.jpg', 1, '2025-06-02 15:36:16', '2025-06-02 15:36:16'),
(614, 69, 'variants/variant_3.jpg', 1, '2025-06-02 15:36:16', '2025-06-02 15:36:16'),
(615, 69, 'variants/variant_5.jpg', 1, '2025-06-02 15:36:16', '2025-06-02 15:36:16'),
(616, 69, 'variants/variant_4.jpg', 1, '2025-06-02 15:36:16', '2025-06-02 15:36:16'),
(617, 69, 'variants/variant_3.jpg', 1, '2025-06-02 15:36:16', '2025-06-02 15:36:16'),
(618, 69, 'variants/variant_5.jpg', 1, '2025-06-02 15:36:16', '2025-06-02 15:36:16'),
(619, 69, 'variants/variant_2.jpg', 1, '2025-06-02 15:36:16', '2025-06-02 15:36:16'),
(620, 69, 'variants/variant_2.jpg', 1, '2025-06-02 15:36:16', '2025-06-02 15:36:16'),
(621, 69, 'variants/variant_5.jpg', 1, '2025-06-02 15:36:16', '2025-06-02 15:36:16'),
(622, 70, 'variants/variant_4.jpg', 1, '2025-06-02 15:36:16', '2025-06-02 15:36:16'),
(623, 70, 'variants/variant_3.jpg', 1, '2025-06-02 15:36:16', '2025-06-02 15:36:16'),
(624, 70, 'variants/variant_5.jpg', 1, '2025-06-02 15:36:16', '2025-06-02 15:36:16'),
(625, 70, 'variants/variant_3.jpg', 1, '2025-06-02 15:36:16', '2025-06-02 15:36:16'),
(626, 70, 'variants/variant_1.jpg', 1, '2025-06-02 15:36:16', '2025-06-02 15:36:16'),
(627, 70, 'variants/variant_2.jpg', 1, '2025-06-02 15:36:16', '2025-06-02 15:36:16'),
(628, 70, 'variants/variant_4.jpg', 1, '2025-06-02 15:36:16', '2025-06-02 15:36:16'),
(629, 70, 'variants/variant_5.jpg', 1, '2025-06-02 15:36:16', '2025-06-02 15:36:16'),
(630, 70, 'variants/variant_2.jpg', 1, '2025-06-02 15:36:16', '2025-06-02 15:36:16'),
(631, 71, 'variants/variant_3.jpg', 1, '2025-06-02 15:36:16', '2025-06-02 15:36:16'),
(632, 71, 'variants/variant_5.jpg', 1, '2025-06-02 15:36:16', '2025-06-02 15:36:16'),
(633, 71, 'variants/variant_1.jpg', 1, '2025-06-02 15:36:16', '2025-06-02 15:36:16'),
(634, 71, 'variants/variant_1.jpg', 1, '2025-06-02 15:36:16', '2025-06-02 15:36:16'),
(635, 71, 'variants/variant_3.jpg', 1, '2025-06-02 15:36:16', '2025-06-02 15:36:16'),
(636, 71, 'variants/variant_3.jpg', 1, '2025-06-02 15:36:16', '2025-06-02 15:36:16'),
(637, 71, 'variants/variant_3.jpg', 1, '2025-06-02 15:36:16', '2025-06-02 15:36:16'),
(638, 71, 'variants/variant_2.jpg', 1, '2025-06-02 15:36:16', '2025-06-02 15:36:16'),
(639, 71, 'variants/variant_2.jpg', 1, '2025-06-02 15:36:16', '2025-06-02 15:36:16'),
(640, 72, 'variants/variant_1.jpg', 1, '2025-06-02 15:36:16', '2025-06-02 15:36:16'),
(641, 72, 'variants/variant_5.jpg', 1, '2025-06-02 15:36:16', '2025-06-02 15:36:16'),
(642, 72, 'variants/variant_2.jpg', 1, '2025-06-02 15:36:16', '2025-06-02 15:36:16'),
(643, 72, 'variants/variant_4.jpg', 1, '2025-06-02 15:36:16', '2025-06-02 15:36:16'),
(644, 72, 'variants/variant_1.jpg', 1, '2025-06-02 15:36:16', '2025-06-02 15:36:16'),
(645, 72, 'variants/variant_1.jpg', 1, '2025-06-02 15:36:16', '2025-06-02 15:36:16'),
(646, 72, 'variants/variant_3.jpg', 1, '2025-06-02 15:36:16', '2025-06-02 15:36:16'),
(647, 72, 'variants/variant_4.jpg', 1, '2025-06-02 15:36:16', '2025-06-02 15:36:16'),
(648, 72, 'variants/variant_2.jpg', 1, '2025-06-02 15:36:16', '2025-06-02 15:36:16'),
(649, 73, 'variants/variant_2.jpg', 1, '2025-06-02 15:36:16', '2025-06-02 15:36:16'),
(650, 73, 'variants/variant_2.jpg', 1, '2025-06-02 15:36:16', '2025-06-02 15:36:16'),
(651, 73, 'variants/variant_1.jpg', 1, '2025-06-02 15:36:16', '2025-06-02 15:36:16'),
(652, 73, 'variants/variant_5.jpg', 1, '2025-06-02 15:36:16', '2025-06-02 15:36:16'),
(653, 73, 'variants/variant_4.jpg', 1, '2025-06-02 15:36:16', '2025-06-02 15:36:16'),
(654, 73, 'variants/variant_1.jpg', 1, '2025-06-02 15:36:16', '2025-06-02 15:36:16'),
(655, 73, 'variants/variant_2.jpg', 1, '2025-06-02 15:36:16', '2025-06-02 15:36:16'),
(656, 73, 'variants/variant_3.jpg', 1, '2025-06-02 15:36:16', '2025-06-02 15:36:16'),
(657, 73, 'variants/variant_3.jpg', 1, '2025-06-02 15:36:16', '2025-06-02 15:36:16'),
(658, 74, 'variants/variant_5.jpg', 1, '2025-06-02 15:36:16', '2025-06-02 15:36:16'),
(659, 74, 'variants/variant_3.jpg', 1, '2025-06-02 15:36:16', '2025-06-02 15:36:16'),
(660, 74, 'variants/variant_4.jpg', 1, '2025-06-02 15:36:16', '2025-06-02 15:36:16'),
(661, 74, 'variants/variant_1.jpg', 1, '2025-06-02 15:36:16', '2025-06-02 15:36:16'),
(662, 74, 'variants/variant_4.jpg', 1, '2025-06-02 15:36:16', '2025-06-02 15:36:16'),
(663, 74, 'variants/variant_5.jpg', 1, '2025-06-02 15:36:16', '2025-06-02 15:36:16'),
(664, 74, 'variants/variant_3.jpg', 1, '2025-06-02 15:36:16', '2025-06-02 15:36:16'),
(665, 74, 'variants/variant_3.jpg', 1, '2025-06-02 15:36:16', '2025-06-02 15:36:16'),
(666, 74, 'variants/variant_5.jpg', 1, '2025-06-02 15:36:16', '2025-06-02 15:36:16'),
(667, 75, 'variants/variant_3.jpg', 1, '2025-06-02 15:36:16', '2025-06-02 15:36:16'),
(668, 75, 'variants/variant_4.jpg', 1, '2025-06-02 15:36:16', '2025-06-02 15:36:16'),
(669, 75, 'variants/variant_1.jpg', 1, '2025-06-02 15:36:16', '2025-06-02 15:36:16'),
(670, 75, 'variants/variant_1.jpg', 1, '2025-06-02 15:36:16', '2025-06-02 15:36:16'),
(671, 75, 'variants/variant_1.jpg', 1, '2025-06-02 15:36:16', '2025-06-02 15:36:16'),
(672, 75, 'variants/variant_3.jpg', 1, '2025-06-02 15:36:16', '2025-06-02 15:36:16'),
(673, 75, 'variants/variant_3.jpg', 1, '2025-06-02 15:36:16', '2025-06-02 15:36:16'),
(674, 75, 'variants/variant_4.jpg', 1, '2025-06-02 15:36:16', '2025-06-02 15:36:16'),
(675, 75, 'variants/variant_3.jpg', 1, '2025-06-02 15:36:16', '2025-06-02 15:36:16'),
(676, 76, 'variants/variant_5.jpg', 1, '2025-06-02 15:36:16', '2025-06-02 15:36:16'),
(677, 76, 'variants/variant_3.jpg', 1, '2025-06-02 15:36:16', '2025-06-02 15:36:16'),
(678, 76, 'variants/variant_3.jpg', 1, '2025-06-02 15:36:16', '2025-06-02 15:36:16'),
(679, 76, 'variants/variant_4.jpg', 1, '2025-06-02 15:36:16', '2025-06-02 15:36:16'),
(680, 76, 'variants/variant_4.jpg', 1, '2025-06-02 15:36:16', '2025-06-02 15:36:16'),
(681, 76, 'variants/variant_3.jpg', 1, '2025-06-02 15:36:16', '2025-06-02 15:36:16'),
(682, 76, 'variants/variant_3.jpg', 1, '2025-06-02 15:36:16', '2025-06-02 15:36:16'),
(683, 76, 'variants/variant_3.jpg', 1, '2025-06-02 15:36:16', '2025-06-02 15:36:16'),
(684, 76, 'variants/variant_2.jpg', 1, '2025-06-02 15:36:16', '2025-06-02 15:36:16'),
(685, 77, 'variants/variant_3.jpg', 1, '2025-06-02 15:36:16', '2025-06-02 15:36:16'),
(686, 77, 'variants/variant_2.jpg', 1, '2025-06-02 15:36:16', '2025-06-02 15:36:16'),
(687, 77, 'variants/variant_2.jpg', 1, '2025-06-02 15:36:16', '2025-06-02 15:36:16'),
(688, 77, 'variants/variant_1.jpg', 1, '2025-06-02 15:36:16', '2025-06-02 15:36:16'),
(689, 77, 'variants/variant_3.jpg', 1, '2025-06-02 15:36:16', '2025-06-02 15:36:16'),
(690, 77, 'variants/variant_2.jpg', 1, '2025-06-02 15:36:16', '2025-06-02 15:36:16'),
(691, 77, 'variants/variant_5.jpg', 1, '2025-06-02 15:36:16', '2025-06-02 15:36:16'),
(692, 77, 'variants/variant_5.jpg', 1, '2025-06-02 15:36:16', '2025-06-02 15:36:16'),
(693, 77, 'variants/variant_2.jpg', 1, '2025-06-02 15:36:16', '2025-06-02 15:36:16'),
(694, 78, 'variants/variant_1.jpg', 1, '2025-06-02 15:36:16', '2025-06-02 15:36:16'),
(695, 78, 'variants/variant_4.jpg', 1, '2025-06-02 15:36:16', '2025-06-02 15:36:16'),
(696, 78, 'variants/variant_5.jpg', 1, '2025-06-02 15:36:16', '2025-06-02 15:36:16'),
(697, 78, 'variants/variant_3.jpg', 1, '2025-06-02 15:36:16', '2025-06-02 15:36:16'),
(698, 78, 'variants/variant_1.jpg', 1, '2025-06-02 15:36:16', '2025-06-02 15:36:16'),
(699, 78, 'variants/variant_5.jpg', 1, '2025-06-02 15:36:16', '2025-06-02 15:36:16'),
(700, 78, 'variants/variant_1.jpg', 1, '2025-06-02 15:36:16', '2025-06-02 15:36:16'),
(701, 78, 'variants/variant_2.jpg', 1, '2025-06-02 15:36:16', '2025-06-02 15:36:16'),
(702, 78, 'variants/variant_1.jpg', 1, '2025-06-02 15:36:16', '2025-06-02 15:36:16'),
(703, 79, 'variants/variant_1.jpg', 1, '2025-06-02 15:36:16', '2025-06-02 15:36:16'),
(704, 79, 'variants/variant_5.jpg', 1, '2025-06-02 15:36:16', '2025-06-02 15:36:16'),
(705, 79, 'variants/variant_1.jpg', 1, '2025-06-02 15:36:16', '2025-06-02 15:36:16'),
(706, 79, 'variants/variant_3.jpg', 1, '2025-06-02 15:36:16', '2025-06-02 15:36:16'),
(707, 79, 'variants/variant_3.jpg', 1, '2025-06-02 15:36:16', '2025-06-02 15:36:16'),
(708, 79, 'variants/variant_5.jpg', 1, '2025-06-02 15:36:16', '2025-06-02 15:36:16'),
(709, 79, 'variants/variant_2.jpg', 1, '2025-06-02 15:36:16', '2025-06-02 15:36:16'),
(710, 79, 'variants/variant_4.jpg', 1, '2025-06-02 15:36:16', '2025-06-02 15:36:16'),
(711, 79, 'variants/variant_5.jpg', 1, '2025-06-02 15:36:16', '2025-06-02 15:36:16'),
(712, 80, 'variants/variant_2.jpg', 1, '2025-06-02 15:36:16', '2025-06-02 15:36:16'),
(713, 80, 'variants/variant_4.jpg', 1, '2025-06-02 15:36:16', '2025-06-02 15:36:16'),
(714, 80, 'variants/variant_2.jpg', 1, '2025-06-02 15:36:16', '2025-06-02 15:36:16'),
(715, 80, 'variants/variant_4.jpg', 1, '2025-06-02 15:36:16', '2025-06-02 15:36:16'),
(716, 80, 'variants/variant_1.jpg', 1, '2025-06-02 15:36:16', '2025-06-02 15:36:16'),
(717, 80, 'variants/variant_1.jpg', 1, '2025-06-02 15:36:16', '2025-06-02 15:36:16'),
(718, 80, 'variants/variant_2.jpg', 1, '2025-06-02 15:36:16', '2025-06-02 15:36:16'),
(719, 80, 'variants/variant_4.jpg', 1, '2025-06-02 15:36:16', '2025-06-02 15:36:16'),
(720, 80, 'variants/variant_2.jpg', 1, '2025-06-02 15:36:16', '2025-06-02 15:36:16'),
(721, 81, 'variants/variant_5.jpg', 1, '2025-06-02 15:36:16', '2025-06-02 15:36:16'),
(722, 81, 'variants/variant_5.jpg', 1, '2025-06-02 15:36:16', '2025-06-02 15:36:16'),
(723, 81, 'variants/variant_2.jpg', 1, '2025-06-02 15:36:16', '2025-06-02 15:36:16'),
(724, 81, 'variants/variant_2.jpg', 1, '2025-06-02 15:36:16', '2025-06-02 15:36:16'),
(725, 81, 'variants/variant_2.jpg', 1, '2025-06-02 15:36:16', '2025-06-02 15:36:16'),
(726, 81, 'variants/variant_5.jpg', 1, '2025-06-02 15:36:16', '2025-06-02 15:36:16'),
(727, 81, 'variants/variant_2.jpg', 1, '2025-06-02 15:36:16', '2025-06-02 15:36:16'),
(728, 81, 'variants/variant_3.jpg', 1, '2025-06-02 15:36:16', '2025-06-02 15:36:16'),
(729, 81, 'variants/variant_2.jpg', 1, '2025-06-02 15:36:16', '2025-06-02 15:36:16'),
(730, 82, 'variants/variant_2.jpg', 1, '2025-06-02 15:36:16', '2025-06-02 15:36:16'),
(731, 82, 'variants/variant_5.jpg', 1, '2025-06-02 15:36:16', '2025-06-02 15:36:16'),
(732, 82, 'variants/variant_2.jpg', 1, '2025-06-02 15:36:16', '2025-06-02 15:36:16'),
(733, 82, 'variants/variant_4.jpg', 1, '2025-06-02 15:36:16', '2025-06-02 15:36:16'),
(734, 82, 'variants/variant_3.jpg', 1, '2025-06-02 15:36:16', '2025-06-02 15:36:16'),
(735, 82, 'variants/variant_3.jpg', 1, '2025-06-02 15:36:16', '2025-06-02 15:36:16'),
(736, 82, 'variants/variant_1.jpg', 1, '2025-06-02 15:36:16', '2025-06-02 15:36:16'),
(737, 82, 'variants/variant_5.jpg', 1, '2025-06-02 15:36:16', '2025-06-02 15:36:16'),
(738, 82, 'variants/variant_5.jpg', 1, '2025-06-02 15:36:16', '2025-06-02 15:36:16'),
(739, 83, 'variants/variant_5.jpg', 1, '2025-06-02 15:36:16', '2025-06-02 15:36:16'),
(740, 83, 'variants/variant_3.jpg', 1, '2025-06-02 15:36:16', '2025-06-02 15:36:16'),
(741, 83, 'variants/variant_4.jpg', 1, '2025-06-02 15:36:16', '2025-06-02 15:36:16'),
(742, 83, 'variants/variant_5.jpg', 1, '2025-06-02 15:36:16', '2025-06-02 15:36:16'),
(743, 83, 'variants/variant_1.jpg', 1, '2025-06-02 15:36:16', '2025-06-02 15:36:16'),
(744, 83, 'variants/variant_4.jpg', 1, '2025-06-02 15:36:16', '2025-06-02 15:36:16'),
(745, 83, 'variants/variant_3.jpg', 1, '2025-06-02 15:36:17', '2025-06-02 15:36:17'),
(746, 83, 'variants/variant_5.jpg', 1, '2025-06-02 15:36:17', '2025-06-02 15:36:17'),
(747, 83, 'variants/variant_5.jpg', 1, '2025-06-02 15:36:17', '2025-06-02 15:36:17'),
(748, 84, 'variants/variant_2.jpg', 1, '2025-06-02 15:36:17', '2025-06-02 15:36:17'),
(749, 84, 'variants/variant_1.jpg', 1, '2025-06-02 15:36:17', '2025-06-02 15:36:17'),
(750, 84, 'variants/variant_5.jpg', 1, '2025-06-02 15:36:17', '2025-06-02 15:36:17'),
(751, 84, 'variants/variant_1.jpg', 1, '2025-06-02 15:36:17', '2025-06-02 15:36:17'),
(752, 84, 'variants/variant_2.jpg', 1, '2025-06-02 15:36:17', '2025-06-02 15:36:17'),
(753, 84, 'variants/variant_4.jpg', 1, '2025-06-02 15:36:17', '2025-06-02 15:36:17'),
(754, 84, 'variants/variant_5.jpg', 1, '2025-06-02 15:36:17', '2025-06-02 15:36:17'),
(755, 84, 'variants/variant_3.jpg', 1, '2025-06-02 15:36:17', '2025-06-02 15:36:17'),
(756, 84, 'variants/variant_5.jpg', 1, '2025-06-02 15:36:17', '2025-06-02 15:36:17'),
(757, 85, 'variants/variant_1.jpg', 1, '2025-06-02 15:36:17', '2025-06-02 15:36:17'),
(758, 85, 'variants/variant_5.jpg', 1, '2025-06-02 15:36:17', '2025-06-02 15:36:17'),
(759, 85, 'variants/variant_3.jpg', 1, '2025-06-02 15:36:17', '2025-06-02 15:36:17'),
(760, 85, 'variants/variant_3.jpg', 1, '2025-06-02 15:36:17', '2025-06-02 15:36:17'),
(761, 85, 'variants/variant_1.jpg', 1, '2025-06-02 15:36:17', '2025-06-02 15:36:17'),
(762, 85, 'variants/variant_3.jpg', 1, '2025-06-02 15:36:17', '2025-06-02 15:36:17'),
(763, 85, 'variants/variant_2.jpg', 1, '2025-06-02 15:36:17', '2025-06-02 15:36:17'),
(764, 85, 'variants/variant_1.jpg', 1, '2025-06-02 15:36:17', '2025-06-02 15:36:17'),
(765, 85, 'variants/variant_4.jpg', 1, '2025-06-02 15:36:17', '2025-06-02 15:36:17'),
(766, 86, 'variants/variant_2.jpg', 1, '2025-06-02 15:36:17', '2025-06-02 15:36:17'),
(767, 86, 'variants/variant_4.jpg', 1, '2025-06-02 15:36:17', '2025-06-02 15:36:17'),
(768, 86, 'variants/variant_5.jpg', 1, '2025-06-02 15:36:17', '2025-06-02 15:36:17'),
(769, 86, 'variants/variant_1.jpg', 1, '2025-06-02 15:36:17', '2025-06-02 15:36:17'),
(770, 86, 'variants/variant_5.jpg', 1, '2025-06-02 15:36:17', '2025-06-02 15:36:17'),
(771, 86, 'variants/variant_3.jpg', 1, '2025-06-02 15:36:17', '2025-06-02 15:36:17'),
(772, 86, 'variants/variant_1.jpg', 1, '2025-06-02 15:36:17', '2025-06-02 15:36:17'),
(773, 86, 'variants/variant_1.jpg', 1, '2025-06-02 15:36:17', '2025-06-02 15:36:17'),
(774, 86, 'variants/variant_1.jpg', 1, '2025-06-02 15:36:17', '2025-06-02 15:36:17'),
(775, 87, 'variants/variant_3.jpg', 1, '2025-06-02 15:36:17', '2025-06-02 15:36:17'),
(776, 87, 'variants/variant_5.jpg', 1, '2025-06-02 15:36:17', '2025-06-02 15:36:17'),
(777, 87, 'variants/variant_1.jpg', 1, '2025-06-02 15:36:17', '2025-06-02 15:36:17'),
(778, 87, 'variants/variant_4.jpg', 1, '2025-06-02 15:36:17', '2025-06-02 15:36:17'),
(779, 87, 'variants/variant_3.jpg', 1, '2025-06-02 15:36:17', '2025-06-02 15:36:17'),
(780, 87, 'variants/variant_4.jpg', 1, '2025-06-02 15:36:17', '2025-06-02 15:36:17'),
(781, 87, 'variants/variant_3.jpg', 1, '2025-06-02 15:36:17', '2025-06-02 15:36:17'),
(782, 87, 'variants/variant_4.jpg', 1, '2025-06-02 15:36:17', '2025-06-02 15:36:17'),
(783, 87, 'variants/variant_5.jpg', 1, '2025-06-02 15:36:17', '2025-06-02 15:36:17'),
(784, 88, 'variants/variant_3.jpg', 1, '2025-06-02 15:36:17', '2025-06-02 15:36:17'),
(785, 88, 'variants/variant_1.jpg', 1, '2025-06-02 15:36:17', '2025-06-02 15:36:17'),
(786, 88, 'variants/variant_3.jpg', 1, '2025-06-02 15:36:17', '2025-06-02 15:36:17'),
(787, 88, 'variants/variant_1.jpg', 1, '2025-06-02 15:36:17', '2025-06-02 15:36:17'),
(788, 88, 'variants/variant_3.jpg', 1, '2025-06-02 15:36:17', '2025-06-02 15:36:17'),
(789, 88, 'variants/variant_5.jpg', 1, '2025-06-02 15:36:17', '2025-06-02 15:36:17'),
(790, 88, 'variants/variant_1.jpg', 1, '2025-06-02 15:36:17', '2025-06-02 15:36:17'),
(791, 88, 'variants/variant_4.jpg', 1, '2025-06-02 15:36:17', '2025-06-02 15:36:17'),
(792, 88, 'variants/variant_5.jpg', 1, '2025-06-02 15:36:17', '2025-06-02 15:36:17'),
(793, 89, 'variants/variant_1.jpg', 1, '2025-06-02 15:36:17', '2025-06-02 15:36:17'),
(794, 89, 'variants/variant_3.jpg', 1, '2025-06-02 15:36:17', '2025-06-02 15:36:17'),
(795, 89, 'variants/variant_4.jpg', 1, '2025-06-02 15:36:17', '2025-06-02 15:36:17'),
(796, 89, 'variants/variant_5.jpg', 1, '2025-06-02 15:36:17', '2025-06-02 15:36:17'),
(797, 89, 'variants/variant_2.jpg', 1, '2025-06-02 15:36:17', '2025-06-02 15:36:17'),
(798, 89, 'variants/variant_5.jpg', 1, '2025-06-02 15:36:17', '2025-06-02 15:36:17'),
(799, 89, 'variants/variant_5.jpg', 1, '2025-06-02 15:36:17', '2025-06-02 15:36:17'),
(800, 89, 'variants/variant_1.jpg', 1, '2025-06-02 15:36:17', '2025-06-02 15:36:17'),
(801, 89, 'variants/variant_4.jpg', 1, '2025-06-02 15:36:17', '2025-06-02 15:36:17'),
(802, 90, 'variants/variant_1.jpg', 1, '2025-06-02 15:36:17', '2025-06-02 15:36:17'),
(803, 90, 'variants/variant_5.jpg', 1, '2025-06-02 15:36:17', '2025-06-02 15:36:17'),
(804, 90, 'variants/variant_1.jpg', 1, '2025-06-02 15:36:17', '2025-06-02 15:36:17'),
(805, 90, 'variants/variant_3.jpg', 1, '2025-06-02 15:36:17', '2025-06-02 15:36:17'),
(806, 90, 'variants/variant_2.jpg', 1, '2025-06-02 15:36:17', '2025-06-02 15:36:17'),
(807, 90, 'variants/variant_1.jpg', 1, '2025-06-02 15:36:17', '2025-06-02 15:36:17'),
(808, 90, 'variants/variant_4.jpg', 1, '2025-06-02 15:36:17', '2025-06-02 15:36:17'),
(809, 90, 'variants/variant_4.jpg', 1, '2025-06-02 15:36:17', '2025-06-02 15:36:17'),
(810, 90, 'variants/variant_4.jpg', 1, '2025-06-02 15:36:17', '2025-06-02 15:36:17');

-- --------------------------------------------------------

--
-- Table structure for table `product_variant_details`
--

CREATE TABLE `product_variant_details` (
  `id` bigint UNSIGNED NOT NULL,
  `product_variant_id` bigint UNSIGNED NOT NULL,
  `variant_value_id` bigint UNSIGNED NOT NULL,
  `created_at` timestamp NULL DEFAULT NULL,
  `updated_at` timestamp NULL DEFAULT NULL
) ENGINE=InnoDB DEFAULT CHARSET=utf8mb4 COLLATE=utf8mb4_unicode_ci;

--
-- Dumping data for table `product_variant_details`
--

INSERT INTO `product_variant_details` (`id`, `product_variant_id`, `variant_value_id`, `created_at`, `updated_at`) VALUES
(1, 1, 1, '2025-06-02 15:36:13', '2025-06-02 15:36:13'),
(2, 1, 4, '2025-06-02 15:36:13', '2025-06-02 15:36:13'),
(3, 2, 1, '2025-06-02 15:36:13', '2025-06-02 15:36:13'),
(4, 2, 5, '2025-06-02 15:36:13', '2025-06-02 15:36:13'),
(5, 3, 1, '2025-06-02 15:36:13', '2025-06-02 15:36:13'),
(6, 3, 6, '2025-06-02 15:36:13', '2025-06-02 15:36:13'),
(7, 4, 2, '2025-06-02 15:36:13', '2025-06-02 15:36:13'),
(8, 4, 4, '2025-06-02 15:36:13', '2025-06-02 15:36:13'),
(9, 5, 2, '2025-06-02 15:36:13', '2025-06-02 15:36:13'),
(10, 5, 5, '2025-06-02 15:36:13', '2025-06-02 15:36:13'),
(11, 6, 2, '2025-06-02 15:36:13', '2025-06-02 15:36:13'),
(12, 6, 6, '2025-06-02 15:36:13', '2025-06-02 15:36:13'),
(13, 7, 3, '2025-06-02 15:36:13', '2025-06-02 15:36:13'),
(14, 7, 4, '2025-06-02 15:36:13', '2025-06-02 15:36:13'),
(15, 8, 3, '2025-06-02 15:36:13', '2025-06-02 15:36:13'),
(16, 8, 5, '2025-06-02 15:36:13', '2025-06-02 15:36:13'),
(17, 9, 3, '2025-06-02 15:36:13', '2025-06-02 15:36:13'),
(18, 9, 6, '2025-06-02 15:36:13', '2025-06-02 15:36:13'),
(19, 10, 1, '2025-06-02 15:36:13', '2025-06-02 15:36:13'),
(20, 10, 4, '2025-06-02 15:36:13', '2025-06-02 15:36:13'),
(21, 11, 1, '2025-06-02 15:36:13', '2025-06-02 15:36:13'),
(22, 11, 5, '2025-06-02 15:36:13', '2025-06-02 15:36:13'),
(23, 12, 1, '2025-06-02 15:36:13', '2025-06-02 15:36:13'),
(24, 12, 6, '2025-06-02 15:36:13', '2025-06-02 15:36:13'),
(25, 13, 2, '2025-06-02 15:36:13', '2025-06-02 15:36:13'),
(26, 13, 4, '2025-06-02 15:36:13', '2025-06-02 15:36:13'),
(27, 14, 2, '2025-06-02 15:36:13', '2025-06-02 15:36:13'),
(28, 14, 5, '2025-06-02 15:36:13', '2025-06-02 15:36:13'),
(29, 15, 2, '2025-06-02 15:36:13', '2025-06-02 15:36:13'),
(30, 15, 6, '2025-06-02 15:36:13', '2025-06-02 15:36:13'),
(31, 16, 3, '2025-06-02 15:36:13', '2025-06-02 15:36:13'),
(32, 16, 4, '2025-06-02 15:36:13', '2025-06-02 15:36:13'),
(33, 17, 3, '2025-06-02 15:36:13', '2025-06-02 15:36:13'),
(34, 17, 5, '2025-06-02 15:36:13', '2025-06-02 15:36:13'),
(35, 18, 3, '2025-06-02 15:36:13', '2025-06-02 15:36:13'),
(36, 18, 6, '2025-06-02 15:36:13', '2025-06-02 15:36:13'),
(37, 19, 1, '2025-06-02 15:36:13', '2025-06-02 15:36:13'),
(38, 19, 4, '2025-06-02 15:36:13', '2025-06-02 15:36:13'),
(39, 20, 1, '2025-06-02 15:36:13', '2025-06-02 15:36:13'),
(40, 20, 5, '2025-06-02 15:36:13', '2025-06-02 15:36:13'),
(41, 21, 1, '2025-06-02 15:36:13', '2025-06-02 15:36:13'),
(42, 21, 6, '2025-06-02 15:36:13', '2025-06-02 15:36:13'),
(43, 22, 2, '2025-06-02 15:36:13', '2025-06-02 15:36:13'),
(44, 22, 4, '2025-06-02 15:36:13', '2025-06-02 15:36:13'),
(45, 23, 2, '2025-06-02 15:36:13', '2025-06-02 15:36:13'),
(46, 23, 5, '2025-06-02 15:36:13', '2025-06-02 15:36:13'),
(47, 24, 2, '2025-06-02 15:36:13', '2025-06-02 15:36:13'),
(48, 24, 6, '2025-06-02 15:36:13', '2025-06-02 15:36:13'),
(49, 25, 3, '2025-06-02 15:36:13', '2025-06-02 15:36:13'),
(50, 25, 4, '2025-06-02 15:36:13', '2025-06-02 15:36:13'),
(51, 26, 3, '2025-06-02 15:36:13', '2025-06-02 15:36:13'),
(52, 26, 5, '2025-06-02 15:36:13', '2025-06-02 15:36:13'),
(53, 27, 3, '2025-06-02 15:36:13', '2025-06-02 15:36:13'),
(54, 27, 6, '2025-06-02 15:36:13', '2025-06-02 15:36:13'),
(55, 28, 1, '2025-06-02 15:36:13', '2025-06-02 15:36:13'),
(56, 28, 4, '2025-06-02 15:36:13', '2025-06-02 15:36:13'),
(57, 29, 1, '2025-06-02 15:36:13', '2025-06-02 15:36:13'),
(58, 29, 5, '2025-06-02 15:36:13', '2025-06-02 15:36:13'),
(59, 30, 1, '2025-06-02 15:36:13', '2025-06-02 15:36:13'),
(60, 30, 6, '2025-06-02 15:36:13', '2025-06-02 15:36:13'),
(61, 31, 2, '2025-06-02 15:36:13', '2025-06-02 15:36:13'),
(62, 31, 4, '2025-06-02 15:36:13', '2025-06-02 15:36:13'),
(63, 32, 2, '2025-06-02 15:36:13', '2025-06-02 15:36:13'),
(64, 32, 5, '2025-06-02 15:36:13', '2025-06-02 15:36:13'),
(65, 33, 2, '2025-06-02 15:36:13', '2025-06-02 15:36:13'),
(66, 33, 6, '2025-06-02 15:36:13', '2025-06-02 15:36:13'),
(67, 34, 3, '2025-06-02 15:36:13', '2025-06-02 15:36:13'),
(68, 34, 4, '2025-06-02 15:36:13', '2025-06-02 15:36:13'),
(69, 35, 3, '2025-06-02 15:36:13', '2025-06-02 15:36:13'),
(70, 35, 5, '2025-06-02 15:36:13', '2025-06-02 15:36:13'),
(71, 36, 3, '2025-06-02 15:36:13', '2025-06-02 15:36:13'),
(72, 36, 6, '2025-06-02 15:36:13', '2025-06-02 15:36:13'),
(73, 37, 1, '2025-06-02 15:36:13', '2025-06-02 15:36:13'),
(74, 37, 4, '2025-06-02 15:36:13', '2025-06-02 15:36:13'),
(75, 38, 1, '2025-06-02 15:36:13', '2025-06-02 15:36:13'),
(76, 38, 5, '2025-06-02 15:36:13', '2025-06-02 15:36:13'),
(77, 39, 1, '2025-06-02 15:36:13', '2025-06-02 15:36:13'),
(78, 39, 6, '2025-06-02 15:36:13', '2025-06-02 15:36:13'),
(79, 40, 2, '2025-06-02 15:36:13', '2025-06-02 15:36:13'),
(80, 40, 4, '2025-06-02 15:36:13', '2025-06-02 15:36:13'),
(81, 41, 2, '2025-06-02 15:36:13', '2025-06-02 15:36:13'),
(82, 41, 5, '2025-06-02 15:36:13', '2025-06-02 15:36:13'),
(83, 42, 2, '2025-06-02 15:36:13', '2025-06-02 15:36:13'),
(84, 42, 6, '2025-06-02 15:36:13', '2025-06-02 15:36:13'),
(85, 43, 3, '2025-06-02 15:36:13', '2025-06-02 15:36:13'),
(86, 43, 4, '2025-06-02 15:36:13', '2025-06-02 15:36:13'),
(87, 44, 3, '2025-06-02 15:36:13', '2025-06-02 15:36:13'),
(88, 44, 5, '2025-06-02 15:36:13', '2025-06-02 15:36:13'),
(89, 45, 3, '2025-06-02 15:36:13', '2025-06-02 15:36:13'),
(90, 45, 6, '2025-06-02 15:36:13', '2025-06-02 15:36:13'),
(91, 46, 1, '2025-06-02 15:36:13', '2025-06-02 15:36:13'),
(92, 46, 4, '2025-06-02 15:36:13', '2025-06-02 15:36:13'),
(93, 47, 1, '2025-06-02 15:36:13', '2025-06-02 15:36:13'),
(94, 47, 5, '2025-06-02 15:36:13', '2025-06-02 15:36:13'),
(95, 48, 1, '2025-06-02 15:36:13', '2025-06-02 15:36:13'),
(96, 48, 6, '2025-06-02 15:36:13', '2025-06-02 15:36:13'),
(97, 49, 2, '2025-06-02 15:36:13', '2025-06-02 15:36:13'),
(98, 49, 4, '2025-06-02 15:36:13', '2025-06-02 15:36:13'),
(99, 50, 2, '2025-06-02 15:36:13', '2025-06-02 15:36:13'),
(100, 50, 5, '2025-06-02 15:36:13', '2025-06-02 15:36:13'),
(101, 51, 2, '2025-06-02 15:36:13', '2025-06-02 15:36:13'),
(102, 51, 6, '2025-06-02 15:36:13', '2025-06-02 15:36:13'),
(103, 52, 3, '2025-06-02 15:36:13', '2025-06-02 15:36:13'),
(104, 52, 4, '2025-06-02 15:36:13', '2025-06-02 15:36:13'),
(105, 53, 3, '2025-06-02 15:36:13', '2025-06-02 15:36:13'),
(106, 53, 5, '2025-06-02 15:36:13', '2025-06-02 15:36:13'),
(107, 54, 3, '2025-06-02 15:36:13', '2025-06-02 15:36:13'),
(108, 54, 6, '2025-06-02 15:36:13', '2025-06-02 15:36:13'),
(109, 55, 1, '2025-06-02 15:36:13', '2025-06-02 15:36:13'),
(110, 55, 4, '2025-06-02 15:36:13', '2025-06-02 15:36:13'),
(111, 56, 1, '2025-06-02 15:36:13', '2025-06-02 15:36:13'),
(112, 56, 5, '2025-06-02 15:36:13', '2025-06-02 15:36:13'),
(113, 57, 1, '2025-06-02 15:36:13', '2025-06-02 15:36:13'),
(114, 57, 6, '2025-06-02 15:36:13', '2025-06-02 15:36:13'),
(115, 58, 2, '2025-06-02 15:36:13', '2025-06-02 15:36:13'),
(116, 58, 4, '2025-06-02 15:36:13', '2025-06-02 15:36:13'),
(117, 59, 2, '2025-06-02 15:36:13', '2025-06-02 15:36:13'),
(118, 59, 5, '2025-06-02 15:36:13', '2025-06-02 15:36:13'),
(119, 60, 2, '2025-06-02 15:36:13', '2025-06-02 15:36:13'),
(120, 60, 6, '2025-06-02 15:36:13', '2025-06-02 15:36:13'),
(121, 61, 3, '2025-06-02 15:36:13', '2025-06-02 15:36:13'),
(122, 61, 4, '2025-06-02 15:36:13', '2025-06-02 15:36:13'),
(123, 62, 3, '2025-06-02 15:36:13', '2025-06-02 15:36:13'),
(124, 62, 5, '2025-06-02 15:36:13', '2025-06-02 15:36:13'),
(125, 63, 3, '2025-06-02 15:36:13', '2025-06-02 15:36:13'),
(126, 63, 6, '2025-06-02 15:36:13', '2025-06-02 15:36:13'),
(127, 64, 1, '2025-06-02 15:36:13', '2025-06-02 15:36:13'),
(128, 64, 4, '2025-06-02 15:36:13', '2025-06-02 15:36:13'),
(129, 65, 1, '2025-06-02 15:36:13', '2025-06-02 15:36:13'),
(130, 65, 5, '2025-06-02 15:36:13', '2025-06-02 15:36:13'),
(131, 66, 1, '2025-06-02 15:36:13', '2025-06-02 15:36:13'),
(132, 66, 6, '2025-06-02 15:36:13', '2025-06-02 15:36:13'),
(133, 67, 2, '2025-06-02 15:36:13', '2025-06-02 15:36:13'),
(134, 67, 4, '2025-06-02 15:36:13', '2025-06-02 15:36:13'),
(135, 68, 2, '2025-06-02 15:36:13', '2025-06-02 15:36:13'),
(136, 68, 5, '2025-06-02 15:36:13', '2025-06-02 15:36:13'),
(137, 69, 2, '2025-06-02 15:36:13', '2025-06-02 15:36:13'),
(138, 69, 6, '2025-06-02 15:36:13', '2025-06-02 15:36:13'),
(139, 70, 3, '2025-06-02 15:36:13', '2025-06-02 15:36:13'),
(140, 70, 4, '2025-06-02 15:36:13', '2025-06-02 15:36:13'),
(141, 71, 3, '2025-06-02 15:36:13', '2025-06-02 15:36:13'),
(142, 71, 5, '2025-06-02 15:36:13', '2025-06-02 15:36:13'),
(143, 72, 3, '2025-06-02 15:36:13', '2025-06-02 15:36:13'),
(144, 72, 6, '2025-06-02 15:36:13', '2025-06-02 15:36:13'),
(145, 73, 1, '2025-06-02 15:36:13', '2025-06-02 15:36:13'),
(146, 73, 4, '2025-06-02 15:36:13', '2025-06-02 15:36:13'),
(147, 74, 1, '2025-06-02 15:36:13', '2025-06-02 15:36:13'),
(148, 74, 5, '2025-06-02 15:36:13', '2025-06-02 15:36:13'),
(149, 75, 1, '2025-06-02 15:36:13', '2025-06-02 15:36:13'),
(150, 75, 6, '2025-06-02 15:36:13', '2025-06-02 15:36:13'),
(151, 76, 2, '2025-06-02 15:36:13', '2025-06-02 15:36:13'),
(152, 76, 4, '2025-06-02 15:36:13', '2025-06-02 15:36:13'),
(153, 77, 2, '2025-06-02 15:36:13', '2025-06-02 15:36:13'),
(154, 77, 5, '2025-06-02 15:36:13', '2025-06-02 15:36:13'),
(155, 78, 2, '2025-06-02 15:36:13', '2025-06-02 15:36:13'),
(156, 78, 6, '2025-06-02 15:36:13', '2025-06-02 15:36:13'),
(157, 79, 3, '2025-06-02 15:36:13', '2025-06-02 15:36:13'),
(158, 79, 4, '2025-06-02 15:36:13', '2025-06-02 15:36:13'),
(159, 80, 3, '2025-06-02 15:36:13', '2025-06-02 15:36:13'),
(160, 80, 5, '2025-06-02 15:36:13', '2025-06-02 15:36:13'),
(161, 81, 3, '2025-06-02 15:36:13', '2025-06-02 15:36:13'),
(162, 81, 6, '2025-06-02 15:36:13', '2025-06-02 15:36:13'),
(163, 82, 1, '2025-06-02 15:36:13', '2025-06-02 15:36:13'),
(164, 82, 4, '2025-06-02 15:36:13', '2025-06-02 15:36:13'),
(165, 83, 1, '2025-06-02 15:36:13', '2025-06-02 15:36:13'),
(166, 83, 5, '2025-06-02 15:36:13', '2025-06-02 15:36:13'),
(167, 84, 1, '2025-06-02 15:36:13', '2025-06-02 15:36:13'),
(168, 84, 6, '2025-06-02 15:36:13', '2025-06-02 15:36:13'),
(169, 85, 2, '2025-06-02 15:36:13', '2025-06-02 15:36:13'),
(170, 85, 4, '2025-06-02 15:36:13', '2025-06-02 15:36:13'),
(171, 86, 2, '2025-06-02 15:36:13', '2025-06-02 15:36:13'),
(172, 86, 5, '2025-06-02 15:36:13', '2025-06-02 15:36:13'),
(173, 87, 2, '2025-06-02 15:36:13', '2025-06-02 15:36:13'),
(174, 87, 6, '2025-06-02 15:36:13', '2025-06-02 15:36:13'),
(175, 88, 3, '2025-06-02 15:36:13', '2025-06-02 15:36:13'),
(176, 88, 4, '2025-06-02 15:36:13', '2025-06-02 15:36:13'),
(177, 89, 3, '2025-06-02 15:36:13', '2025-06-02 15:36:13'),
(178, 89, 5, '2025-06-02 15:36:13', '2025-06-02 15:36:13'),
(179, 90, 3, '2025-06-02 15:36:13', '2025-06-02 15:36:13'),
(180, 90, 6, '2025-06-02 15:36:13', '2025-06-02 15:36:13'),
(181, 91, 1, '2025-06-02 15:36:13', '2025-06-02 15:36:13'),
(182, 91, 4, '2025-06-02 15:36:13', '2025-06-02 15:36:13'),
(183, 92, 1, '2025-06-02 15:36:13', '2025-06-02 15:36:13'),
(184, 92, 5, '2025-06-02 15:36:13', '2025-06-02 15:36:13'),
(185, 93, 1, '2025-06-02 15:36:13', '2025-06-02 15:36:13'),
(186, 93, 6, '2025-06-02 15:36:13', '2025-06-02 15:36:13'),
(187, 94, 2, '2025-06-02 15:36:13', '2025-06-02 15:36:13'),
(188, 94, 4, '2025-06-02 15:36:13', '2025-06-02 15:36:13'),
(189, 95, 2, '2025-06-02 15:36:13', '2025-06-02 15:36:13'),
(190, 95, 5, '2025-06-02 15:36:13', '2025-06-02 15:36:13'),
(191, 96, 2, '2025-06-02 15:36:13', '2025-06-02 15:36:13'),
(192, 96, 6, '2025-06-02 15:36:13', '2025-06-02 15:36:13'),
(193, 97, 3, '2025-06-02 15:36:13', '2025-06-02 15:36:13'),
(194, 97, 4, '2025-06-02 15:36:13', '2025-06-02 15:36:13'),
(195, 98, 3, '2025-06-02 15:36:13', '2025-06-02 15:36:13'),
(196, 98, 5, '2025-06-02 15:36:13', '2025-06-02 15:36:13'),
(197, 99, 3, '2025-06-02 15:36:13', '2025-06-02 15:36:13'),
(198, 99, 6, '2025-06-02 15:36:13', '2025-06-02 15:36:13'),
(199, 100, 1, '2025-06-02 15:36:13', '2025-06-02 15:36:13'),
(200, 100, 4, '2025-06-02 15:36:13', '2025-06-02 15:36:13'),
(201, 101, 1, '2025-06-02 15:36:13', '2025-06-02 15:36:13'),
(202, 101, 5, '2025-06-02 15:36:13', '2025-06-02 15:36:13'),
(203, 102, 1, '2025-06-02 15:36:13', '2025-06-02 15:36:13'),
(204, 102, 6, '2025-06-02 15:36:13', '2025-06-02 15:36:13'),
(205, 103, 2, '2025-06-02 15:36:13', '2025-06-02 15:36:13'),
(206, 103, 4, '2025-06-02 15:36:13', '2025-06-02 15:36:13'),
(207, 104, 2, '2025-06-02 15:36:13', '2025-06-02 15:36:13'),
(208, 104, 5, '2025-06-02 15:36:13', '2025-06-02 15:36:13'),
(209, 105, 2, '2025-06-02 15:36:13', '2025-06-02 15:36:13'),
(210, 105, 6, '2025-06-02 15:36:13', '2025-06-02 15:36:13'),
(211, 106, 3, '2025-06-02 15:36:13', '2025-06-02 15:36:13'),
(212, 106, 4, '2025-06-02 15:36:13', '2025-06-02 15:36:13'),
(213, 107, 3, '2025-06-02 15:36:13', '2025-06-02 15:36:13'),
(214, 107, 5, '2025-06-02 15:36:13', '2025-06-02 15:36:13'),
(215, 108, 3, '2025-06-02 15:36:13', '2025-06-02 15:36:13'),
(216, 108, 6, '2025-06-02 15:36:13', '2025-06-02 15:36:13'),
(217, 109, 1, '2025-06-02 15:36:13', '2025-06-02 15:36:13'),
(218, 109, 4, '2025-06-02 15:36:13', '2025-06-02 15:36:13'),
(219, 110, 1, '2025-06-02 15:36:13', '2025-06-02 15:36:13'),
(220, 110, 5, '2025-06-02 15:36:13', '2025-06-02 15:36:13'),
(221, 111, 1, '2025-06-02 15:36:13', '2025-06-02 15:36:13'),
(222, 111, 6, '2025-06-02 15:36:13', '2025-06-02 15:36:13'),
(223, 112, 2, '2025-06-02 15:36:13', '2025-06-02 15:36:13'),
(224, 112, 4, '2025-06-02 15:36:13', '2025-06-02 15:36:13'),
(225, 113, 2, '2025-06-02 15:36:13', '2025-06-02 15:36:13'),
(226, 113, 5, '2025-06-02 15:36:13', '2025-06-02 15:36:13'),
(227, 114, 2, '2025-06-02 15:36:13', '2025-06-02 15:36:13'),
(228, 114, 6, '2025-06-02 15:36:13', '2025-06-02 15:36:13'),
(229, 115, 3, '2025-06-02 15:36:13', '2025-06-02 15:36:13'),
(230, 115, 4, '2025-06-02 15:36:13', '2025-06-02 15:36:13'),
(231, 116, 3, '2025-06-02 15:36:13', '2025-06-02 15:36:13'),
(232, 116, 5, '2025-06-02 15:36:13', '2025-06-02 15:36:13'),
(233, 117, 3, '2025-06-02 15:36:13', '2025-06-02 15:36:13'),
(234, 117, 6, '2025-06-02 15:36:13', '2025-06-02 15:36:13'),
(235, 118, 1, '2025-06-02 15:36:13', '2025-06-02 15:36:13'),
(236, 118, 4, '2025-06-02 15:36:13', '2025-06-02 15:36:13'),
(237, 119, 1, '2025-06-02 15:36:13', '2025-06-02 15:36:13'),
(238, 119, 5, '2025-06-02 15:36:13', '2025-06-02 15:36:13'),
(239, 120, 1, '2025-06-02 15:36:13', '2025-06-02 15:36:13'),
(240, 120, 6, '2025-06-02 15:36:13', '2025-06-02 15:36:13'),
(241, 121, 2, '2025-06-02 15:36:13', '2025-06-02 15:36:13'),
(242, 121, 4, '2025-06-02 15:36:13', '2025-06-02 15:36:13'),
(243, 122, 2, '2025-06-02 15:36:13', '2025-06-02 15:36:13'),
(244, 122, 5, '2025-06-02 15:36:13', '2025-06-02 15:36:13'),
(245, 123, 2, '2025-06-02 15:36:13', '2025-06-02 15:36:13'),
(246, 123, 6, '2025-06-02 15:36:13', '2025-06-02 15:36:13'),
(247, 124, 3, '2025-06-02 15:36:13', '2025-06-02 15:36:13'),
(248, 124, 4, '2025-06-02 15:36:13', '2025-06-02 15:36:13'),
(249, 125, 3, '2025-06-02 15:36:13', '2025-06-02 15:36:13'),
(250, 125, 5, '2025-06-02 15:36:13', '2025-06-02 15:36:13'),
(251, 126, 3, '2025-06-02 15:36:13', '2025-06-02 15:36:13'),
(252, 126, 6, '2025-06-02 15:36:13', '2025-06-02 15:36:13'),
(253, 127, 1, '2025-06-02 15:36:13', '2025-06-02 15:36:13'),
(254, 127, 4, '2025-06-02 15:36:13', '2025-06-02 15:36:13'),
(255, 128, 1, '2025-06-02 15:36:13', '2025-06-02 15:36:13'),
(256, 128, 5, '2025-06-02 15:36:13', '2025-06-02 15:36:13'),
(257, 129, 1, '2025-06-02 15:36:13', '2025-06-02 15:36:13'),
(258, 129, 6, '2025-06-02 15:36:13', '2025-06-02 15:36:13'),
(259, 130, 2, '2025-06-02 15:36:13', '2025-06-02 15:36:13'),
(260, 130, 4, '2025-06-02 15:36:13', '2025-06-02 15:36:13'),
(261, 131, 2, '2025-06-02 15:36:13', '2025-06-02 15:36:13'),
(262, 131, 5, '2025-06-02 15:36:13', '2025-06-02 15:36:13'),
(263, 132, 2, '2025-06-02 15:36:13', '2025-06-02 15:36:13'),
(264, 132, 6, '2025-06-02 15:36:13', '2025-06-02 15:36:13'),
(265, 133, 3, '2025-06-02 15:36:13', '2025-06-02 15:36:13'),
(266, 133, 4, '2025-06-02 15:36:13', '2025-06-02 15:36:13'),
(267, 134, 3, '2025-06-02 15:36:13', '2025-06-02 15:36:13'),
(268, 134, 5, '2025-06-02 15:36:13', '2025-06-02 15:36:13'),
(269, 135, 3, '2025-06-02 15:36:13', '2025-06-02 15:36:13'),
(270, 135, 6, '2025-06-02 15:36:13', '2025-06-02 15:36:13'),
(271, 136, 1, '2025-06-02 15:36:13', '2025-06-02 15:36:13'),
(272, 136, 4, '2025-06-02 15:36:13', '2025-06-02 15:36:13'),
(273, 137, 1, '2025-06-02 15:36:13', '2025-06-02 15:36:13'),
(274, 137, 5, '2025-06-02 15:36:13', '2025-06-02 15:36:13'),
(275, 138, 1, '2025-06-02 15:36:13', '2025-06-02 15:36:13'),
(276, 138, 6, '2025-06-02 15:36:13', '2025-06-02 15:36:13'),
(277, 139, 2, '2025-06-02 15:36:13', '2025-06-02 15:36:13'),
(278, 139, 4, '2025-06-02 15:36:13', '2025-06-02 15:36:13'),
(279, 140, 2, '2025-06-02 15:36:13', '2025-06-02 15:36:13'),
(280, 140, 5, '2025-06-02 15:36:13', '2025-06-02 15:36:13'),
(281, 141, 2, '2025-06-02 15:36:13', '2025-06-02 15:36:13'),
(282, 141, 6, '2025-06-02 15:36:13', '2025-06-02 15:36:13'),
(283, 142, 3, '2025-06-02 15:36:13', '2025-06-02 15:36:13'),
(284, 142, 4, '2025-06-02 15:36:13', '2025-06-02 15:36:13'),
(285, 143, 3, '2025-06-02 15:36:14', '2025-06-02 15:36:14'),
(286, 143, 5, '2025-06-02 15:36:14', '2025-06-02 15:36:14'),
(287, 144, 3, '2025-06-02 15:36:14', '2025-06-02 15:36:14'),
(288, 144, 6, '2025-06-02 15:36:14', '2025-06-02 15:36:14'),
(289, 145, 1, '2025-06-02 15:36:14', '2025-06-02 15:36:14'),
(290, 145, 4, '2025-06-02 15:36:14', '2025-06-02 15:36:14'),
(291, 146, 1, '2025-06-02 15:36:14', '2025-06-02 15:36:14'),
(292, 146, 5, '2025-06-02 15:36:14', '2025-06-02 15:36:14'),
(293, 147, 1, '2025-06-02 15:36:14', '2025-06-02 15:36:14'),
(294, 147, 6, '2025-06-02 15:36:14', '2025-06-02 15:36:14'),
(295, 148, 2, '2025-06-02 15:36:14', '2025-06-02 15:36:14'),
(296, 148, 4, '2025-06-02 15:36:14', '2025-06-02 15:36:14'),
(297, 149, 2, '2025-06-02 15:36:14', '2025-06-02 15:36:14'),
(298, 149, 5, '2025-06-02 15:36:14', '2025-06-02 15:36:14'),
(299, 150, 2, '2025-06-02 15:36:14', '2025-06-02 15:36:14'),
(300, 150, 6, '2025-06-02 15:36:14', '2025-06-02 15:36:14'),
(301, 151, 3, '2025-06-02 15:36:14', '2025-06-02 15:36:14'),
(302, 151, 4, '2025-06-02 15:36:14', '2025-06-02 15:36:14'),
(303, 152, 3, '2025-06-02 15:36:14', '2025-06-02 15:36:14'),
(304, 152, 5, '2025-06-02 15:36:14', '2025-06-02 15:36:14'),
(305, 153, 3, '2025-06-02 15:36:14', '2025-06-02 15:36:14'),
(306, 153, 6, '2025-06-02 15:36:14', '2025-06-02 15:36:14'),
(307, 154, 1, '2025-06-02 15:36:14', '2025-06-02 15:36:14'),
(308, 154, 4, '2025-06-02 15:36:14', '2025-06-02 15:36:14'),
(309, 155, 1, '2025-06-02 15:36:14', '2025-06-02 15:36:14'),
(310, 155, 5, '2025-06-02 15:36:14', '2025-06-02 15:36:14'),
(311, 156, 1, '2025-06-02 15:36:14', '2025-06-02 15:36:14'),
(312, 156, 6, '2025-06-02 15:36:14', '2025-06-02 15:36:14'),
(313, 157, 2, '2025-06-02 15:36:14', '2025-06-02 15:36:14'),
(314, 157, 4, '2025-06-02 15:36:14', '2025-06-02 15:36:14'),
(315, 158, 2, '2025-06-02 15:36:14', '2025-06-02 15:36:14'),
(316, 158, 5, '2025-06-02 15:36:14', '2025-06-02 15:36:14'),
(317, 159, 2, '2025-06-02 15:36:14', '2025-06-02 15:36:14'),
(318, 159, 6, '2025-06-02 15:36:14', '2025-06-02 15:36:14'),
(319, 160, 3, '2025-06-02 15:36:14', '2025-06-02 15:36:14'),
(320, 160, 4, '2025-06-02 15:36:14', '2025-06-02 15:36:14'),
(321, 161, 3, '2025-06-02 15:36:14', '2025-06-02 15:36:14'),
(322, 161, 5, '2025-06-02 15:36:14', '2025-06-02 15:36:14'),
(323, 162, 3, '2025-06-02 15:36:14', '2025-06-02 15:36:14'),
(324, 162, 6, '2025-06-02 15:36:14', '2025-06-02 15:36:14'),
(325, 163, 1, '2025-06-02 15:36:14', '2025-06-02 15:36:14'),
(326, 163, 4, '2025-06-02 15:36:14', '2025-06-02 15:36:14'),
(327, 164, 1, '2025-06-02 15:36:14', '2025-06-02 15:36:14'),
(328, 164, 5, '2025-06-02 15:36:14', '2025-06-02 15:36:14'),
(329, 165, 1, '2025-06-02 15:36:14', '2025-06-02 15:36:14'),
(330, 165, 6, '2025-06-02 15:36:14', '2025-06-02 15:36:14'),
(331, 166, 2, '2025-06-02 15:36:14', '2025-06-02 15:36:14'),
(332, 166, 4, '2025-06-02 15:36:14', '2025-06-02 15:36:14'),
(333, 167, 2, '2025-06-02 15:36:14', '2025-06-02 15:36:14'),
(334, 167, 5, '2025-06-02 15:36:14', '2025-06-02 15:36:14'),
(335, 168, 2, '2025-06-02 15:36:14', '2025-06-02 15:36:14'),
(336, 168, 6, '2025-06-02 15:36:14', '2025-06-02 15:36:14'),
(337, 169, 3, '2025-06-02 15:36:14', '2025-06-02 15:36:14'),
(338, 169, 4, '2025-06-02 15:36:14', '2025-06-02 15:36:14'),
(339, 170, 3, '2025-06-02 15:36:14', '2025-06-02 15:36:14'),
(340, 170, 5, '2025-06-02 15:36:14', '2025-06-02 15:36:14'),
(341, 171, 3, '2025-06-02 15:36:14', '2025-06-02 15:36:14'),
(342, 171, 6, '2025-06-02 15:36:14', '2025-06-02 15:36:14'),
(343, 172, 1, '2025-06-02 15:36:14', '2025-06-02 15:36:14'),
(344, 172, 4, '2025-06-02 15:36:14', '2025-06-02 15:36:14'),
(345, 173, 1, '2025-06-02 15:36:14', '2025-06-02 15:36:14'),
(346, 173, 5, '2025-06-02 15:36:14', '2025-06-02 15:36:14'),
(347, 174, 1, '2025-06-02 15:36:14', '2025-06-02 15:36:14'),
(348, 174, 6, '2025-06-02 15:36:14', '2025-06-02 15:36:14'),
(349, 175, 2, '2025-06-02 15:36:14', '2025-06-02 15:36:14'),
(350, 175, 4, '2025-06-02 15:36:14', '2025-06-02 15:36:14'),
(351, 176, 2, '2025-06-02 15:36:14', '2025-06-02 15:36:14'),
(352, 176, 5, '2025-06-02 15:36:14', '2025-06-02 15:36:14'),
(353, 177, 2, '2025-06-02 15:36:14', '2025-06-02 15:36:14'),
(354, 177, 6, '2025-06-02 15:36:14', '2025-06-02 15:36:14'),
(355, 178, 3, '2025-06-02 15:36:14', '2025-06-02 15:36:14'),
(356, 178, 4, '2025-06-02 15:36:14', '2025-06-02 15:36:14'),
(357, 179, 3, '2025-06-02 15:36:14', '2025-06-02 15:36:14'),
(358, 179, 5, '2025-06-02 15:36:14', '2025-06-02 15:36:14'),
(359, 180, 3, '2025-06-02 15:36:14', '2025-06-02 15:36:14'),
(360, 180, 6, '2025-06-02 15:36:14', '2025-06-02 15:36:14'),
(361, 181, 1, '2025-06-02 15:36:14', '2025-06-02 15:36:14'),
(362, 181, 4, '2025-06-02 15:36:14', '2025-06-02 15:36:14'),
(363, 182, 1, '2025-06-02 15:36:14', '2025-06-02 15:36:14'),
(364, 182, 5, '2025-06-02 15:36:14', '2025-06-02 15:36:14'),
(365, 183, 1, '2025-06-02 15:36:14', '2025-06-02 15:36:14'),
(366, 183, 6, '2025-06-02 15:36:14', '2025-06-02 15:36:14'),
(367, 184, 2, '2025-06-02 15:36:14', '2025-06-02 15:36:14'),
(368, 184, 4, '2025-06-02 15:36:14', '2025-06-02 15:36:14'),
(369, 185, 2, '2025-06-02 15:36:14', '2025-06-02 15:36:14'),
(370, 185, 5, '2025-06-02 15:36:14', '2025-06-02 15:36:14'),
(371, 186, 2, '2025-06-02 15:36:14', '2025-06-02 15:36:14'),
(372, 186, 6, '2025-06-02 15:36:14', '2025-06-02 15:36:14'),
(373, 187, 3, '2025-06-02 15:36:14', '2025-06-02 15:36:14'),
(374, 187, 4, '2025-06-02 15:36:14', '2025-06-02 15:36:14'),
(375, 188, 3, '2025-06-02 15:36:14', '2025-06-02 15:36:14'),
(376, 188, 5, '2025-06-02 15:36:14', '2025-06-02 15:36:14'),
(377, 189, 3, '2025-06-02 15:36:14', '2025-06-02 15:36:14'),
(378, 189, 6, '2025-06-02 15:36:14', '2025-06-02 15:36:14'),
(379, 190, 1, '2025-06-02 15:36:14', '2025-06-02 15:36:14'),
(380, 190, 4, '2025-06-02 15:36:14', '2025-06-02 15:36:14'),
(381, 191, 1, '2025-06-02 15:36:14', '2025-06-02 15:36:14'),
(382, 191, 5, '2025-06-02 15:36:14', '2025-06-02 15:36:14'),
(383, 192, 1, '2025-06-02 15:36:14', '2025-06-02 15:36:14'),
(384, 192, 6, '2025-06-02 15:36:14', '2025-06-02 15:36:14'),
(385, 193, 2, '2025-06-02 15:36:14', '2025-06-02 15:36:14'),
(386, 193, 4, '2025-06-02 15:36:14', '2025-06-02 15:36:14'),
(387, 194, 2, '2025-06-02 15:36:14', '2025-06-02 15:36:14'),
(388, 194, 5, '2025-06-02 15:36:14', '2025-06-02 15:36:14'),
(389, 195, 2, '2025-06-02 15:36:14', '2025-06-02 15:36:14'),
(390, 195, 6, '2025-06-02 15:36:14', '2025-06-02 15:36:14'),
(391, 196, 3, '2025-06-02 15:36:14', '2025-06-02 15:36:14'),
(392, 196, 4, '2025-06-02 15:36:14', '2025-06-02 15:36:14'),
(393, 197, 3, '2025-06-02 15:36:14', '2025-06-02 15:36:14'),
(394, 197, 5, '2025-06-02 15:36:14', '2025-06-02 15:36:14'),
(395, 198, 3, '2025-06-02 15:36:14', '2025-06-02 15:36:14'),
(396, 198, 6, '2025-06-02 15:36:14', '2025-06-02 15:36:14'),
(397, 199, 1, '2025-06-02 15:36:14', '2025-06-02 15:36:14'),
(398, 199, 4, '2025-06-02 15:36:14', '2025-06-02 15:36:14'),
(399, 200, 1, '2025-06-02 15:36:14', '2025-06-02 15:36:14'),
(400, 200, 5, '2025-06-02 15:36:14', '2025-06-02 15:36:14'),
(401, 201, 1, '2025-06-02 15:36:14', '2025-06-02 15:36:14'),
(402, 201, 6, '2025-06-02 15:36:14', '2025-06-02 15:36:14'),
(403, 202, 2, '2025-06-02 15:36:14', '2025-06-02 15:36:14'),
(404, 202, 4, '2025-06-02 15:36:14', '2025-06-02 15:36:14'),
(405, 203, 2, '2025-06-02 15:36:14', '2025-06-02 15:36:14'),
(406, 203, 5, '2025-06-02 15:36:14', '2025-06-02 15:36:14'),
(407, 204, 2, '2025-06-02 15:36:14', '2025-06-02 15:36:14'),
(408, 204, 6, '2025-06-02 15:36:14', '2025-06-02 15:36:14'),
(409, 205, 3, '2025-06-02 15:36:14', '2025-06-02 15:36:14'),
(410, 205, 4, '2025-06-02 15:36:14', '2025-06-02 15:36:14'),
(411, 206, 3, '2025-06-02 15:36:14', '2025-06-02 15:36:14'),
(412, 206, 5, '2025-06-02 15:36:14', '2025-06-02 15:36:14'),
(413, 207, 3, '2025-06-02 15:36:14', '2025-06-02 15:36:14'),
(414, 207, 6, '2025-06-02 15:36:14', '2025-06-02 15:36:14'),
(415, 208, 1, '2025-06-02 15:36:14', '2025-06-02 15:36:14'),
(416, 208, 4, '2025-06-02 15:36:14', '2025-06-02 15:36:14'),
(417, 209, 1, '2025-06-02 15:36:14', '2025-06-02 15:36:14'),
(418, 209, 5, '2025-06-02 15:36:14', '2025-06-02 15:36:14'),
(419, 210, 1, '2025-06-02 15:36:14', '2025-06-02 15:36:14'),
(420, 210, 6, '2025-06-02 15:36:14', '2025-06-02 15:36:14'),
(421, 211, 2, '2025-06-02 15:36:14', '2025-06-02 15:36:14'),
(422, 211, 4, '2025-06-02 15:36:14', '2025-06-02 15:36:14'),
(423, 212, 2, '2025-06-02 15:36:14', '2025-06-02 15:36:14'),
(424, 212, 5, '2025-06-02 15:36:14', '2025-06-02 15:36:14'),
(425, 213, 2, '2025-06-02 15:36:14', '2025-06-02 15:36:14'),
(426, 213, 6, '2025-06-02 15:36:14', '2025-06-02 15:36:14'),
(427, 214, 3, '2025-06-02 15:36:14', '2025-06-02 15:36:14'),
(428, 214, 4, '2025-06-02 15:36:14', '2025-06-02 15:36:14'),
(429, 215, 3, '2025-06-02 15:36:14', '2025-06-02 15:36:14'),
(430, 215, 5, '2025-06-02 15:36:14', '2025-06-02 15:36:14'),
(431, 216, 3, '2025-06-02 15:36:14', '2025-06-02 15:36:14'),
(432, 216, 6, '2025-06-02 15:36:14', '2025-06-02 15:36:14'),
(433, 217, 1, '2025-06-02 15:36:14', '2025-06-02 15:36:14'),
(434, 217, 4, '2025-06-02 15:36:14', '2025-06-02 15:36:14'),
(435, 218, 1, '2025-06-02 15:36:14', '2025-06-02 15:36:14'),
(436, 218, 5, '2025-06-02 15:36:14', '2025-06-02 15:36:14'),
(437, 219, 1, '2025-06-02 15:36:14', '2025-06-02 15:36:14'),
(438, 219, 6, '2025-06-02 15:36:14', '2025-06-02 15:36:14'),
(439, 220, 2, '2025-06-02 15:36:14', '2025-06-02 15:36:14'),
(440, 220, 4, '2025-06-02 15:36:14', '2025-06-02 15:36:14'),
(441, 221, 2, '2025-06-02 15:36:14', '2025-06-02 15:36:14'),
(442, 221, 5, '2025-06-02 15:36:14', '2025-06-02 15:36:14'),
(443, 222, 2, '2025-06-02 15:36:14', '2025-06-02 15:36:14'),
(444, 222, 6, '2025-06-02 15:36:14', '2025-06-02 15:36:14'),
(445, 223, 3, '2025-06-02 15:36:14', '2025-06-02 15:36:14'),
(446, 223, 4, '2025-06-02 15:36:14', '2025-06-02 15:36:14'),
(447, 224, 3, '2025-06-02 15:36:14', '2025-06-02 15:36:14'),
(448, 224, 5, '2025-06-02 15:36:14', '2025-06-02 15:36:14'),
(449, 225, 3, '2025-06-02 15:36:14', '2025-06-02 15:36:14'),
(450, 225, 6, '2025-06-02 15:36:14', '2025-06-02 15:36:14'),
(451, 226, 1, '2025-06-02 15:36:14', '2025-06-02 15:36:14'),
(452, 226, 4, '2025-06-02 15:36:14', '2025-06-02 15:36:14'),
(453, 227, 1, '2025-06-02 15:36:14', '2025-06-02 15:36:14'),
(454, 227, 5, '2025-06-02 15:36:14', '2025-06-02 15:36:14'),
(455, 228, 1, '2025-06-02 15:36:14', '2025-06-02 15:36:14'),
(456, 228, 6, '2025-06-02 15:36:14', '2025-06-02 15:36:14'),
(457, 229, 2, '2025-06-02 15:36:14', '2025-06-02 15:36:14'),
(458, 229, 4, '2025-06-02 15:36:14', '2025-06-02 15:36:14'),
(459, 230, 2, '2025-06-02 15:36:14', '2025-06-02 15:36:14'),
(460, 230, 5, '2025-06-02 15:36:14', '2025-06-02 15:36:14'),
(461, 231, 2, '2025-06-02 15:36:14', '2025-06-02 15:36:14'),
(462, 231, 6, '2025-06-02 15:36:14', '2025-06-02 15:36:14'),
(463, 232, 3, '2025-06-02 15:36:14', '2025-06-02 15:36:14'),
(464, 232, 4, '2025-06-02 15:36:14', '2025-06-02 15:36:14'),
(465, 233, 3, '2025-06-02 15:36:14', '2025-06-02 15:36:14'),
(466, 233, 5, '2025-06-02 15:36:14', '2025-06-02 15:36:14'),
(467, 234, 3, '2025-06-02 15:36:14', '2025-06-02 15:36:14'),
(468, 234, 6, '2025-06-02 15:36:14', '2025-06-02 15:36:14'),
(469, 235, 1, '2025-06-02 15:36:14', '2025-06-02 15:36:14'),
(470, 235, 4, '2025-06-02 15:36:14', '2025-06-02 15:36:14'),
(471, 236, 1, '2025-06-02 15:36:14', '2025-06-02 15:36:14'),
(472, 236, 5, '2025-06-02 15:36:14', '2025-06-02 15:36:14'),
(473, 237, 1, '2025-06-02 15:36:14', '2025-06-02 15:36:14'),
(474, 237, 6, '2025-06-02 15:36:14', '2025-06-02 15:36:14'),
(475, 238, 2, '2025-06-02 15:36:14', '2025-06-02 15:36:14'),
(476, 238, 4, '2025-06-02 15:36:14', '2025-06-02 15:36:14'),
(477, 239, 2, '2025-06-02 15:36:14', '2025-06-02 15:36:14'),
(478, 239, 5, '2025-06-02 15:36:14', '2025-06-02 15:36:14'),
(479, 240, 2, '2025-06-02 15:36:14', '2025-06-02 15:36:14'),
(480, 240, 6, '2025-06-02 15:36:14', '2025-06-02 15:36:14'),
(481, 241, 3, '2025-06-02 15:36:14', '2025-06-02 15:36:14'),
(482, 241, 4, '2025-06-02 15:36:14', '2025-06-02 15:36:14'),
(483, 242, 3, '2025-06-02 15:36:14', '2025-06-02 15:36:14'),
(484, 242, 5, '2025-06-02 15:36:14', '2025-06-02 15:36:14'),
(485, 243, 3, '2025-06-02 15:36:14', '2025-06-02 15:36:14'),
(486, 243, 6, '2025-06-02 15:36:14', '2025-06-02 15:36:14'),
(487, 244, 1, '2025-06-02 15:36:14', '2025-06-02 15:36:14'),
(488, 244, 4, '2025-06-02 15:36:14', '2025-06-02 15:36:14'),
(489, 245, 1, '2025-06-02 15:36:14', '2025-06-02 15:36:14'),
(490, 245, 5, '2025-06-02 15:36:14', '2025-06-02 15:36:14'),
(491, 246, 1, '2025-06-02 15:36:14', '2025-06-02 15:36:14'),
(492, 246, 6, '2025-06-02 15:36:14', '2025-06-02 15:36:14'),
(493, 247, 2, '2025-06-02 15:36:14', '2025-06-02 15:36:14'),
(494, 247, 4, '2025-06-02 15:36:14', '2025-06-02 15:36:14'),
(495, 248, 2, '2025-06-02 15:36:14', '2025-06-02 15:36:14'),
(496, 248, 5, '2025-06-02 15:36:14', '2025-06-02 15:36:14'),
(497, 249, 2, '2025-06-02 15:36:14', '2025-06-02 15:36:14'),
(498, 249, 6, '2025-06-02 15:36:14', '2025-06-02 15:36:14'),
(499, 250, 3, '2025-06-02 15:36:14', '2025-06-02 15:36:14'),
(500, 250, 4, '2025-06-02 15:36:14', '2025-06-02 15:36:14'),
(501, 251, 3, '2025-06-02 15:36:14', '2025-06-02 15:36:14'),
(502, 251, 5, '2025-06-02 15:36:14', '2025-06-02 15:36:14'),
(503, 252, 3, '2025-06-02 15:36:14', '2025-06-02 15:36:14'),
(504, 252, 6, '2025-06-02 15:36:14', '2025-06-02 15:36:14'),
(505, 253, 1, '2025-06-02 15:36:14', '2025-06-02 15:36:14'),
(506, 253, 4, '2025-06-02 15:36:14', '2025-06-02 15:36:14'),
(507, 254, 1, '2025-06-02 15:36:14', '2025-06-02 15:36:14'),
(508, 254, 5, '2025-06-02 15:36:14', '2025-06-02 15:36:14'),
(509, 255, 1, '2025-06-02 15:36:14', '2025-06-02 15:36:14'),
(510, 255, 6, '2025-06-02 15:36:14', '2025-06-02 15:36:14'),
(511, 256, 2, '2025-06-02 15:36:14', '2025-06-02 15:36:14'),
(512, 256, 4, '2025-06-02 15:36:14', '2025-06-02 15:36:14'),
(513, 257, 2, '2025-06-02 15:36:14', '2025-06-02 15:36:14'),
(514, 257, 5, '2025-06-02 15:36:14', '2025-06-02 15:36:14'),
(515, 258, 2, '2025-06-02 15:36:14', '2025-06-02 15:36:14'),
(516, 258, 6, '2025-06-02 15:36:14', '2025-06-02 15:36:14'),
(517, 259, 3, '2025-06-02 15:36:14', '2025-06-02 15:36:14'),
(518, 259, 4, '2025-06-02 15:36:14', '2025-06-02 15:36:14'),
(519, 260, 3, '2025-06-02 15:36:14', '2025-06-02 15:36:14'),
(520, 260, 5, '2025-06-02 15:36:14', '2025-06-02 15:36:14'),
(521, 261, 3, '2025-06-02 15:36:14', '2025-06-02 15:36:14'),
(522, 261, 6, '2025-06-02 15:36:14', '2025-06-02 15:36:14'),
(523, 262, 1, '2025-06-02 15:36:14', '2025-06-02 15:36:14'),
(524, 262, 4, '2025-06-02 15:36:14', '2025-06-02 15:36:14'),
(525, 263, 1, '2025-06-02 15:36:14', '2025-06-02 15:36:14'),
(526, 263, 5, '2025-06-02 15:36:14', '2025-06-02 15:36:14'),
(527, 264, 1, '2025-06-02 15:36:14', '2025-06-02 15:36:14'),
(528, 264, 6, '2025-06-02 15:36:14', '2025-06-02 15:36:14'),
(529, 265, 2, '2025-06-02 15:36:14', '2025-06-02 15:36:14'),
(530, 265, 4, '2025-06-02 15:36:14', '2025-06-02 15:36:14'),
(531, 266, 2, '2025-06-02 15:36:14', '2025-06-02 15:36:14'),
(532, 266, 5, '2025-06-02 15:36:14', '2025-06-02 15:36:14'),
(533, 267, 2, '2025-06-02 15:36:14', '2025-06-02 15:36:14'),
(534, 267, 6, '2025-06-02 15:36:14', '2025-06-02 15:36:14'),
(535, 268, 3, '2025-06-02 15:36:14', '2025-06-02 15:36:14'),
(536, 268, 4, '2025-06-02 15:36:14', '2025-06-02 15:36:14'),
(537, 269, 3, '2025-06-02 15:36:14', '2025-06-02 15:36:14'),
(538, 269, 5, '2025-06-02 15:36:14', '2025-06-02 15:36:14'),
(539, 270, 3, '2025-06-02 15:36:14', '2025-06-02 15:36:14'),
(540, 270, 6, '2025-06-02 15:36:14', '2025-06-02 15:36:14'),
(541, 271, 1, '2025-06-02 15:36:14', '2025-06-02 15:36:14'),
(542, 271, 4, '2025-06-02 15:36:14', '2025-06-02 15:36:14'),
(543, 272, 1, '2025-06-02 15:36:14', '2025-06-02 15:36:14'),
(544, 272, 5, '2025-06-02 15:36:14', '2025-06-02 15:36:14'),
(545, 273, 1, '2025-06-02 15:36:14', '2025-06-02 15:36:14'),
(546, 273, 6, '2025-06-02 15:36:14', '2025-06-02 15:36:14'),
(547, 274, 2, '2025-06-02 15:36:14', '2025-06-02 15:36:14'),
(548, 274, 4, '2025-06-02 15:36:14', '2025-06-02 15:36:14'),
(549, 275, 2, '2025-06-02 15:36:14', '2025-06-02 15:36:14'),
(550, 275, 5, '2025-06-02 15:36:14', '2025-06-02 15:36:14'),
(551, 276, 2, '2025-06-02 15:36:14', '2025-06-02 15:36:14'),
(552, 276, 6, '2025-06-02 15:36:14', '2025-06-02 15:36:14'),
(553, 277, 3, '2025-06-02 15:36:14', '2025-06-02 15:36:14'),
(554, 277, 4, '2025-06-02 15:36:14', '2025-06-02 15:36:14'),
(555, 278, 3, '2025-06-02 15:36:14', '2025-06-02 15:36:14'),
(556, 278, 5, '2025-06-02 15:36:14', '2025-06-02 15:36:14'),
(557, 279, 3, '2025-06-02 15:36:14', '2025-06-02 15:36:14'),
(558, 279, 6, '2025-06-02 15:36:14', '2025-06-02 15:36:14'),
(559, 280, 1, '2025-06-02 15:36:14', '2025-06-02 15:36:14'),
(560, 280, 4, '2025-06-02 15:36:14', '2025-06-02 15:36:14'),
(561, 281, 1, '2025-06-02 15:36:14', '2025-06-02 15:36:14'),
(562, 281, 5, '2025-06-02 15:36:14', '2025-06-02 15:36:14'),
(563, 282, 1, '2025-06-02 15:36:14', '2025-06-02 15:36:14'),
(564, 282, 6, '2025-06-02 15:36:14', '2025-06-02 15:36:14'),
(565, 283, 2, '2025-06-02 15:36:14', '2025-06-02 15:36:14'),
(566, 283, 4, '2025-06-02 15:36:14', '2025-06-02 15:36:14'),
(567, 284, 2, '2025-06-02 15:36:14', '2025-06-02 15:36:14'),
(568, 284, 5, '2025-06-02 15:36:14', '2025-06-02 15:36:14'),
(569, 285, 2, '2025-06-02 15:36:14', '2025-06-02 15:36:14'),
(570, 285, 6, '2025-06-02 15:36:14', '2025-06-02 15:36:14'),
(571, 286, 3, '2025-06-02 15:36:14', '2025-06-02 15:36:14'),
(572, 286, 4, '2025-06-02 15:36:14', '2025-06-02 15:36:14'),
(573, 287, 3, '2025-06-02 15:36:14', '2025-06-02 15:36:14'),
(574, 287, 5, '2025-06-02 15:36:14', '2025-06-02 15:36:14'),
(575, 288, 3, '2025-06-02 15:36:14', '2025-06-02 15:36:14'),
(576, 288, 6, '2025-06-02 15:36:14', '2025-06-02 15:36:14'),
(577, 289, 1, '2025-06-02 15:36:14', '2025-06-02 15:36:14'),
(578, 289, 4, '2025-06-02 15:36:14', '2025-06-02 15:36:14'),
(579, 290, 1, '2025-06-02 15:36:14', '2025-06-02 15:36:14'),
(580, 290, 5, '2025-06-02 15:36:14', '2025-06-02 15:36:14'),
(581, 291, 1, '2025-06-02 15:36:14', '2025-06-02 15:36:14'),
(582, 291, 6, '2025-06-02 15:36:14', '2025-06-02 15:36:14'),
(583, 292, 2, '2025-06-02 15:36:14', '2025-06-02 15:36:14'),
(584, 292, 4, '2025-06-02 15:36:14', '2025-06-02 15:36:14'),
(585, 293, 2, '2025-06-02 15:36:14', '2025-06-02 15:36:14'),
(586, 293, 5, '2025-06-02 15:36:14', '2025-06-02 15:36:14'),
(587, 294, 2, '2025-06-02 15:36:14', '2025-06-02 15:36:14'),
(588, 294, 6, '2025-06-02 15:36:14', '2025-06-02 15:36:14'),
(589, 295, 3, '2025-06-02 15:36:14', '2025-06-02 15:36:14'),
(590, 295, 4, '2025-06-02 15:36:14', '2025-06-02 15:36:14'),
(591, 296, 3, '2025-06-02 15:36:14', '2025-06-02 15:36:14'),
(592, 296, 5, '2025-06-02 15:36:14', '2025-06-02 15:36:14'),
(593, 297, 3, '2025-06-02 15:36:14', '2025-06-02 15:36:14'),
(594, 297, 6, '2025-06-02 15:36:14', '2025-06-02 15:36:14'),
(595, 298, 1, '2025-06-02 15:36:14', '2025-06-02 15:36:14'),
(596, 298, 4, '2025-06-02 15:36:14', '2025-06-02 15:36:14'),
(597, 299, 1, '2025-06-02 15:36:14', '2025-06-02 15:36:14'),
(598, 299, 5, '2025-06-02 15:36:14', '2025-06-02 15:36:14'),
(599, 300, 1, '2025-06-02 15:36:14', '2025-06-02 15:36:14'),
(600, 300, 6, '2025-06-02 15:36:14', '2025-06-02 15:36:14'),
(601, 301, 2, '2025-06-02 15:36:14', '2025-06-02 15:36:14'),
(602, 301, 4, '2025-06-02 15:36:14', '2025-06-02 15:36:14'),
(603, 302, 2, '2025-06-02 15:36:14', '2025-06-02 15:36:14'),
(604, 302, 5, '2025-06-02 15:36:14', '2025-06-02 15:36:14'),
(605, 303, 2, '2025-06-02 15:36:14', '2025-06-02 15:36:14'),
(606, 303, 6, '2025-06-02 15:36:14', '2025-06-02 15:36:14'),
(607, 304, 3, '2025-06-02 15:36:14', '2025-06-02 15:36:14'),
(608, 304, 4, '2025-06-02 15:36:14', '2025-06-02 15:36:14'),
(609, 305, 3, '2025-06-02 15:36:14', '2025-06-02 15:36:14'),
(610, 305, 5, '2025-06-02 15:36:14', '2025-06-02 15:36:14'),
(611, 306, 3, '2025-06-02 15:36:14', '2025-06-02 15:36:14'),
(612, 306, 6, '2025-06-02 15:36:14', '2025-06-02 15:36:14'),
(613, 307, 1, '2025-06-02 15:36:14', '2025-06-02 15:36:14'),
(614, 307, 4, '2025-06-02 15:36:14', '2025-06-02 15:36:14'),
(615, 308, 1, '2025-06-02 15:36:14', '2025-06-02 15:36:14'),
(616, 308, 5, '2025-06-02 15:36:14', '2025-06-02 15:36:14'),
(617, 309, 1, '2025-06-02 15:36:14', '2025-06-02 15:36:14'),
(618, 309, 6, '2025-06-02 15:36:14', '2025-06-02 15:36:14'),
(619, 310, 2, '2025-06-02 15:36:14', '2025-06-02 15:36:14'),
(620, 310, 4, '2025-06-02 15:36:14', '2025-06-02 15:36:14'),
(621, 311, 2, '2025-06-02 15:36:14', '2025-06-02 15:36:14'),
(622, 311, 5, '2025-06-02 15:36:14', '2025-06-02 15:36:14'),
(623, 312, 2, '2025-06-02 15:36:14', '2025-06-02 15:36:14'),
(624, 312, 6, '2025-06-02 15:36:14', '2025-06-02 15:36:14'),
(625, 313, 3, '2025-06-02 15:36:14', '2025-06-02 15:36:14'),
(626, 313, 4, '2025-06-02 15:36:14', '2025-06-02 15:36:14'),
(627, 314, 3, '2025-06-02 15:36:14', '2025-06-02 15:36:14'),
(628, 314, 5, '2025-06-02 15:36:14', '2025-06-02 15:36:14'),
(629, 315, 3, '2025-06-02 15:36:14', '2025-06-02 15:36:14'),
(630, 315, 6, '2025-06-02 15:36:14', '2025-06-02 15:36:14'),
(631, 316, 1, '2025-06-02 15:36:14', '2025-06-02 15:36:14'),
(632, 316, 4, '2025-06-02 15:36:14', '2025-06-02 15:36:14'),
(633, 317, 1, '2025-06-02 15:36:14', '2025-06-02 15:36:14'),
(634, 317, 5, '2025-06-02 15:36:14', '2025-06-02 15:36:14'),
(635, 318, 1, '2025-06-02 15:36:14', '2025-06-02 15:36:14'),
(636, 318, 6, '2025-06-02 15:36:14', '2025-06-02 15:36:14'),
(637, 319, 2, '2025-06-02 15:36:14', '2025-06-02 15:36:14'),
(638, 319, 4, '2025-06-02 15:36:14', '2025-06-02 15:36:14'),
(639, 320, 2, '2025-06-02 15:36:14', '2025-06-02 15:36:14'),
(640, 320, 5, '2025-06-02 15:36:14', '2025-06-02 15:36:14'),
(641, 321, 2, '2025-06-02 15:36:14', '2025-06-02 15:36:14'),
(642, 321, 6, '2025-06-02 15:36:14', '2025-06-02 15:36:14'),
(643, 322, 3, '2025-06-02 15:36:14', '2025-06-02 15:36:14'),
(644, 322, 4, '2025-06-02 15:36:14', '2025-06-02 15:36:14'),
(645, 323, 3, '2025-06-02 15:36:14', '2025-06-02 15:36:14'),
(646, 323, 5, '2025-06-02 15:36:14', '2025-06-02 15:36:14'),
(647, 324, 3, '2025-06-02 15:36:14', '2025-06-02 15:36:14'),
(648, 324, 6, '2025-06-02 15:36:14', '2025-06-02 15:36:14'),
(649, 325, 1, '2025-06-02 15:36:14', '2025-06-02 15:36:14'),
(650, 325, 4, '2025-06-02 15:36:14', '2025-06-02 15:36:14'),
(651, 326, 1, '2025-06-02 15:36:14', '2025-06-02 15:36:14'),
(652, 326, 5, '2025-06-02 15:36:14', '2025-06-02 15:36:14'),
(653, 327, 1, '2025-06-02 15:36:14', '2025-06-02 15:36:14'),
(654, 327, 6, '2025-06-02 15:36:14', '2025-06-02 15:36:14'),
(655, 328, 2, '2025-06-02 15:36:14', '2025-06-02 15:36:14'),
(656, 328, 4, '2025-06-02 15:36:14', '2025-06-02 15:36:14'),
(657, 329, 2, '2025-06-02 15:36:14', '2025-06-02 15:36:14'),
(658, 329, 5, '2025-06-02 15:36:14', '2025-06-02 15:36:14'),
(659, 330, 2, '2025-06-02 15:36:14', '2025-06-02 15:36:14'),
(660, 330, 6, '2025-06-02 15:36:14', '2025-06-02 15:36:14'),
(661, 331, 3, '2025-06-02 15:36:14', '2025-06-02 15:36:14'),
(662, 331, 4, '2025-06-02 15:36:14', '2025-06-02 15:36:14'),
(663, 332, 3, '2025-06-02 15:36:14', '2025-06-02 15:36:14'),
(664, 332, 5, '2025-06-02 15:36:14', '2025-06-02 15:36:14'),
(665, 333, 3, '2025-06-02 15:36:14', '2025-06-02 15:36:14'),
(666, 333, 6, '2025-06-02 15:36:14', '2025-06-02 15:36:14'),
(667, 334, 1, '2025-06-02 15:36:14', '2025-06-02 15:36:14'),
(668, 334, 4, '2025-06-02 15:36:14', '2025-06-02 15:36:14'),
(669, 335, 1, '2025-06-02 15:36:14', '2025-06-02 15:36:14'),
(670, 335, 5, '2025-06-02 15:36:14', '2025-06-02 15:36:14'),
(671, 336, 1, '2025-06-02 15:36:14', '2025-06-02 15:36:14'),
(672, 336, 6, '2025-06-02 15:36:14', '2025-06-02 15:36:14'),
(673, 337, 2, '2025-06-02 15:36:14', '2025-06-02 15:36:14'),
(674, 337, 4, '2025-06-02 15:36:14', '2025-06-02 15:36:14'),
(675, 338, 2, '2025-06-02 15:36:14', '2025-06-02 15:36:14'),
(676, 338, 5, '2025-06-02 15:36:14', '2025-06-02 15:36:14'),
(677, 339, 2, '2025-06-02 15:36:14', '2025-06-02 15:36:14'),
(678, 339, 6, '2025-06-02 15:36:14', '2025-06-02 15:36:14'),
(679, 340, 3, '2025-06-02 15:36:14', '2025-06-02 15:36:14'),
(680, 340, 4, '2025-06-02 15:36:14', '2025-06-02 15:36:14'),
(681, 341, 3, '2025-06-02 15:36:14', '2025-06-02 15:36:14'),
(682, 341, 5, '2025-06-02 15:36:14', '2025-06-02 15:36:14'),
(683, 342, 3, '2025-06-02 15:36:14', '2025-06-02 15:36:14'),
(684, 342, 6, '2025-06-02 15:36:14', '2025-06-02 15:36:14'),
(685, 343, 1, '2025-06-02 15:36:14', '2025-06-02 15:36:14'),
(686, 343, 4, '2025-06-02 15:36:14', '2025-06-02 15:36:14'),
(687, 344, 1, '2025-06-02 15:36:14', '2025-06-02 15:36:14'),
(688, 344, 5, '2025-06-02 15:36:14', '2025-06-02 15:36:14'),
(689, 345, 1, '2025-06-02 15:36:14', '2025-06-02 15:36:14'),
(690, 345, 6, '2025-06-02 15:36:14', '2025-06-02 15:36:14'),
(691, 346, 2, '2025-06-02 15:36:14', '2025-06-02 15:36:14'),
(692, 346, 4, '2025-06-02 15:36:14', '2025-06-02 15:36:14'),
(693, 347, 2, '2025-06-02 15:36:14', '2025-06-02 15:36:14'),
(694, 347, 5, '2025-06-02 15:36:14', '2025-06-02 15:36:14'),
(695, 348, 2, '2025-06-02 15:36:14', '2025-06-02 15:36:14'),
(696, 348, 6, '2025-06-02 15:36:14', '2025-06-02 15:36:14'),
(697, 349, 3, '2025-06-02 15:36:14', '2025-06-02 15:36:14'),
(698, 349, 4, '2025-06-02 15:36:14', '2025-06-02 15:36:14'),
(699, 350, 3, '2025-06-02 15:36:14', '2025-06-02 15:36:14'),
(700, 350, 5, '2025-06-02 15:36:14', '2025-06-02 15:36:14'),
(701, 351, 3, '2025-06-02 15:36:14', '2025-06-02 15:36:14'),
(702, 351, 6, '2025-06-02 15:36:14', '2025-06-02 15:36:14'),
(703, 352, 1, '2025-06-02 15:36:14', '2025-06-02 15:36:14'),
(704, 352, 4, '2025-06-02 15:36:14', '2025-06-02 15:36:14'),
(705, 353, 1, '2025-06-02 15:36:14', '2025-06-02 15:36:14'),
(706, 353, 5, '2025-06-02 15:36:14', '2025-06-02 15:36:14'),
(707, 354, 1, '2025-06-02 15:36:14', '2025-06-02 15:36:14'),
(708, 354, 6, '2025-06-02 15:36:14', '2025-06-02 15:36:14'),
(709, 355, 2, '2025-06-02 15:36:14', '2025-06-02 15:36:14'),
(710, 355, 4, '2025-06-02 15:36:14', '2025-06-02 15:36:14'),
(711, 356, 2, '2025-06-02 15:36:14', '2025-06-02 15:36:14'),
(712, 356, 5, '2025-06-02 15:36:14', '2025-06-02 15:36:14'),
(713, 357, 2, '2025-06-02 15:36:14', '2025-06-02 15:36:14'),
(714, 357, 6, '2025-06-02 15:36:14', '2025-06-02 15:36:14'),
(715, 358, 3, '2025-06-02 15:36:14', '2025-06-02 15:36:14'),
(716, 358, 4, '2025-06-02 15:36:14', '2025-06-02 15:36:14'),
(717, 359, 3, '2025-06-02 15:36:14', '2025-06-02 15:36:14'),
(718, 359, 5, '2025-06-02 15:36:14', '2025-06-02 15:36:14'),
(719, 360, 3, '2025-06-02 15:36:14', '2025-06-02 15:36:14'),
(720, 360, 6, '2025-06-02 15:36:14', '2025-06-02 15:36:14'),
(721, 361, 1, '2025-06-02 15:36:14', '2025-06-02 15:36:14'),
(722, 361, 4, '2025-06-02 15:36:14', '2025-06-02 15:36:14'),
(723, 362, 1, '2025-06-02 15:36:14', '2025-06-02 15:36:14'),
(724, 362, 5, '2025-06-02 15:36:14', '2025-06-02 15:36:14'),
(725, 363, 1, '2025-06-02 15:36:14', '2025-06-02 15:36:14'),
(726, 363, 6, '2025-06-02 15:36:14', '2025-06-02 15:36:14'),
(727, 364, 2, '2025-06-02 15:36:14', '2025-06-02 15:36:14'),
(728, 364, 4, '2025-06-02 15:36:14', '2025-06-02 15:36:14'),
(729, 365, 2, '2025-06-02 15:36:14', '2025-06-02 15:36:14'),
(730, 365, 5, '2025-06-02 15:36:14', '2025-06-02 15:36:14'),
(731, 366, 2, '2025-06-02 15:36:14', '2025-06-02 15:36:14'),
(732, 366, 6, '2025-06-02 15:36:14', '2025-06-02 15:36:14'),
(733, 367, 3, '2025-06-02 15:36:14', '2025-06-02 15:36:14'),
(734, 367, 4, '2025-06-02 15:36:14', '2025-06-02 15:36:14'),
(735, 368, 3, '2025-06-02 15:36:14', '2025-06-02 15:36:14'),
(736, 368, 5, '2025-06-02 15:36:14', '2025-06-02 15:36:14'),
(737, 369, 3, '2025-06-02 15:36:14', '2025-06-02 15:36:14'),
(738, 369, 6, '2025-06-02 15:36:14', '2025-06-02 15:36:14'),
(739, 370, 1, '2025-06-02 15:36:14', '2025-06-02 15:36:14'),
(740, 370, 4, '2025-06-02 15:36:14', '2025-06-02 15:36:14'),
(741, 371, 1, '2025-06-02 15:36:14', '2025-06-02 15:36:14'),
(742, 371, 5, '2025-06-02 15:36:14', '2025-06-02 15:36:14'),
(743, 372, 1, '2025-06-02 15:36:14', '2025-06-02 15:36:14'),
(744, 372, 6, '2025-06-02 15:36:14', '2025-06-02 15:36:14'),
(745, 373, 2, '2025-06-02 15:36:14', '2025-06-02 15:36:14'),
(746, 373, 4, '2025-06-02 15:36:14', '2025-06-02 15:36:14'),
(747, 374, 2, '2025-06-02 15:36:14', '2025-06-02 15:36:14'),
(748, 374, 5, '2025-06-02 15:36:14', '2025-06-02 15:36:14'),
(749, 375, 2, '2025-06-02 15:36:14', '2025-06-02 15:36:14'),
(750, 375, 6, '2025-06-02 15:36:14', '2025-06-02 15:36:14'),
(751, 376, 3, '2025-06-02 15:36:14', '2025-06-02 15:36:14'),
(752, 376, 4, '2025-06-02 15:36:14', '2025-06-02 15:36:14'),
(753, 377, 3, '2025-06-02 15:36:14', '2025-06-02 15:36:14'),
(754, 377, 5, '2025-06-02 15:36:14', '2025-06-02 15:36:14'),
(755, 378, 3, '2025-06-02 15:36:14', '2025-06-02 15:36:14'),
(756, 378, 6, '2025-06-02 15:36:14', '2025-06-02 15:36:14'),
(757, 379, 1, '2025-06-02 15:36:14', '2025-06-02 15:36:14'),
(758, 379, 4, '2025-06-02 15:36:15', '2025-06-02 15:36:15'),
(759, 380, 1, '2025-06-02 15:36:15', '2025-06-02 15:36:15'),
(760, 380, 5, '2025-06-02 15:36:15', '2025-06-02 15:36:15'),
(761, 381, 1, '2025-06-02 15:36:15', '2025-06-02 15:36:15'),
(762, 381, 6, '2025-06-02 15:36:15', '2025-06-02 15:36:15'),
(763, 382, 2, '2025-06-02 15:36:15', '2025-06-02 15:36:15'),
(764, 382, 4, '2025-06-02 15:36:15', '2025-06-02 15:36:15'),
(765, 383, 2, '2025-06-02 15:36:15', '2025-06-02 15:36:15'),
(766, 383, 5, '2025-06-02 15:36:15', '2025-06-02 15:36:15'),
(767, 384, 2, '2025-06-02 15:36:15', '2025-06-02 15:36:15'),
(768, 384, 6, '2025-06-02 15:36:15', '2025-06-02 15:36:15'),
(769, 385, 3, '2025-06-02 15:36:15', '2025-06-02 15:36:15'),
(770, 385, 4, '2025-06-02 15:36:15', '2025-06-02 15:36:15'),
(771, 386, 3, '2025-06-02 15:36:15', '2025-06-02 15:36:15'),
(772, 386, 5, '2025-06-02 15:36:15', '2025-06-02 15:36:15'),
(773, 387, 3, '2025-06-02 15:36:15', '2025-06-02 15:36:15'),
(774, 387, 6, '2025-06-02 15:36:15', '2025-06-02 15:36:15'),
(775, 388, 1, '2025-06-02 15:36:15', '2025-06-02 15:36:15'),
(776, 388, 4, '2025-06-02 15:36:15', '2025-06-02 15:36:15'),
(777, 389, 1, '2025-06-02 15:36:15', '2025-06-02 15:36:15'),
(778, 389, 5, '2025-06-02 15:36:15', '2025-06-02 15:36:15'),
(779, 390, 1, '2025-06-02 15:36:15', '2025-06-02 15:36:15'),
(780, 390, 6, '2025-06-02 15:36:15', '2025-06-02 15:36:15'),
(781, 391, 2, '2025-06-02 15:36:15', '2025-06-02 15:36:15'),
(782, 391, 4, '2025-06-02 15:36:15', '2025-06-02 15:36:15'),
(783, 392, 2, '2025-06-02 15:36:15', '2025-06-02 15:36:15'),
(784, 392, 5, '2025-06-02 15:36:15', '2025-06-02 15:36:15'),
(785, 393, 2, '2025-06-02 15:36:15', '2025-06-02 15:36:15'),
(786, 393, 6, '2025-06-02 15:36:15', '2025-06-02 15:36:15'),
(787, 394, 3, '2025-06-02 15:36:15', '2025-06-02 15:36:15'),
(788, 394, 4, '2025-06-02 15:36:15', '2025-06-02 15:36:15'),
(789, 395, 3, '2025-06-02 15:36:15', '2025-06-02 15:36:15'),
(790, 395, 5, '2025-06-02 15:36:15', '2025-06-02 15:36:15'),
(791, 396, 3, '2025-06-02 15:36:15', '2025-06-02 15:36:15'),
(792, 396, 6, '2025-06-02 15:36:15', '2025-06-02 15:36:15'),
(793, 397, 1, '2025-06-02 15:36:15', '2025-06-02 15:36:15'),
(794, 397, 4, '2025-06-02 15:36:15', '2025-06-02 15:36:15'),
(795, 398, 1, '2025-06-02 15:36:15', '2025-06-02 15:36:15'),
(796, 398, 5, '2025-06-02 15:36:15', '2025-06-02 15:36:15'),
(797, 399, 1, '2025-06-02 15:36:15', '2025-06-02 15:36:15'),
(798, 399, 6, '2025-06-02 15:36:15', '2025-06-02 15:36:15'),
(799, 400, 2, '2025-06-02 15:36:15', '2025-06-02 15:36:15'),
(800, 400, 4, '2025-06-02 15:36:15', '2025-06-02 15:36:15'),
(801, 401, 2, '2025-06-02 15:36:15', '2025-06-02 15:36:15'),
(802, 401, 5, '2025-06-02 15:36:15', '2025-06-02 15:36:15'),
(803, 402, 2, '2025-06-02 15:36:15', '2025-06-02 15:36:15'),
(804, 402, 6, '2025-06-02 15:36:15', '2025-06-02 15:36:15'),
(805, 403, 3, '2025-06-02 15:36:15', '2025-06-02 15:36:15'),
(806, 403, 4, '2025-06-02 15:36:15', '2025-06-02 15:36:15'),
(807, 404, 3, '2025-06-02 15:36:15', '2025-06-02 15:36:15'),
(808, 404, 5, '2025-06-02 15:36:15', '2025-06-02 15:36:15'),
(809, 405, 3, '2025-06-02 15:36:15', '2025-06-02 15:36:15'),
(810, 405, 6, '2025-06-02 15:36:15', '2025-06-02 15:36:15'),
(811, 406, 1, '2025-06-02 15:36:15', '2025-06-02 15:36:15'),
(812, 406, 4, '2025-06-02 15:36:15', '2025-06-02 15:36:15'),
(813, 407, 1, '2025-06-02 15:36:15', '2025-06-02 15:36:15'),
(814, 407, 5, '2025-06-02 15:36:15', '2025-06-02 15:36:15'),
(815, 408, 1, '2025-06-02 15:36:15', '2025-06-02 15:36:15'),
(816, 408, 6, '2025-06-02 15:36:15', '2025-06-02 15:36:15'),
(817, 409, 2, '2025-06-02 15:36:15', '2025-06-02 15:36:15'),
(818, 409, 4, '2025-06-02 15:36:15', '2025-06-02 15:36:15'),
(819, 410, 2, '2025-06-02 15:36:15', '2025-06-02 15:36:15'),
(820, 410, 5, '2025-06-02 15:36:15', '2025-06-02 15:36:15'),
(821, 411, 2, '2025-06-02 15:36:15', '2025-06-02 15:36:15'),
(822, 411, 6, '2025-06-02 15:36:15', '2025-06-02 15:36:15'),
(823, 412, 3, '2025-06-02 15:36:15', '2025-06-02 15:36:15'),
(824, 412, 4, '2025-06-02 15:36:15', '2025-06-02 15:36:15'),
(825, 413, 3, '2025-06-02 15:36:15', '2025-06-02 15:36:15'),
(826, 413, 5, '2025-06-02 15:36:15', '2025-06-02 15:36:15'),
(827, 414, 3, '2025-06-02 15:36:15', '2025-06-02 15:36:15'),
(828, 414, 6, '2025-06-02 15:36:15', '2025-06-02 15:36:15'),
(829, 415, 1, '2025-06-02 15:36:15', '2025-06-02 15:36:15'),
(830, 415, 4, '2025-06-02 15:36:15', '2025-06-02 15:36:15'),
(831, 416, 1, '2025-06-02 15:36:15', '2025-06-02 15:36:15'),
(832, 416, 5, '2025-06-02 15:36:15', '2025-06-02 15:36:15'),
(833, 417, 1, '2025-06-02 15:36:15', '2025-06-02 15:36:15'),
(834, 417, 6, '2025-06-02 15:36:15', '2025-06-02 15:36:15'),
(835, 418, 2, '2025-06-02 15:36:15', '2025-06-02 15:36:15'),
(836, 418, 4, '2025-06-02 15:36:15', '2025-06-02 15:36:15'),
(837, 419, 2, '2025-06-02 15:36:15', '2025-06-02 15:36:15'),
(838, 419, 5, '2025-06-02 15:36:15', '2025-06-02 15:36:15'),
(839, 420, 2, '2025-06-02 15:36:15', '2025-06-02 15:36:15'),
(840, 420, 6, '2025-06-02 15:36:15', '2025-06-02 15:36:15'),
(841, 421, 3, '2025-06-02 15:36:15', '2025-06-02 15:36:15'),
(842, 421, 4, '2025-06-02 15:36:15', '2025-06-02 15:36:15'),
(843, 422, 3, '2025-06-02 15:36:15', '2025-06-02 15:36:15'),
(844, 422, 5, '2025-06-02 15:36:15', '2025-06-02 15:36:15'),
(845, 423, 3, '2025-06-02 15:36:15', '2025-06-02 15:36:15'),
(846, 423, 6, '2025-06-02 15:36:15', '2025-06-02 15:36:15'),
(847, 424, 1, '2025-06-02 15:36:15', '2025-06-02 15:36:15'),
(848, 424, 4, '2025-06-02 15:36:15', '2025-06-02 15:36:15'),
(849, 425, 1, '2025-06-02 15:36:15', '2025-06-02 15:36:15'),
(850, 425, 5, '2025-06-02 15:36:15', '2025-06-02 15:36:15');
INSERT INTO `product_variant_details` (`id`, `product_variant_id`, `variant_value_id`, `created_at`, `updated_at`) VALUES
(851, 426, 1, '2025-06-02 15:36:15', '2025-06-02 15:36:15'),
(852, 426, 6, '2025-06-02 15:36:15', '2025-06-02 15:36:15'),
(853, 427, 2, '2025-06-02 15:36:15', '2025-06-02 15:36:15'),
(854, 427, 4, '2025-06-02 15:36:15', '2025-06-02 15:36:15'),
(855, 428, 2, '2025-06-02 15:36:15', '2025-06-02 15:36:15'),
(856, 428, 5, '2025-06-02 15:36:15', '2025-06-02 15:36:15'),
(857, 429, 2, '2025-06-02 15:36:15', '2025-06-02 15:36:15'),
(858, 429, 6, '2025-06-02 15:36:15', '2025-06-02 15:36:15'),
(859, 430, 3, '2025-06-02 15:36:15', '2025-06-02 15:36:15'),
(860, 430, 4, '2025-06-02 15:36:15', '2025-06-02 15:36:15'),
(861, 431, 3, '2025-06-02 15:36:15', '2025-06-02 15:36:15'),
(862, 431, 5, '2025-06-02 15:36:15', '2025-06-02 15:36:15'),
(863, 432, 3, '2025-06-02 15:36:15', '2025-06-02 15:36:15'),
(864, 432, 6, '2025-06-02 15:36:15', '2025-06-02 15:36:15'),
(865, 433, 1, '2025-06-02 15:36:15', '2025-06-02 15:36:15'),
(866, 433, 4, '2025-06-02 15:36:15', '2025-06-02 15:36:15'),
(867, 434, 1, '2025-06-02 15:36:15', '2025-06-02 15:36:15'),
(868, 434, 5, '2025-06-02 15:36:15', '2025-06-02 15:36:15'),
(869, 435, 1, '2025-06-02 15:36:15', '2025-06-02 15:36:15'),
(870, 435, 6, '2025-06-02 15:36:15', '2025-06-02 15:36:15'),
(871, 436, 2, '2025-06-02 15:36:15', '2025-06-02 15:36:15'),
(872, 436, 4, '2025-06-02 15:36:15', '2025-06-02 15:36:15'),
(873, 437, 2, '2025-06-02 15:36:15', '2025-06-02 15:36:15'),
(874, 437, 5, '2025-06-02 15:36:15', '2025-06-02 15:36:15'),
(875, 438, 2, '2025-06-02 15:36:15', '2025-06-02 15:36:15'),
(876, 438, 6, '2025-06-02 15:36:15', '2025-06-02 15:36:15'),
(877, 439, 3, '2025-06-02 15:36:15', '2025-06-02 15:36:15'),
(878, 439, 4, '2025-06-02 15:36:15', '2025-06-02 15:36:15'),
(879, 440, 3, '2025-06-02 15:36:15', '2025-06-02 15:36:15'),
(880, 440, 5, '2025-06-02 15:36:15', '2025-06-02 15:36:15'),
(881, 441, 3, '2025-06-02 15:36:15', '2025-06-02 15:36:15'),
(882, 441, 6, '2025-06-02 15:36:15', '2025-06-02 15:36:15'),
(883, 442, 1, '2025-06-02 15:36:15', '2025-06-02 15:36:15'),
(884, 442, 4, '2025-06-02 15:36:15', '2025-06-02 15:36:15'),
(885, 443, 1, '2025-06-02 15:36:15', '2025-06-02 15:36:15'),
(886, 443, 5, '2025-06-02 15:36:15', '2025-06-02 15:36:15'),
(887, 444, 1, '2025-06-02 15:36:15', '2025-06-02 15:36:15'),
(888, 444, 6, '2025-06-02 15:36:15', '2025-06-02 15:36:15'),
(889, 445, 2, '2025-06-02 15:36:15', '2025-06-02 15:36:15'),
(890, 445, 4, '2025-06-02 15:36:15', '2025-06-02 15:36:15'),
(891, 446, 2, '2025-06-02 15:36:15', '2025-06-02 15:36:15'),
(892, 446, 5, '2025-06-02 15:36:15', '2025-06-02 15:36:15'),
(893, 447, 2, '2025-06-02 15:36:15', '2025-06-02 15:36:15'),
(894, 447, 6, '2025-06-02 15:36:15', '2025-06-02 15:36:15'),
(895, 448, 3, '2025-06-02 15:36:15', '2025-06-02 15:36:15'),
(896, 448, 4, '2025-06-02 15:36:15', '2025-06-02 15:36:15'),
(897, 449, 3, '2025-06-02 15:36:15', '2025-06-02 15:36:15'),
(898, 449, 5, '2025-06-02 15:36:15', '2025-06-02 15:36:15'),
(899, 450, 3, '2025-06-02 15:36:15', '2025-06-02 15:36:15'),
(900, 450, 6, '2025-06-02 15:36:15', '2025-06-02 15:36:15'),
(901, 451, 1, '2025-06-02 15:36:15', '2025-06-02 15:36:15'),
(902, 451, 4, '2025-06-02 15:36:15', '2025-06-02 15:36:15'),
(903, 452, 1, '2025-06-02 15:36:15', '2025-06-02 15:36:15'),
(904, 452, 5, '2025-06-02 15:36:15', '2025-06-02 15:36:15'),
(905, 453, 1, '2025-06-02 15:36:15', '2025-06-02 15:36:15'),
(906, 453, 6, '2025-06-02 15:36:15', '2025-06-02 15:36:15'),
(907, 454, 2, '2025-06-02 15:36:15', '2025-06-02 15:36:15'),
(908, 454, 4, '2025-06-02 15:36:15', '2025-06-02 15:36:15'),
(909, 455, 2, '2025-06-02 15:36:15', '2025-06-02 15:36:15'),
(910, 455, 5, '2025-06-02 15:36:15', '2025-06-02 15:36:15'),
(911, 456, 2, '2025-06-02 15:36:15', '2025-06-02 15:36:15'),
(912, 456, 6, '2025-06-02 15:36:15', '2025-06-02 15:36:15'),
(913, 457, 3, '2025-06-02 15:36:15', '2025-06-02 15:36:15'),
(914, 457, 4, '2025-06-02 15:36:15', '2025-06-02 15:36:15'),
(915, 458, 3, '2025-06-02 15:36:15', '2025-06-02 15:36:15'),
(916, 458, 5, '2025-06-02 15:36:15', '2025-06-02 15:36:15'),
(917, 459, 3, '2025-06-02 15:36:15', '2025-06-02 15:36:15'),
(918, 459, 6, '2025-06-02 15:36:15', '2025-06-02 15:36:15'),
(919, 460, 1, '2025-06-02 15:36:15', '2025-06-02 15:36:15'),
(920, 460, 4, '2025-06-02 15:36:15', '2025-06-02 15:36:15'),
(921, 461, 1, '2025-06-02 15:36:15', '2025-06-02 15:36:15'),
(922, 461, 5, '2025-06-02 15:36:15', '2025-06-02 15:36:15'),
(923, 462, 1, '2025-06-02 15:36:15', '2025-06-02 15:36:15'),
(924, 462, 6, '2025-06-02 15:36:15', '2025-06-02 15:36:15'),
(925, 463, 2, '2025-06-02 15:36:15', '2025-06-02 15:36:15'),
(926, 463, 4, '2025-06-02 15:36:15', '2025-06-02 15:36:15'),
(927, 464, 2, '2025-06-02 15:36:15', '2025-06-02 15:36:15'),
(928, 464, 5, '2025-06-02 15:36:15', '2025-06-02 15:36:15'),
(929, 465, 2, '2025-06-02 15:36:15', '2025-06-02 15:36:15'),
(930, 465, 6, '2025-06-02 15:36:15', '2025-06-02 15:36:15'),
(931, 466, 3, '2025-06-02 15:36:15', '2025-06-02 15:36:15'),
(932, 466, 4, '2025-06-02 15:36:15', '2025-06-02 15:36:15'),
(933, 467, 3, '2025-06-02 15:36:15', '2025-06-02 15:36:15'),
(934, 467, 5, '2025-06-02 15:36:15', '2025-06-02 15:36:15'),
(935, 468, 3, '2025-06-02 15:36:15', '2025-06-02 15:36:15'),
(936, 468, 6, '2025-06-02 15:36:15', '2025-06-02 15:36:15'),
(937, 469, 1, '2025-06-02 15:36:15', '2025-06-02 15:36:15'),
(938, 469, 4, '2025-06-02 15:36:15', '2025-06-02 15:36:15'),
(939, 470, 1, '2025-06-02 15:36:15', '2025-06-02 15:36:15'),
(940, 470, 5, '2025-06-02 15:36:15', '2025-06-02 15:36:15'),
(941, 471, 1, '2025-06-02 15:36:15', '2025-06-02 15:36:15'),
(942, 471, 6, '2025-06-02 15:36:15', '2025-06-02 15:36:15'),
(943, 472, 2, '2025-06-02 15:36:15', '2025-06-02 15:36:15'),
(944, 472, 4, '2025-06-02 15:36:15', '2025-06-02 15:36:15'),
(945, 473, 2, '2025-06-02 15:36:15', '2025-06-02 15:36:15'),
(946, 473, 5, '2025-06-02 15:36:15', '2025-06-02 15:36:15'),
(947, 474, 2, '2025-06-02 15:36:15', '2025-06-02 15:36:15'),
(948, 474, 6, '2025-06-02 15:36:15', '2025-06-02 15:36:15'),
(949, 475, 3, '2025-06-02 15:36:15', '2025-06-02 15:36:15'),
(950, 475, 4, '2025-06-02 15:36:15', '2025-06-02 15:36:15'),
(951, 476, 3, '2025-06-02 15:36:15', '2025-06-02 15:36:15'),
(952, 476, 5, '2025-06-02 15:36:15', '2025-06-02 15:36:15'),
(953, 477, 3, '2025-06-02 15:36:15', '2025-06-02 15:36:15'),
(954, 477, 6, '2025-06-02 15:36:15', '2025-06-02 15:36:15'),
(955, 478, 1, '2025-06-02 15:36:15', '2025-06-02 15:36:15'),
(956, 478, 4, '2025-06-02 15:36:15', '2025-06-02 15:36:15'),
(957, 479, 1, '2025-06-02 15:36:15', '2025-06-02 15:36:15'),
(958, 479, 5, '2025-06-02 15:36:15', '2025-06-02 15:36:15'),
(959, 480, 1, '2025-06-02 15:36:15', '2025-06-02 15:36:15'),
(960, 480, 6, '2025-06-02 15:36:15', '2025-06-02 15:36:15'),
(961, 481, 2, '2025-06-02 15:36:15', '2025-06-02 15:36:15'),
(962, 481, 4, '2025-06-02 15:36:15', '2025-06-02 15:36:15'),
(963, 482, 2, '2025-06-02 15:36:15', '2025-06-02 15:36:15'),
(964, 482, 5, '2025-06-02 15:36:15', '2025-06-02 15:36:15'),
(965, 483, 2, '2025-06-02 15:36:15', '2025-06-02 15:36:15'),
(966, 483, 6, '2025-06-02 15:36:15', '2025-06-02 15:36:15'),
(967, 484, 3, '2025-06-02 15:36:15', '2025-06-02 15:36:15'),
(968, 484, 4, '2025-06-02 15:36:15', '2025-06-02 15:36:15'),
(969, 485, 3, '2025-06-02 15:36:15', '2025-06-02 15:36:15'),
(970, 485, 5, '2025-06-02 15:36:15', '2025-06-02 15:36:15'),
(971, 486, 3, '2025-06-02 15:36:15', '2025-06-02 15:36:15'),
(972, 486, 6, '2025-06-02 15:36:15', '2025-06-02 15:36:15'),
(973, 487, 1, '2025-06-02 15:36:15', '2025-06-02 15:36:15'),
(974, 487, 4, '2025-06-02 15:36:15', '2025-06-02 15:36:15'),
(975, 488, 1, '2025-06-02 15:36:15', '2025-06-02 15:36:15'),
(976, 488, 5, '2025-06-02 15:36:15', '2025-06-02 15:36:15'),
(977, 489, 1, '2025-06-02 15:36:15', '2025-06-02 15:36:15'),
(978, 489, 6, '2025-06-02 15:36:15', '2025-06-02 15:36:15'),
(979, 490, 2, '2025-06-02 15:36:15', '2025-06-02 15:36:15'),
(980, 490, 4, '2025-06-02 15:36:15', '2025-06-02 15:36:15'),
(981, 491, 2, '2025-06-02 15:36:15', '2025-06-02 15:36:15'),
(982, 491, 5, '2025-06-02 15:36:15', '2025-06-02 15:36:15'),
(983, 492, 2, '2025-06-02 15:36:15', '2025-06-02 15:36:15'),
(984, 492, 6, '2025-06-02 15:36:15', '2025-06-02 15:36:15'),
(985, 493, 3, '2025-06-02 15:36:15', '2025-06-02 15:36:15'),
(986, 493, 4, '2025-06-02 15:36:15', '2025-06-02 15:36:15'),
(987, 494, 3, '2025-06-02 15:36:15', '2025-06-02 15:36:15'),
(988, 494, 5, '2025-06-02 15:36:15', '2025-06-02 15:36:15'),
(989, 495, 3, '2025-06-02 15:36:15', '2025-06-02 15:36:15'),
(990, 495, 6, '2025-06-02 15:36:15', '2025-06-02 15:36:15'),
(991, 496, 1, '2025-06-02 15:36:15', '2025-06-02 15:36:15'),
(992, 496, 4, '2025-06-02 15:36:15', '2025-06-02 15:36:15'),
(993, 497, 1, '2025-06-02 15:36:15', '2025-06-02 15:36:15'),
(994, 497, 5, '2025-06-02 15:36:15', '2025-06-02 15:36:15'),
(995, 498, 1, '2025-06-02 15:36:15', '2025-06-02 15:36:15'),
(996, 498, 6, '2025-06-02 15:36:15', '2025-06-02 15:36:15'),
(997, 499, 2, '2025-06-02 15:36:15', '2025-06-02 15:36:15'),
(998, 499, 4, '2025-06-02 15:36:15', '2025-06-02 15:36:15'),
(999, 500, 2, '2025-06-02 15:36:15', '2025-06-02 15:36:15'),
(1000, 500, 5, '2025-06-02 15:36:15', '2025-06-02 15:36:15'),
(1001, 501, 2, '2025-06-02 15:36:15', '2025-06-02 15:36:15'),
(1002, 501, 6, '2025-06-02 15:36:15', '2025-06-02 15:36:15'),
(1003, 502, 3, '2025-06-02 15:36:15', '2025-06-02 15:36:15'),
(1004, 502, 4, '2025-06-02 15:36:15', '2025-06-02 15:36:15'),
(1005, 503, 3, '2025-06-02 15:36:15', '2025-06-02 15:36:15'),
(1006, 503, 5, '2025-06-02 15:36:15', '2025-06-02 15:36:15'),
(1007, 504, 3, '2025-06-02 15:36:15', '2025-06-02 15:36:15'),
(1008, 504, 6, '2025-06-02 15:36:15', '2025-06-02 15:36:15'),
(1009, 505, 1, '2025-06-02 15:36:15', '2025-06-02 15:36:15'),
(1010, 505, 4, '2025-06-02 15:36:15', '2025-06-02 15:36:15'),
(1011, 506, 1, '2025-06-02 15:36:16', '2025-06-02 15:36:16'),
(1012, 506, 5, '2025-06-02 15:36:16', '2025-06-02 15:36:16'),
(1013, 507, 1, '2025-06-02 15:36:16', '2025-06-02 15:36:16'),
(1014, 507, 6, '2025-06-02 15:36:16', '2025-06-02 15:36:16'),
(1015, 508, 2, '2025-06-02 15:36:16', '2025-06-02 15:36:16'),
(1016, 508, 4, '2025-06-02 15:36:16', '2025-06-02 15:36:16'),
(1017, 509, 2, '2025-06-02 15:36:16', '2025-06-02 15:36:16'),
(1018, 509, 5, '2025-06-02 15:36:16', '2025-06-02 15:36:16'),
(1019, 510, 2, '2025-06-02 15:36:16', '2025-06-02 15:36:16'),
(1020, 510, 6, '2025-06-02 15:36:16', '2025-06-02 15:36:16'),
(1021, 511, 3, '2025-06-02 15:36:16', '2025-06-02 15:36:16'),
(1022, 511, 4, '2025-06-02 15:36:16', '2025-06-02 15:36:16'),
(1023, 512, 3, '2025-06-02 15:36:16', '2025-06-02 15:36:16'),
(1024, 512, 5, '2025-06-02 15:36:16', '2025-06-02 15:36:16'),
(1025, 513, 3, '2025-06-02 15:36:16', '2025-06-02 15:36:16'),
(1026, 513, 6, '2025-06-02 15:36:16', '2025-06-02 15:36:16'),
(1027, 514, 1, '2025-06-02 15:36:16', '2025-06-02 15:36:16'),
(1028, 514, 4, '2025-06-02 15:36:16', '2025-06-02 15:36:16'),
(1029, 515, 1, '2025-06-02 15:36:16', '2025-06-02 15:36:16'),
(1030, 515, 5, '2025-06-02 15:36:16', '2025-06-02 15:36:16'),
(1031, 516, 1, '2025-06-02 15:36:16', '2025-06-02 15:36:16'),
(1032, 516, 6, '2025-06-02 15:36:16', '2025-06-02 15:36:16'),
(1033, 517, 2, '2025-06-02 15:36:16', '2025-06-02 15:36:16'),
(1034, 517, 4, '2025-06-02 15:36:16', '2025-06-02 15:36:16'),
(1035, 518, 2, '2025-06-02 15:36:16', '2025-06-02 15:36:16'),
(1036, 518, 5, '2025-06-02 15:36:16', '2025-06-02 15:36:16'),
(1037, 519, 2, '2025-06-02 15:36:16', '2025-06-02 15:36:16'),
(1038, 519, 6, '2025-06-02 15:36:16', '2025-06-02 15:36:16'),
(1039, 520, 3, '2025-06-02 15:36:16', '2025-06-02 15:36:16'),
(1040, 520, 4, '2025-06-02 15:36:16', '2025-06-02 15:36:16'),
(1041, 521, 3, '2025-06-02 15:36:16', '2025-06-02 15:36:16'),
(1042, 521, 5, '2025-06-02 15:36:16', '2025-06-02 15:36:16'),
(1043, 522, 3, '2025-06-02 15:36:16', '2025-06-02 15:36:16'),
(1044, 522, 6, '2025-06-02 15:36:16', '2025-06-02 15:36:16'),
(1045, 523, 1, '2025-06-02 15:36:16', '2025-06-02 15:36:16'),
(1046, 523, 4, '2025-06-02 15:36:16', '2025-06-02 15:36:16'),
(1047, 524, 1, '2025-06-02 15:36:16', '2025-06-02 15:36:16'),
(1048, 524, 5, '2025-06-02 15:36:16', '2025-06-02 15:36:16'),
(1049, 525, 1, '2025-06-02 15:36:16', '2025-06-02 15:36:16'),
(1050, 525, 6, '2025-06-02 15:36:16', '2025-06-02 15:36:16'),
(1051, 526, 2, '2025-06-02 15:36:16', '2025-06-02 15:36:16'),
(1052, 526, 4, '2025-06-02 15:36:16', '2025-06-02 15:36:16'),
(1053, 527, 2, '2025-06-02 15:36:16', '2025-06-02 15:36:16'),
(1054, 527, 5, '2025-06-02 15:36:16', '2025-06-02 15:36:16'),
(1055, 528, 2, '2025-06-02 15:36:16', '2025-06-02 15:36:16'),
(1056, 528, 6, '2025-06-02 15:36:16', '2025-06-02 15:36:16'),
(1057, 529, 3, '2025-06-02 15:36:16', '2025-06-02 15:36:16'),
(1058, 529, 4, '2025-06-02 15:36:16', '2025-06-02 15:36:16'),
(1059, 530, 3, '2025-06-02 15:36:16', '2025-06-02 15:36:16'),
(1060, 530, 5, '2025-06-02 15:36:16', '2025-06-02 15:36:16'),
(1061, 531, 3, '2025-06-02 15:36:16', '2025-06-02 15:36:16'),
(1062, 531, 6, '2025-06-02 15:36:16', '2025-06-02 15:36:16'),
(1063, 532, 1, '2025-06-02 15:36:16', '2025-06-02 15:36:16'),
(1064, 532, 4, '2025-06-02 15:36:16', '2025-06-02 15:36:16'),
(1065, 533, 1, '2025-06-02 15:36:16', '2025-06-02 15:36:16'),
(1066, 533, 5, '2025-06-02 15:36:16', '2025-06-02 15:36:16'),
(1067, 534, 1, '2025-06-02 15:36:16', '2025-06-02 15:36:16'),
(1068, 534, 6, '2025-06-02 15:36:16', '2025-06-02 15:36:16'),
(1069, 535, 2, '2025-06-02 15:36:16', '2025-06-02 15:36:16'),
(1070, 535, 4, '2025-06-02 15:36:16', '2025-06-02 15:36:16'),
(1071, 536, 2, '2025-06-02 15:36:16', '2025-06-02 15:36:16'),
(1072, 536, 5, '2025-06-02 15:36:16', '2025-06-02 15:36:16'),
(1073, 537, 2, '2025-06-02 15:36:16', '2025-06-02 15:36:16'),
(1074, 537, 6, '2025-06-02 15:36:16', '2025-06-02 15:36:16'),
(1075, 538, 3, '2025-06-02 15:36:16', '2025-06-02 15:36:16'),
(1076, 538, 4, '2025-06-02 15:36:16', '2025-06-02 15:36:16'),
(1077, 539, 3, '2025-06-02 15:36:16', '2025-06-02 15:36:16'),
(1078, 539, 5, '2025-06-02 15:36:16', '2025-06-02 15:36:16'),
(1079, 540, 3, '2025-06-02 15:36:16', '2025-06-02 15:36:16'),
(1080, 540, 6, '2025-06-02 15:36:16', '2025-06-02 15:36:16'),
(1081, 541, 1, '2025-06-02 15:36:16', '2025-06-02 15:36:16'),
(1082, 541, 4, '2025-06-02 15:36:16', '2025-06-02 15:36:16'),
(1083, 542, 1, '2025-06-02 15:36:16', '2025-06-02 15:36:16'),
(1084, 542, 5, '2025-06-02 15:36:16', '2025-06-02 15:36:16'),
(1085, 543, 1, '2025-06-02 15:36:16', '2025-06-02 15:36:16'),
(1086, 543, 6, '2025-06-02 15:36:16', '2025-06-02 15:36:16'),
(1087, 544, 2, '2025-06-02 15:36:16', '2025-06-02 15:36:16'),
(1088, 544, 4, '2025-06-02 15:36:16', '2025-06-02 15:36:16'),
(1089, 545, 2, '2025-06-02 15:36:16', '2025-06-02 15:36:16'),
(1090, 545, 5, '2025-06-02 15:36:16', '2025-06-02 15:36:16'),
(1091, 546, 2, '2025-06-02 15:36:16', '2025-06-02 15:36:16'),
(1092, 546, 6, '2025-06-02 15:36:16', '2025-06-02 15:36:16'),
(1093, 547, 3, '2025-06-02 15:36:16', '2025-06-02 15:36:16'),
(1094, 547, 4, '2025-06-02 15:36:16', '2025-06-02 15:36:16'),
(1095, 548, 3, '2025-06-02 15:36:16', '2025-06-02 15:36:16'),
(1096, 548, 5, '2025-06-02 15:36:16', '2025-06-02 15:36:16'),
(1097, 549, 3, '2025-06-02 15:36:16', '2025-06-02 15:36:16'),
(1098, 549, 6, '2025-06-02 15:36:16', '2025-06-02 15:36:16'),
(1099, 550, 1, '2025-06-02 15:36:16', '2025-06-02 15:36:16'),
(1100, 550, 4, '2025-06-02 15:36:16', '2025-06-02 15:36:16'),
(1101, 551, 1, '2025-06-02 15:36:16', '2025-06-02 15:36:16'),
(1102, 551, 5, '2025-06-02 15:36:16', '2025-06-02 15:36:16'),
(1103, 552, 1, '2025-06-02 15:36:16', '2025-06-02 15:36:16'),
(1104, 552, 6, '2025-06-02 15:36:16', '2025-06-02 15:36:16'),
(1105, 553, 2, '2025-06-02 15:36:16', '2025-06-02 15:36:16'),
(1106, 553, 4, '2025-06-02 15:36:16', '2025-06-02 15:36:16'),
(1107, 554, 2, '2025-06-02 15:36:16', '2025-06-02 15:36:16'),
(1108, 554, 5, '2025-06-02 15:36:16', '2025-06-02 15:36:16'),
(1109, 555, 2, '2025-06-02 15:36:16', '2025-06-02 15:36:16'),
(1110, 555, 6, '2025-06-02 15:36:16', '2025-06-02 15:36:16'),
(1111, 556, 3, '2025-06-02 15:36:16', '2025-06-02 15:36:16'),
(1112, 556, 4, '2025-06-02 15:36:16', '2025-06-02 15:36:16'),
(1113, 557, 3, '2025-06-02 15:36:16', '2025-06-02 15:36:16'),
(1114, 557, 5, '2025-06-02 15:36:16', '2025-06-02 15:36:16'),
(1115, 558, 3, '2025-06-02 15:36:16', '2025-06-02 15:36:16'),
(1116, 558, 6, '2025-06-02 15:36:16', '2025-06-02 15:36:16'),
(1117, 559, 1, '2025-06-02 15:36:16', '2025-06-02 15:36:16'),
(1118, 559, 4, '2025-06-02 15:36:16', '2025-06-02 15:36:16'),
(1119, 560, 1, '2025-06-02 15:36:16', '2025-06-02 15:36:16'),
(1120, 560, 5, '2025-06-02 15:36:16', '2025-06-02 15:36:16'),
(1121, 561, 1, '2025-06-02 15:36:16', '2025-06-02 15:36:16'),
(1122, 561, 6, '2025-06-02 15:36:16', '2025-06-02 15:36:16'),
(1123, 562, 2, '2025-06-02 15:36:16', '2025-06-02 15:36:16'),
(1124, 562, 4, '2025-06-02 15:36:16', '2025-06-02 15:36:16'),
(1125, 563, 2, '2025-06-02 15:36:16', '2025-06-02 15:36:16'),
(1126, 563, 5, '2025-06-02 15:36:16', '2025-06-02 15:36:16'),
(1127, 564, 2, '2025-06-02 15:36:16', '2025-06-02 15:36:16'),
(1128, 564, 6, '2025-06-02 15:36:16', '2025-06-02 15:36:16'),
(1129, 565, 3, '2025-06-02 15:36:16', '2025-06-02 15:36:16'),
(1130, 565, 4, '2025-06-02 15:36:16', '2025-06-02 15:36:16'),
(1131, 566, 3, '2025-06-02 15:36:16', '2025-06-02 15:36:16'),
(1132, 566, 5, '2025-06-02 15:36:16', '2025-06-02 15:36:16'),
(1133, 567, 3, '2025-06-02 15:36:16', '2025-06-02 15:36:16'),
(1134, 567, 6, '2025-06-02 15:36:16', '2025-06-02 15:36:16'),
(1135, 568, 1, '2025-06-02 15:36:16', '2025-06-02 15:36:16'),
(1136, 568, 4, '2025-06-02 15:36:16', '2025-06-02 15:36:16'),
(1137, 569, 1, '2025-06-02 15:36:16', '2025-06-02 15:36:16'),
(1138, 569, 5, '2025-06-02 15:36:16', '2025-06-02 15:36:16'),
(1139, 570, 1, '2025-06-02 15:36:16', '2025-06-02 15:36:16'),
(1140, 570, 6, '2025-06-02 15:36:16', '2025-06-02 15:36:16'),
(1141, 571, 2, '2025-06-02 15:36:16', '2025-06-02 15:36:16'),
(1142, 571, 4, '2025-06-02 15:36:16', '2025-06-02 15:36:16'),
(1143, 572, 2, '2025-06-02 15:36:16', '2025-06-02 15:36:16'),
(1144, 572, 5, '2025-06-02 15:36:16', '2025-06-02 15:36:16'),
(1145, 573, 2, '2025-06-02 15:36:16', '2025-06-02 15:36:16'),
(1146, 573, 6, '2025-06-02 15:36:16', '2025-06-02 15:36:16'),
(1147, 574, 3, '2025-06-02 15:36:16', '2025-06-02 15:36:16'),
(1148, 574, 4, '2025-06-02 15:36:16', '2025-06-02 15:36:16'),
(1149, 575, 3, '2025-06-02 15:36:16', '2025-06-02 15:36:16'),
(1150, 575, 5, '2025-06-02 15:36:16', '2025-06-02 15:36:16'),
(1151, 576, 3, '2025-06-02 15:36:16', '2025-06-02 15:36:16'),
(1152, 576, 6, '2025-06-02 15:36:16', '2025-06-02 15:36:16'),
(1153, 577, 1, '2025-06-02 15:36:16', '2025-06-02 15:36:16'),
(1154, 577, 4, '2025-06-02 15:36:16', '2025-06-02 15:36:16'),
(1155, 578, 1, '2025-06-02 15:36:16', '2025-06-02 15:36:16'),
(1156, 578, 5, '2025-06-02 15:36:16', '2025-06-02 15:36:16'),
(1157, 579, 1, '2025-06-02 15:36:16', '2025-06-02 15:36:16'),
(1158, 579, 6, '2025-06-02 15:36:16', '2025-06-02 15:36:16'),
(1159, 580, 2, '2025-06-02 15:36:16', '2025-06-02 15:36:16'),
(1160, 580, 4, '2025-06-02 15:36:16', '2025-06-02 15:36:16'),
(1161, 581, 2, '2025-06-02 15:36:16', '2025-06-02 15:36:16'),
(1162, 581, 5, '2025-06-02 15:36:16', '2025-06-02 15:36:16'),
(1163, 582, 2, '2025-06-02 15:36:16', '2025-06-02 15:36:16'),
(1164, 582, 6, '2025-06-02 15:36:16', '2025-06-02 15:36:16'),
(1165, 583, 3, '2025-06-02 15:36:16', '2025-06-02 15:36:16'),
(1166, 583, 4, '2025-06-02 15:36:16', '2025-06-02 15:36:16'),
(1167, 584, 3, '2025-06-02 15:36:16', '2025-06-02 15:36:16'),
(1168, 584, 5, '2025-06-02 15:36:16', '2025-06-02 15:36:16'),
(1169, 585, 3, '2025-06-02 15:36:16', '2025-06-02 15:36:16'),
(1170, 585, 6, '2025-06-02 15:36:16', '2025-06-02 15:36:16'),
(1171, 586, 1, '2025-06-02 15:36:16', '2025-06-02 15:36:16'),
(1172, 586, 4, '2025-06-02 15:36:16', '2025-06-02 15:36:16'),
(1173, 587, 1, '2025-06-02 15:36:16', '2025-06-02 15:36:16'),
(1174, 587, 5, '2025-06-02 15:36:16', '2025-06-02 15:36:16'),
(1175, 588, 1, '2025-06-02 15:36:16', '2025-06-02 15:36:16'),
(1176, 588, 6, '2025-06-02 15:36:16', '2025-06-02 15:36:16'),
(1177, 589, 2, '2025-06-02 15:36:16', '2025-06-02 15:36:16'),
(1178, 589, 4, '2025-06-02 15:36:16', '2025-06-02 15:36:16'),
(1179, 590, 2, '2025-06-02 15:36:16', '2025-06-02 15:36:16'),
(1180, 590, 5, '2025-06-02 15:36:16', '2025-06-02 15:36:16'),
(1181, 591, 2, '2025-06-02 15:36:16', '2025-06-02 15:36:16'),
(1182, 591, 6, '2025-06-02 15:36:16', '2025-06-02 15:36:16'),
(1183, 592, 3, '2025-06-02 15:36:16', '2025-06-02 15:36:16'),
(1184, 592, 4, '2025-06-02 15:36:16', '2025-06-02 15:36:16'),
(1185, 593, 3, '2025-06-02 15:36:16', '2025-06-02 15:36:16'),
(1186, 593, 5, '2025-06-02 15:36:16', '2025-06-02 15:36:16'),
(1187, 594, 3, '2025-06-02 15:36:16', '2025-06-02 15:36:16'),
(1188, 594, 6, '2025-06-02 15:36:16', '2025-06-02 15:36:16'),
(1189, 595, 1, '2025-06-02 15:36:16', '2025-06-02 15:36:16'),
(1190, 595, 4, '2025-06-02 15:36:16', '2025-06-02 15:36:16'),
(1191, 596, 1, '2025-06-02 15:36:16', '2025-06-02 15:36:16'),
(1192, 596, 5, '2025-06-02 15:36:16', '2025-06-02 15:36:16'),
(1193, 597, 1, '2025-06-02 15:36:16', '2025-06-02 15:36:16'),
(1194, 597, 6, '2025-06-02 15:36:16', '2025-06-02 15:36:16'),
(1195, 598, 2, '2025-06-02 15:36:16', '2025-06-02 15:36:16'),
(1196, 598, 4, '2025-06-02 15:36:16', '2025-06-02 15:36:16'),
(1197, 599, 2, '2025-06-02 15:36:16', '2025-06-02 15:36:16'),
(1198, 599, 5, '2025-06-02 15:36:16', '2025-06-02 15:36:16'),
(1199, 600, 2, '2025-06-02 15:36:16', '2025-06-02 15:36:16'),
(1200, 600, 6, '2025-06-02 15:36:16', '2025-06-02 15:36:16'),
(1201, 601, 3, '2025-06-02 15:36:16', '2025-06-02 15:36:16'),
(1202, 601, 4, '2025-06-02 15:36:16', '2025-06-02 15:36:16'),
(1203, 602, 3, '2025-06-02 15:36:16', '2025-06-02 15:36:16'),
(1204, 602, 5, '2025-06-02 15:36:16', '2025-06-02 15:36:16'),
(1205, 603, 3, '2025-06-02 15:36:16', '2025-06-02 15:36:16'),
(1206, 603, 6, '2025-06-02 15:36:16', '2025-06-02 15:36:16'),
(1207, 604, 1, '2025-06-02 15:36:16', '2025-06-02 15:36:16'),
(1208, 604, 4, '2025-06-02 15:36:16', '2025-06-02 15:36:16'),
(1209, 605, 1, '2025-06-02 15:36:16', '2025-06-02 15:36:16'),
(1210, 605, 5, '2025-06-02 15:36:16', '2025-06-02 15:36:16'),
(1211, 606, 1, '2025-06-02 15:36:16', '2025-06-02 15:36:16'),
(1212, 606, 6, '2025-06-02 15:36:16', '2025-06-02 15:36:16'),
(1213, 607, 2, '2025-06-02 15:36:16', '2025-06-02 15:36:16'),
(1214, 607, 4, '2025-06-02 15:36:16', '2025-06-02 15:36:16'),
(1215, 608, 2, '2025-06-02 15:36:16', '2025-06-02 15:36:16'),
(1216, 608, 5, '2025-06-02 15:36:16', '2025-06-02 15:36:16'),
(1217, 609, 2, '2025-06-02 15:36:16', '2025-06-02 15:36:16'),
(1218, 609, 6, '2025-06-02 15:36:16', '2025-06-02 15:36:16'),
(1219, 610, 3, '2025-06-02 15:36:16', '2025-06-02 15:36:16'),
(1220, 610, 4, '2025-06-02 15:36:16', '2025-06-02 15:36:16'),
(1221, 611, 3, '2025-06-02 15:36:16', '2025-06-02 15:36:16'),
(1222, 611, 5, '2025-06-02 15:36:16', '2025-06-02 15:36:16'),
(1223, 612, 3, '2025-06-02 15:36:16', '2025-06-02 15:36:16'),
(1224, 612, 6, '2025-06-02 15:36:16', '2025-06-02 15:36:16'),
(1225, 613, 1, '2025-06-02 15:36:16', '2025-06-02 15:36:16'),
(1226, 613, 4, '2025-06-02 15:36:16', '2025-06-02 15:36:16'),
(1227, 614, 1, '2025-06-02 15:36:16', '2025-06-02 15:36:16'),
(1228, 614, 5, '2025-06-02 15:36:16', '2025-06-02 15:36:16'),
(1229, 615, 1, '2025-06-02 15:36:16', '2025-06-02 15:36:16'),
(1230, 615, 6, '2025-06-02 15:36:16', '2025-06-02 15:36:16'),
(1231, 616, 2, '2025-06-02 15:36:16', '2025-06-02 15:36:16'),
(1232, 616, 4, '2025-06-02 15:36:16', '2025-06-02 15:36:16'),
(1233, 617, 2, '2025-06-02 15:36:16', '2025-06-02 15:36:16'),
(1234, 617, 5, '2025-06-02 15:36:16', '2025-06-02 15:36:16'),
(1235, 618, 2, '2025-06-02 15:36:16', '2025-06-02 15:36:16'),
(1236, 618, 6, '2025-06-02 15:36:16', '2025-06-02 15:36:16'),
(1237, 619, 3, '2025-06-02 15:36:16', '2025-06-02 15:36:16'),
(1238, 619, 4, '2025-06-02 15:36:16', '2025-06-02 15:36:16'),
(1239, 620, 3, '2025-06-02 15:36:16', '2025-06-02 15:36:16'),
(1240, 620, 5, '2025-06-02 15:36:16', '2025-06-02 15:36:16'),
(1241, 621, 3, '2025-06-02 15:36:16', '2025-06-02 15:36:16'),
(1242, 621, 6, '2025-06-02 15:36:16', '2025-06-02 15:36:16'),
(1243, 622, 1, '2025-06-02 15:36:16', '2025-06-02 15:36:16'),
(1244, 622, 4, '2025-06-02 15:36:16', '2025-06-02 15:36:16'),
(1245, 623, 1, '2025-06-02 15:36:16', '2025-06-02 15:36:16'),
(1246, 623, 5, '2025-06-02 15:36:16', '2025-06-02 15:36:16'),
(1247, 624, 1, '2025-06-02 15:36:16', '2025-06-02 15:36:16'),
(1248, 624, 6, '2025-06-02 15:36:16', '2025-06-02 15:36:16'),
(1249, 625, 2, '2025-06-02 15:36:16', '2025-06-02 15:36:16'),
(1250, 625, 4, '2025-06-02 15:36:16', '2025-06-02 15:36:16'),
(1251, 626, 2, '2025-06-02 15:36:16', '2025-06-02 15:36:16'),
(1252, 626, 5, '2025-06-02 15:36:16', '2025-06-02 15:36:16'),
(1253, 627, 2, '2025-06-02 15:36:16', '2025-06-02 15:36:16'),
(1254, 627, 6, '2025-06-02 15:36:16', '2025-06-02 15:36:16'),
(1255, 628, 3, '2025-06-02 15:36:16', '2025-06-02 15:36:16'),
(1256, 628, 4, '2025-06-02 15:36:16', '2025-06-02 15:36:16'),
(1257, 629, 3, '2025-06-02 15:36:16', '2025-06-02 15:36:16'),
(1258, 629, 5, '2025-06-02 15:36:16', '2025-06-02 15:36:16'),
(1259, 630, 3, '2025-06-02 15:36:16', '2025-06-02 15:36:16'),
(1260, 630, 6, '2025-06-02 15:36:16', '2025-06-02 15:36:16'),
(1261, 631, 1, '2025-06-02 15:36:16', '2025-06-02 15:36:16'),
(1262, 631, 4, '2025-06-02 15:36:16', '2025-06-02 15:36:16'),
(1263, 632, 1, '2025-06-02 15:36:16', '2025-06-02 15:36:16'),
(1264, 632, 5, '2025-06-02 15:36:16', '2025-06-02 15:36:16'),
(1265, 633, 1, '2025-06-02 15:36:16', '2025-06-02 15:36:16'),
(1266, 633, 6, '2025-06-02 15:36:16', '2025-06-02 15:36:16'),
(1267, 634, 2, '2025-06-02 15:36:16', '2025-06-02 15:36:16'),
(1268, 634, 4, '2025-06-02 15:36:16', '2025-06-02 15:36:16'),
(1269, 635, 2, '2025-06-02 15:36:16', '2025-06-02 15:36:16'),
(1270, 635, 5, '2025-06-02 15:36:16', '2025-06-02 15:36:16'),
(1271, 636, 2, '2025-06-02 15:36:16', '2025-06-02 15:36:16'),
(1272, 636, 6, '2025-06-02 15:36:16', '2025-06-02 15:36:16'),
(1273, 637, 3, '2025-06-02 15:36:16', '2025-06-02 15:36:16'),
(1274, 637, 4, '2025-06-02 15:36:16', '2025-06-02 15:36:16'),
(1275, 638, 3, '2025-06-02 15:36:16', '2025-06-02 15:36:16'),
(1276, 638, 5, '2025-06-02 15:36:16', '2025-06-02 15:36:16'),
(1277, 639, 3, '2025-06-02 15:36:16', '2025-06-02 15:36:16'),
(1278, 639, 6, '2025-06-02 15:36:16', '2025-06-02 15:36:16'),
(1279, 640, 1, '2025-06-02 15:36:16', '2025-06-02 15:36:16'),
(1280, 640, 4, '2025-06-02 15:36:16', '2025-06-02 15:36:16'),
(1281, 641, 1, '2025-06-02 15:36:16', '2025-06-02 15:36:16'),
(1282, 641, 5, '2025-06-02 15:36:16', '2025-06-02 15:36:16'),
(1283, 642, 1, '2025-06-02 15:36:16', '2025-06-02 15:36:16'),
(1284, 642, 6, '2025-06-02 15:36:16', '2025-06-02 15:36:16'),
(1285, 643, 2, '2025-06-02 15:36:16', '2025-06-02 15:36:16'),
(1286, 643, 4, '2025-06-02 15:36:16', '2025-06-02 15:36:16'),
(1287, 644, 2, '2025-06-02 15:36:16', '2025-06-02 15:36:16'),
(1288, 644, 5, '2025-06-02 15:36:16', '2025-06-02 15:36:16'),
(1289, 645, 2, '2025-06-02 15:36:16', '2025-06-02 15:36:16'),
(1290, 645, 6, '2025-06-02 15:36:16', '2025-06-02 15:36:16'),
(1291, 646, 3, '2025-06-02 15:36:16', '2025-06-02 15:36:16'),
(1292, 646, 4, '2025-06-02 15:36:16', '2025-06-02 15:36:16'),
(1293, 647, 3, '2025-06-02 15:36:16', '2025-06-02 15:36:16'),
(1294, 647, 5, '2025-06-02 15:36:16', '2025-06-02 15:36:16'),
(1295, 648, 3, '2025-06-02 15:36:16', '2025-06-02 15:36:16'),
(1296, 648, 6, '2025-06-02 15:36:16', '2025-06-02 15:36:16'),
(1297, 649, 1, '2025-06-02 15:36:16', '2025-06-02 15:36:16'),
(1298, 649, 4, '2025-06-02 15:36:16', '2025-06-02 15:36:16'),
(1299, 650, 1, '2025-06-02 15:36:16', '2025-06-02 15:36:16'),
(1300, 650, 5, '2025-06-02 15:36:16', '2025-06-02 15:36:16'),
(1301, 651, 1, '2025-06-02 15:36:16', '2025-06-02 15:36:16'),
(1302, 651, 6, '2025-06-02 15:36:16', '2025-06-02 15:36:16'),
(1303, 652, 2, '2025-06-02 15:36:16', '2025-06-02 15:36:16'),
(1304, 652, 4, '2025-06-02 15:36:16', '2025-06-02 15:36:16'),
(1305, 653, 2, '2025-06-02 15:36:16', '2025-06-02 15:36:16'),
(1306, 653, 5, '2025-06-02 15:36:16', '2025-06-02 15:36:16'),
(1307, 654, 2, '2025-06-02 15:36:16', '2025-06-02 15:36:16'),
(1308, 654, 6, '2025-06-02 15:36:16', '2025-06-02 15:36:16'),
(1309, 655, 3, '2025-06-02 15:36:16', '2025-06-02 15:36:16'),
(1310, 655, 4, '2025-06-02 15:36:16', '2025-06-02 15:36:16'),
(1311, 656, 3, '2025-06-02 15:36:16', '2025-06-02 15:36:16'),
(1312, 656, 5, '2025-06-02 15:36:16', '2025-06-02 15:36:16'),
(1313, 657, 3, '2025-06-02 15:36:16', '2025-06-02 15:36:16'),
(1314, 657, 6, '2025-06-02 15:36:16', '2025-06-02 15:36:16'),
(1315, 658, 1, '2025-06-02 15:36:16', '2025-06-02 15:36:16'),
(1316, 658, 4, '2025-06-02 15:36:16', '2025-06-02 15:36:16'),
(1317, 659, 1, '2025-06-02 15:36:16', '2025-06-02 15:36:16'),
(1318, 659, 5, '2025-06-02 15:36:16', '2025-06-02 15:36:16'),
(1319, 660, 1, '2025-06-02 15:36:16', '2025-06-02 15:36:16'),
(1320, 660, 6, '2025-06-02 15:36:16', '2025-06-02 15:36:16'),
(1321, 661, 2, '2025-06-02 15:36:16', '2025-06-02 15:36:16'),
(1322, 661, 4, '2025-06-02 15:36:16', '2025-06-02 15:36:16'),
(1323, 662, 2, '2025-06-02 15:36:16', '2025-06-02 15:36:16'),
(1324, 662, 5, '2025-06-02 15:36:16', '2025-06-02 15:36:16'),
(1325, 663, 2, '2025-06-02 15:36:16', '2025-06-02 15:36:16'),
(1326, 663, 6, '2025-06-02 15:36:16', '2025-06-02 15:36:16'),
(1327, 664, 3, '2025-06-02 15:36:16', '2025-06-02 15:36:16'),
(1328, 664, 4, '2025-06-02 15:36:16', '2025-06-02 15:36:16'),
(1329, 665, 3, '2025-06-02 15:36:16', '2025-06-02 15:36:16'),
(1330, 665, 5, '2025-06-02 15:36:16', '2025-06-02 15:36:16'),
(1331, 666, 3, '2025-06-02 15:36:16', '2025-06-02 15:36:16'),
(1332, 666, 6, '2025-06-02 15:36:16', '2025-06-02 15:36:16'),
(1333, 667, 1, '2025-06-02 15:36:16', '2025-06-02 15:36:16'),
(1334, 667, 4, '2025-06-02 15:36:16', '2025-06-02 15:36:16'),
(1335, 668, 1, '2025-06-02 15:36:16', '2025-06-02 15:36:16'),
(1336, 668, 5, '2025-06-02 15:36:16', '2025-06-02 15:36:16'),
(1337, 669, 1, '2025-06-02 15:36:16', '2025-06-02 15:36:16'),
(1338, 669, 6, '2025-06-02 15:36:16', '2025-06-02 15:36:16'),
(1339, 670, 2, '2025-06-02 15:36:16', '2025-06-02 15:36:16'),
(1340, 670, 4, '2025-06-02 15:36:16', '2025-06-02 15:36:16'),
(1341, 671, 2, '2025-06-02 15:36:16', '2025-06-02 15:36:16'),
(1342, 671, 5, '2025-06-02 15:36:16', '2025-06-02 15:36:16'),
(1343, 672, 2, '2025-06-02 15:36:16', '2025-06-02 15:36:16'),
(1344, 672, 6, '2025-06-02 15:36:16', '2025-06-02 15:36:16'),
(1345, 673, 3, '2025-06-02 15:36:16', '2025-06-02 15:36:16'),
(1346, 673, 4, '2025-06-02 15:36:16', '2025-06-02 15:36:16'),
(1347, 674, 3, '2025-06-02 15:36:16', '2025-06-02 15:36:16'),
(1348, 674, 5, '2025-06-02 15:36:16', '2025-06-02 15:36:16'),
(1349, 675, 3, '2025-06-02 15:36:16', '2025-06-02 15:36:16'),
(1350, 675, 6, '2025-06-02 15:36:16', '2025-06-02 15:36:16'),
(1351, 676, 1, '2025-06-02 15:36:16', '2025-06-02 15:36:16'),
(1352, 676, 4, '2025-06-02 15:36:16', '2025-06-02 15:36:16'),
(1353, 677, 1, '2025-06-02 15:36:16', '2025-06-02 15:36:16'),
(1354, 677, 5, '2025-06-02 15:36:16', '2025-06-02 15:36:16'),
(1355, 678, 1, '2025-06-02 15:36:16', '2025-06-02 15:36:16'),
(1356, 678, 6, '2025-06-02 15:36:16', '2025-06-02 15:36:16'),
(1357, 679, 2, '2025-06-02 15:36:16', '2025-06-02 15:36:16'),
(1358, 679, 4, '2025-06-02 15:36:16', '2025-06-02 15:36:16'),
(1359, 680, 2, '2025-06-02 15:36:16', '2025-06-02 15:36:16'),
(1360, 680, 5, '2025-06-02 15:36:16', '2025-06-02 15:36:16'),
(1361, 681, 2, '2025-06-02 15:36:16', '2025-06-02 15:36:16'),
(1362, 681, 6, '2025-06-02 15:36:16', '2025-06-02 15:36:16'),
(1363, 682, 3, '2025-06-02 15:36:16', '2025-06-02 15:36:16'),
(1364, 682, 4, '2025-06-02 15:36:16', '2025-06-02 15:36:16'),
(1365, 683, 3, '2025-06-02 15:36:16', '2025-06-02 15:36:16'),
(1366, 683, 5, '2025-06-02 15:36:16', '2025-06-02 15:36:16'),
(1367, 684, 3, '2025-06-02 15:36:16', '2025-06-02 15:36:16'),
(1368, 684, 6, '2025-06-02 15:36:16', '2025-06-02 15:36:16'),
(1369, 685, 1, '2025-06-02 15:36:16', '2025-06-02 15:36:16'),
(1370, 685, 4, '2025-06-02 15:36:16', '2025-06-02 15:36:16'),
(1371, 686, 1, '2025-06-02 15:36:16', '2025-06-02 15:36:16'),
(1372, 686, 5, '2025-06-02 15:36:16', '2025-06-02 15:36:16'),
(1373, 687, 1, '2025-06-02 15:36:16', '2025-06-02 15:36:16'),
(1374, 687, 6, '2025-06-02 15:36:16', '2025-06-02 15:36:16'),
(1375, 688, 2, '2025-06-02 15:36:16', '2025-06-02 15:36:16'),
(1376, 688, 4, '2025-06-02 15:36:16', '2025-06-02 15:36:16'),
(1377, 689, 2, '2025-06-02 15:36:16', '2025-06-02 15:36:16'),
(1378, 689, 5, '2025-06-02 15:36:16', '2025-06-02 15:36:16'),
(1379, 690, 2, '2025-06-02 15:36:16', '2025-06-02 15:36:16'),
(1380, 690, 6, '2025-06-02 15:36:16', '2025-06-02 15:36:16'),
(1381, 691, 3, '2025-06-02 15:36:16', '2025-06-02 15:36:16'),
(1382, 691, 4, '2025-06-02 15:36:16', '2025-06-02 15:36:16'),
(1383, 692, 3, '2025-06-02 15:36:16', '2025-06-02 15:36:16'),
(1384, 692, 5, '2025-06-02 15:36:16', '2025-06-02 15:36:16'),
(1385, 693, 3, '2025-06-02 15:36:16', '2025-06-02 15:36:16'),
(1386, 693, 6, '2025-06-02 15:36:16', '2025-06-02 15:36:16'),
(1387, 694, 1, '2025-06-02 15:36:16', '2025-06-02 15:36:16'),
(1388, 694, 4, '2025-06-02 15:36:16', '2025-06-02 15:36:16'),
(1389, 695, 1, '2025-06-02 15:36:16', '2025-06-02 15:36:16'),
(1390, 695, 5, '2025-06-02 15:36:16', '2025-06-02 15:36:16'),
(1391, 696, 1, '2025-06-02 15:36:16', '2025-06-02 15:36:16'),
(1392, 696, 6, '2025-06-02 15:36:16', '2025-06-02 15:36:16'),
(1393, 697, 2, '2025-06-02 15:36:16', '2025-06-02 15:36:16'),
(1394, 697, 4, '2025-06-02 15:36:16', '2025-06-02 15:36:16'),
(1395, 698, 2, '2025-06-02 15:36:16', '2025-06-02 15:36:16'),
(1396, 698, 5, '2025-06-02 15:36:16', '2025-06-02 15:36:16'),
(1397, 699, 2, '2025-06-02 15:36:16', '2025-06-02 15:36:16'),
(1398, 699, 6, '2025-06-02 15:36:16', '2025-06-02 15:36:16'),
(1399, 700, 3, '2025-06-02 15:36:16', '2025-06-02 15:36:16'),
(1400, 700, 4, '2025-06-02 15:36:16', '2025-06-02 15:36:16'),
(1401, 701, 3, '2025-06-02 15:36:16', '2025-06-02 15:36:16'),
(1402, 701, 5, '2025-06-02 15:36:16', '2025-06-02 15:36:16'),
(1403, 702, 3, '2025-06-02 15:36:16', '2025-06-02 15:36:16'),
(1404, 702, 6, '2025-06-02 15:36:16', '2025-06-02 15:36:16'),
(1405, 703, 1, '2025-06-02 15:36:16', '2025-06-02 15:36:16'),
(1406, 703, 4, '2025-06-02 15:36:16', '2025-06-02 15:36:16'),
(1407, 704, 1, '2025-06-02 15:36:16', '2025-06-02 15:36:16'),
(1408, 704, 5, '2025-06-02 15:36:16', '2025-06-02 15:36:16'),
(1409, 705, 1, '2025-06-02 15:36:16', '2025-06-02 15:36:16'),
(1410, 705, 6, '2025-06-02 15:36:16', '2025-06-02 15:36:16'),
(1411, 706, 2, '2025-06-02 15:36:16', '2025-06-02 15:36:16'),
(1412, 706, 4, '2025-06-02 15:36:16', '2025-06-02 15:36:16'),
(1413, 707, 2, '2025-06-02 15:36:16', '2025-06-02 15:36:16'),
(1414, 707, 5, '2025-06-02 15:36:16', '2025-06-02 15:36:16'),
(1415, 708, 2, '2025-06-02 15:36:16', '2025-06-02 15:36:16'),
(1416, 708, 6, '2025-06-02 15:36:16', '2025-06-02 15:36:16'),
(1417, 709, 3, '2025-06-02 15:36:16', '2025-06-02 15:36:16'),
(1418, 709, 4, '2025-06-02 15:36:16', '2025-06-02 15:36:16'),
(1419, 710, 3, '2025-06-02 15:36:16', '2025-06-02 15:36:16'),
(1420, 710, 5, '2025-06-02 15:36:16', '2025-06-02 15:36:16'),
(1421, 711, 3, '2025-06-02 15:36:16', '2025-06-02 15:36:16'),
(1422, 711, 6, '2025-06-02 15:36:16', '2025-06-02 15:36:16'),
(1423, 712, 1, '2025-06-02 15:36:16', '2025-06-02 15:36:16'),
(1424, 712, 4, '2025-06-02 15:36:16', '2025-06-02 15:36:16'),
(1425, 713, 1, '2025-06-02 15:36:16', '2025-06-02 15:36:16'),
(1426, 713, 5, '2025-06-02 15:36:16', '2025-06-02 15:36:16'),
(1427, 714, 1, '2025-06-02 15:36:16', '2025-06-02 15:36:16'),
(1428, 714, 6, '2025-06-02 15:36:16', '2025-06-02 15:36:16'),
(1429, 715, 2, '2025-06-02 15:36:16', '2025-06-02 15:36:16'),
(1430, 715, 4, '2025-06-02 15:36:16', '2025-06-02 15:36:16'),
(1431, 716, 2, '2025-06-02 15:36:16', '2025-06-02 15:36:16'),
(1432, 716, 5, '2025-06-02 15:36:16', '2025-06-02 15:36:16'),
(1433, 717, 2, '2025-06-02 15:36:16', '2025-06-02 15:36:16'),
(1434, 717, 6, '2025-06-02 15:36:16', '2025-06-02 15:36:16'),
(1435, 718, 3, '2025-06-02 15:36:16', '2025-06-02 15:36:16'),
(1436, 718, 4, '2025-06-02 15:36:16', '2025-06-02 15:36:16'),
(1437, 719, 3, '2025-06-02 15:36:16', '2025-06-02 15:36:16'),
(1438, 719, 5, '2025-06-02 15:36:16', '2025-06-02 15:36:16'),
(1439, 720, 3, '2025-06-02 15:36:16', '2025-06-02 15:36:16'),
(1440, 720, 6, '2025-06-02 15:36:16', '2025-06-02 15:36:16'),
(1441, 721, 1, '2025-06-02 15:36:16', '2025-06-02 15:36:16'),
(1442, 721, 4, '2025-06-02 15:36:16', '2025-06-02 15:36:16'),
(1443, 722, 1, '2025-06-02 15:36:16', '2025-06-02 15:36:16'),
(1444, 722, 5, '2025-06-02 15:36:16', '2025-06-02 15:36:16'),
(1445, 723, 1, '2025-06-02 15:36:16', '2025-06-02 15:36:16'),
(1446, 723, 6, '2025-06-02 15:36:16', '2025-06-02 15:36:16'),
(1447, 724, 2, '2025-06-02 15:36:16', '2025-06-02 15:36:16'),
(1448, 724, 4, '2025-06-02 15:36:16', '2025-06-02 15:36:16'),
(1449, 725, 2, '2025-06-02 15:36:16', '2025-06-02 15:36:16'),
(1450, 725, 5, '2025-06-02 15:36:16', '2025-06-02 15:36:16'),
(1451, 726, 2, '2025-06-02 15:36:16', '2025-06-02 15:36:16'),
(1452, 726, 6, '2025-06-02 15:36:16', '2025-06-02 15:36:16'),
(1453, 727, 3, '2025-06-02 15:36:16', '2025-06-02 15:36:16'),
(1454, 727, 4, '2025-06-02 15:36:16', '2025-06-02 15:36:16'),
(1455, 728, 3, '2025-06-02 15:36:16', '2025-06-02 15:36:16'),
(1456, 728, 5, '2025-06-02 15:36:16', '2025-06-02 15:36:16'),
(1457, 729, 3, '2025-06-02 15:36:16', '2025-06-02 15:36:16'),
(1458, 729, 6, '2025-06-02 15:36:16', '2025-06-02 15:36:16'),
(1459, 730, 1, '2025-06-02 15:36:16', '2025-06-02 15:36:16'),
(1460, 730, 4, '2025-06-02 15:36:16', '2025-06-02 15:36:16'),
(1461, 731, 1, '2025-06-02 15:36:16', '2025-06-02 15:36:16'),
(1462, 731, 5, '2025-06-02 15:36:16', '2025-06-02 15:36:16'),
(1463, 732, 1, '2025-06-02 15:36:16', '2025-06-02 15:36:16'),
(1464, 732, 6, '2025-06-02 15:36:16', '2025-06-02 15:36:16'),
(1465, 733, 2, '2025-06-02 15:36:16', '2025-06-02 15:36:16'),
(1466, 733, 4, '2025-06-02 15:36:16', '2025-06-02 15:36:16'),
(1467, 734, 2, '2025-06-02 15:36:16', '2025-06-02 15:36:16'),
(1468, 734, 5, '2025-06-02 15:36:16', '2025-06-02 15:36:16'),
(1469, 735, 2, '2025-06-02 15:36:16', '2025-06-02 15:36:16'),
(1470, 735, 6, '2025-06-02 15:36:16', '2025-06-02 15:36:16'),
(1471, 736, 3, '2025-06-02 15:36:16', '2025-06-02 15:36:16'),
(1472, 736, 4, '2025-06-02 15:36:16', '2025-06-02 15:36:16'),
(1473, 737, 3, '2025-06-02 15:36:16', '2025-06-02 15:36:16'),
(1474, 737, 5, '2025-06-02 15:36:16', '2025-06-02 15:36:16'),
(1475, 738, 3, '2025-06-02 15:36:16', '2025-06-02 15:36:16'),
(1476, 738, 6, '2025-06-02 15:36:16', '2025-06-02 15:36:16'),
(1477, 739, 1, '2025-06-02 15:36:16', '2025-06-02 15:36:16'),
(1478, 739, 4, '2025-06-02 15:36:16', '2025-06-02 15:36:16'),
(1479, 740, 1, '2025-06-02 15:36:16', '2025-06-02 15:36:16'),
(1480, 740, 5, '2025-06-02 15:36:16', '2025-06-02 15:36:16'),
(1481, 741, 1, '2025-06-02 15:36:16', '2025-06-02 15:36:16'),
(1482, 741, 6, '2025-06-02 15:36:16', '2025-06-02 15:36:16'),
(1483, 742, 2, '2025-06-02 15:36:16', '2025-06-02 15:36:16'),
(1484, 742, 4, '2025-06-02 15:36:16', '2025-06-02 15:36:16'),
(1485, 743, 2, '2025-06-02 15:36:16', '2025-06-02 15:36:16'),
(1486, 743, 5, '2025-06-02 15:36:16', '2025-06-02 15:36:16'),
(1487, 744, 2, '2025-06-02 15:36:16', '2025-06-02 15:36:16'),
(1488, 744, 6, '2025-06-02 15:36:17', '2025-06-02 15:36:17'),
(1489, 745, 3, '2025-06-02 15:36:17', '2025-06-02 15:36:17'),
(1490, 745, 4, '2025-06-02 15:36:17', '2025-06-02 15:36:17'),
(1491, 746, 3, '2025-06-02 15:36:17', '2025-06-02 15:36:17'),
(1492, 746, 5, '2025-06-02 15:36:17', '2025-06-02 15:36:17'),
(1493, 747, 3, '2025-06-02 15:36:17', '2025-06-02 15:36:17'),
(1494, 747, 6, '2025-06-02 15:36:17', '2025-06-02 15:36:17'),
(1495, 748, 1, '2025-06-02 15:36:17', '2025-06-02 15:36:17'),
(1496, 748, 4, '2025-06-02 15:36:17', '2025-06-02 15:36:17'),
(1497, 749, 1, '2025-06-02 15:36:17', '2025-06-02 15:36:17'),
(1498, 749, 5, '2025-06-02 15:36:17', '2025-06-02 15:36:17'),
(1499, 750, 1, '2025-06-02 15:36:17', '2025-06-02 15:36:17'),
(1500, 750, 6, '2025-06-02 15:36:17', '2025-06-02 15:36:17'),
(1501, 751, 2, '2025-06-02 15:36:17', '2025-06-02 15:36:17'),
(1502, 751, 4, '2025-06-02 15:36:17', '2025-06-02 15:36:17'),
(1503, 752, 2, '2025-06-02 15:36:17', '2025-06-02 15:36:17'),
(1504, 752, 5, '2025-06-02 15:36:17', '2025-06-02 15:36:17'),
(1505, 753, 2, '2025-06-02 15:36:17', '2025-06-02 15:36:17'),
(1506, 753, 6, '2025-06-02 15:36:17', '2025-06-02 15:36:17'),
(1507, 754, 3, '2025-06-02 15:36:17', '2025-06-02 15:36:17'),
(1508, 754, 4, '2025-06-02 15:36:17', '2025-06-02 15:36:17'),
(1509, 755, 3, '2025-06-02 15:36:17', '2025-06-02 15:36:17'),
(1510, 755, 5, '2025-06-02 15:36:17', '2025-06-02 15:36:17'),
(1511, 756, 3, '2025-06-02 15:36:17', '2025-06-02 15:36:17'),
(1512, 756, 6, '2025-06-02 15:36:17', '2025-06-02 15:36:17'),
(1513, 757, 1, '2025-06-02 15:36:17', '2025-06-02 15:36:17'),
(1514, 757, 4, '2025-06-02 15:36:17', '2025-06-02 15:36:17'),
(1515, 758, 1, '2025-06-02 15:36:17', '2025-06-02 15:36:17'),
(1516, 758, 5, '2025-06-02 15:36:17', '2025-06-02 15:36:17'),
(1517, 759, 1, '2025-06-02 15:36:17', '2025-06-02 15:36:17'),
(1518, 759, 6, '2025-06-02 15:36:17', '2025-06-02 15:36:17'),
(1519, 760, 2, '2025-06-02 15:36:17', '2025-06-02 15:36:17'),
(1520, 760, 4, '2025-06-02 15:36:17', '2025-06-02 15:36:17'),
(1521, 761, 2, '2025-06-02 15:36:17', '2025-06-02 15:36:17'),
(1522, 761, 5, '2025-06-02 15:36:17', '2025-06-02 15:36:17'),
(1523, 762, 2, '2025-06-02 15:36:17', '2025-06-02 15:36:17'),
(1524, 762, 6, '2025-06-02 15:36:17', '2025-06-02 15:36:17'),
(1525, 763, 3, '2025-06-02 15:36:17', '2025-06-02 15:36:17'),
(1526, 763, 4, '2025-06-02 15:36:17', '2025-06-02 15:36:17'),
(1527, 764, 3, '2025-06-02 15:36:17', '2025-06-02 15:36:17'),
(1528, 764, 5, '2025-06-02 15:36:17', '2025-06-02 15:36:17'),
(1529, 765, 3, '2025-06-02 15:36:17', '2025-06-02 15:36:17'),
(1530, 765, 6, '2025-06-02 15:36:17', '2025-06-02 15:36:17'),
(1531, 766, 1, '2025-06-02 15:36:17', '2025-06-02 15:36:17'),
(1532, 766, 4, '2025-06-02 15:36:17', '2025-06-02 15:36:17'),
(1533, 767, 1, '2025-06-02 15:36:17', '2025-06-02 15:36:17'),
(1534, 767, 5, '2025-06-02 15:36:17', '2025-06-02 15:36:17'),
(1535, 768, 1, '2025-06-02 15:36:17', '2025-06-02 15:36:17'),
(1536, 768, 6, '2025-06-02 15:36:17', '2025-06-02 15:36:17'),
(1537, 769, 2, '2025-06-02 15:36:17', '2025-06-02 15:36:17'),
(1538, 769, 4, '2025-06-02 15:36:17', '2025-06-02 15:36:17'),
(1539, 770, 2, '2025-06-02 15:36:17', '2025-06-02 15:36:17'),
(1540, 770, 5, '2025-06-02 15:36:17', '2025-06-02 15:36:17'),
(1541, 771, 2, '2025-06-02 15:36:17', '2025-06-02 15:36:17'),
(1542, 771, 6, '2025-06-02 15:36:17', '2025-06-02 15:36:17'),
(1543, 772, 3, '2025-06-02 15:36:17', '2025-06-02 15:36:17'),
(1544, 772, 4, '2025-06-02 15:36:17', '2025-06-02 15:36:17'),
(1545, 773, 3, '2025-06-02 15:36:17', '2025-06-02 15:36:17'),
(1546, 773, 5, '2025-06-02 15:36:17', '2025-06-02 15:36:17'),
(1547, 774, 3, '2025-06-02 15:36:17', '2025-06-02 15:36:17'),
(1548, 774, 6, '2025-06-02 15:36:17', '2025-06-02 15:36:17'),
(1549, 775, 1, '2025-06-02 15:36:17', '2025-06-02 15:36:17'),
(1550, 775, 4, '2025-06-02 15:36:17', '2025-06-02 15:36:17'),
(1551, 776, 1, '2025-06-02 15:36:17', '2025-06-02 15:36:17'),
(1552, 776, 5, '2025-06-02 15:36:17', '2025-06-02 15:36:17'),
(1553, 777, 1, '2025-06-02 15:36:17', '2025-06-02 15:36:17'),
(1554, 777, 6, '2025-06-02 15:36:17', '2025-06-02 15:36:17'),
(1555, 778, 2, '2025-06-02 15:36:17', '2025-06-02 15:36:17'),
(1556, 778, 4, '2025-06-02 15:36:17', '2025-06-02 15:36:17'),
(1557, 779, 2, '2025-06-02 15:36:17', '2025-06-02 15:36:17'),
(1558, 779, 5, '2025-06-02 15:36:17', '2025-06-02 15:36:17'),
(1559, 780, 2, '2025-06-02 15:36:17', '2025-06-02 15:36:17'),
(1560, 780, 6, '2025-06-02 15:36:17', '2025-06-02 15:36:17'),
(1561, 781, 3, '2025-06-02 15:36:17', '2025-06-02 15:36:17'),
(1562, 781, 4, '2025-06-02 15:36:17', '2025-06-02 15:36:17'),
(1563, 782, 3, '2025-06-02 15:36:17', '2025-06-02 15:36:17'),
(1564, 782, 5, '2025-06-02 15:36:17', '2025-06-02 15:36:17'),
(1565, 783, 3, '2025-06-02 15:36:17', '2025-06-02 15:36:17'),
(1566, 783, 6, '2025-06-02 15:36:17', '2025-06-02 15:36:17'),
(1567, 784, 1, '2025-06-02 15:36:17', '2025-06-02 15:36:17'),
(1568, 784, 4, '2025-06-02 15:36:17', '2025-06-02 15:36:17'),
(1569, 785, 1, '2025-06-02 15:36:17', '2025-06-02 15:36:17'),
(1570, 785, 5, '2025-06-02 15:36:17', '2025-06-02 15:36:17'),
(1571, 786, 1, '2025-06-02 15:36:17', '2025-06-02 15:36:17'),
(1572, 786, 6, '2025-06-02 15:36:17', '2025-06-02 15:36:17'),
(1573, 787, 2, '2025-06-02 15:36:17', '2025-06-02 15:36:17'),
(1574, 787, 4, '2025-06-02 15:36:17', '2025-06-02 15:36:17'),
(1575, 788, 2, '2025-06-02 15:36:17', '2025-06-02 15:36:17'),
(1576, 788, 5, '2025-06-02 15:36:17', '2025-06-02 15:36:17'),
(1577, 789, 2, '2025-06-02 15:36:17', '2025-06-02 15:36:17'),
(1578, 789, 6, '2025-06-02 15:36:17', '2025-06-02 15:36:17'),
(1579, 790, 3, '2025-06-02 15:36:17', '2025-06-02 15:36:17'),
(1580, 790, 4, '2025-06-02 15:36:17', '2025-06-02 15:36:17'),
(1581, 791, 3, '2025-06-02 15:36:17', '2025-06-02 15:36:17'),
(1582, 791, 5, '2025-06-02 15:36:17', '2025-06-02 15:36:17'),
(1583, 792, 3, '2025-06-02 15:36:17', '2025-06-02 15:36:17'),
(1584, 792, 6, '2025-06-02 15:36:17', '2025-06-02 15:36:17'),
(1585, 793, 1, '2025-06-02 15:36:17', '2025-06-02 15:36:17'),
(1586, 793, 4, '2025-06-02 15:36:17', '2025-06-02 15:36:17'),
(1587, 794, 1, '2025-06-02 15:36:17', '2025-06-02 15:36:17'),
(1588, 794, 5, '2025-06-02 15:36:17', '2025-06-02 15:36:17'),
(1589, 795, 1, '2025-06-02 15:36:17', '2025-06-02 15:36:17'),
(1590, 795, 6, '2025-06-02 15:36:17', '2025-06-02 15:36:17'),
(1591, 796, 2, '2025-06-02 15:36:17', '2025-06-02 15:36:17'),
(1592, 796, 4, '2025-06-02 15:36:17', '2025-06-02 15:36:17'),
(1593, 797, 2, '2025-06-02 15:36:17', '2025-06-02 15:36:17'),
(1594, 797, 5, '2025-06-02 15:36:17', '2025-06-02 15:36:17'),
(1595, 798, 2, '2025-06-02 15:36:17', '2025-06-02 15:36:17'),
(1596, 798, 6, '2025-06-02 15:36:17', '2025-06-02 15:36:17'),
(1597, 799, 3, '2025-06-02 15:36:17', '2025-06-02 15:36:17'),
(1598, 799, 4, '2025-06-02 15:36:17', '2025-06-02 15:36:17'),
(1599, 800, 3, '2025-06-02 15:36:17', '2025-06-02 15:36:17'),
(1600, 800, 5, '2025-06-02 15:36:17', '2025-06-02 15:36:17'),
(1601, 801, 3, '2025-06-02 15:36:17', '2025-06-02 15:36:17'),
(1602, 801, 6, '2025-06-02 15:36:17', '2025-06-02 15:36:17'),
(1603, 802, 1, '2025-06-02 15:36:17', '2025-06-02 15:36:17'),
(1604, 802, 4, '2025-06-02 15:36:17', '2025-06-02 15:36:17'),
(1605, 803, 1, '2025-06-02 15:36:17', '2025-06-02 15:36:17'),
(1606, 803, 5, '2025-06-02 15:36:17', '2025-06-02 15:36:17'),
(1607, 804, 1, '2025-06-02 15:36:17', '2025-06-02 15:36:17'),
(1608, 804, 6, '2025-06-02 15:36:17', '2025-06-02 15:36:17'),
(1609, 805, 2, '2025-06-02 15:36:17', '2025-06-02 15:36:17'),
(1610, 805, 4, '2025-06-02 15:36:17', '2025-06-02 15:36:17'),
(1611, 806, 2, '2025-06-02 15:36:17', '2025-06-02 15:36:17'),
(1612, 806, 5, '2025-06-02 15:36:17', '2025-06-02 15:36:17'),
(1613, 807, 2, '2025-06-02 15:36:17', '2025-06-02 15:36:17'),
(1614, 807, 6, '2025-06-02 15:36:17', '2025-06-02 15:36:17'),
(1615, 808, 3, '2025-06-02 15:36:17', '2025-06-02 15:36:17'),
(1616, 808, 4, '2025-06-02 15:36:17', '2025-06-02 15:36:17'),
(1617, 809, 3, '2025-06-02 15:36:17', '2025-06-02 15:36:17'),
(1618, 809, 5, '2025-06-02 15:36:17', '2025-06-02 15:36:17'),
(1619, 810, 3, '2025-06-02 15:36:17', '2025-06-02 15:36:17'),
(1620, 810, 6, '2025-06-02 15:36:17', '2025-06-02 15:36:17');

-- --------------------------------------------------------

--
-- Table structure for table `promotion_branches`
--

CREATE TABLE `promotion_branches` (
  `id` bigint UNSIGNED NOT NULL,
  `promotion_program_id` bigint UNSIGNED NOT NULL,
  `branch_id` bigint UNSIGNED NOT NULL,
  `created_at` timestamp NULL DEFAULT NULL,
  `updated_at` timestamp NULL DEFAULT NULL
) ENGINE=InnoDB DEFAULT CHARSET=utf8mb4 COLLATE=utf8mb4_unicode_ci;

--
-- Dumping data for table `promotion_branches`
--

INSERT INTO `promotion_branches` (`id`, `promotion_program_id`, `branch_id`, `created_at`, `updated_at`) VALUES
(1, 4, 1, '2025-06-02 15:37:48', '2025-06-02 15:37:48'),
(2, 4, 3, '2025-06-02 15:37:48', '2025-06-02 15:37:48'),
(5, 6, 1, '2025-06-02 15:37:48', '2025-06-02 15:37:48'),
(6, 6, 2, '2025-06-02 15:37:48', '2025-06-02 15:37:48'),
(7, 7, 3, '2025-06-02 15:37:48', '2025-06-02 15:37:48'),
(8, 8, 1, '2025-06-02 15:37:48', '2025-06-02 15:37:48'),
(9, 8, 2, '2025-06-02 15:37:48', '2025-06-02 15:37:48'),
(10, 8, 3, '2025-06-02 15:37:48', '2025-06-02 15:37:48'),
(11, 10, 1, '2025-06-02 15:37:48', '2025-06-02 15:37:48'),
(15, 5, 2, NULL, NULL),
(16, 5, 3, NULL, NULL);

-- --------------------------------------------------------

--
-- Table structure for table `promotion_discount_codes`
--

CREATE TABLE `promotion_discount_codes` (
  `id` bigint UNSIGNED NOT NULL,
  `promotion_program_id` bigint UNSIGNED NOT NULL,
  `discount_code_id` bigint UNSIGNED NOT NULL,
  `created_at` timestamp NULL DEFAULT NULL,
  `updated_at` timestamp NULL DEFAULT NULL
) ENGINE=InnoDB DEFAULT CHARSET=utf8mb4 COLLATE=utf8mb4_unicode_ci;

--
-- Dumping data for table `promotion_discount_codes`
--

INSERT INTO `promotion_discount_codes` (`id`, `promotion_program_id`, `discount_code_id`, `created_at`, `updated_at`) VALUES
(1, 1, 10, '2025-06-02 15:37:48', '2025-06-02 15:37:48'),
(3, 1, 17, '2025-06-02 15:37:48', '2025-06-02 15:37:48'),
(4, 2, 2, '2025-06-02 15:37:48', '2025-06-02 15:37:48'),
(5, 2, 14, '2025-06-02 15:37:48', '2025-06-02 15:37:48'),
(7, 2, 16, '2025-06-02 15:37:48', '2025-06-02 15:37:48'),
(8, 2, 20, '2025-06-02 15:37:48', '2025-06-02 15:37:48'),
(9, 3, 3, '2025-06-02 15:37:48', '2025-06-02 15:37:48'),
(10, 3, 7, '2025-06-02 15:37:48', '2025-06-02 15:37:48'),
(11, 3, 8, '2025-06-02 15:37:48', '2025-06-02 15:37:48'),
(12, 4, 4, '2025-06-02 15:37:48', '2025-06-02 15:37:48'),
(13, 4, 9, '2025-06-02 15:37:48', '2025-06-02 15:37:48'),
(14, 4, 11, '2025-06-02 15:37:48', '2025-06-02 15:37:48'),
(16, 4, 20, '2025-06-02 15:37:48', '2025-06-02 15:37:48'),
(17, 5, 8, '2025-06-02 15:37:48', '2025-06-02 15:37:48'),
(18, 6, 19, '2025-06-02 15:37:48', '2025-06-02 15:37:48'),
(19, 7, 11, '2025-06-02 15:37:48', '2025-06-02 15:37:48'),
(20, 7, 12, '2025-06-02 15:37:48', '2025-06-02 15:37:48'),
(21, 7, 19, '2025-06-02 15:37:48', '2025-06-02 15:37:48'),
(22, 8, 10, '2025-06-02 15:37:48', '2025-06-02 15:37:48'),
(23, 8, 11, '2025-06-02 15:37:48', '2025-06-02 15:37:48'),
(25, 9, 13, '2025-06-02 15:37:48', '2025-06-02 15:37:48'),
(27, 9, 19, '2025-06-02 15:37:48', '2025-06-02 15:37:48'),
(28, 10, 11, '2025-06-02 15:37:48', '2025-06-02 15:37:48'),
(32, 5, 15, NULL, NULL);

-- --------------------------------------------------------

--
-- Table structure for table `promotion_programs`
--

CREATE TABLE `promotion_programs` (
  `id` bigint UNSIGNED NOT NULL,
  `name` varchar(191) COLLATE utf8mb4_unicode_ci NOT NULL,
  `description` text COLLATE utf8mb4_unicode_ci,
  `banner_image` varchar(191) COLLATE utf8mb4_unicode_ci DEFAULT NULL,
  `thumbnail_image` varchar(191) COLLATE utf8mb4_unicode_ci DEFAULT NULL,
  `applicable_scope` enum('all_branches','specific_branches') COLLATE utf8mb4_unicode_ci NOT NULL DEFAULT 'all_branches',
  `start_date` timestamp NOT NULL,
  `end_date` timestamp NOT NULL,
  `is_active` tinyint(1) NOT NULL DEFAULT '1',
  `is_featured` tinyint(1) NOT NULL DEFAULT '0',
  `display_order` int NOT NULL DEFAULT '0',
  `created_by` bigint UNSIGNED NOT NULL,
  `created_at` timestamp NULL DEFAULT NULL,
  `updated_at` timestamp NULL DEFAULT NULL
) ENGINE=InnoDB DEFAULT CHARSET=utf8mb4 COLLATE=utf8mb4_unicode_ci;

--
-- Dumping data for table `promotion_programs`
--

INSERT INTO `promotion_programs` (`id`, `name`, `description`, `banner_image`, `thumbnail_image`, `applicable_scope`, `start_date`, `end_date`, `is_active`, `is_featured`, `display_order`, `created_by`, `created_at`, `updated_at`) VALUES
(1, 'vero dolore corrupti', 'Officiis qui ipsum et aliquid aut voluptatem temporibus libero. Exercitationem soluta et animi sunt nostrum. Perspiciatis qui aliquam voluptates itaque unde cum dolorem. Animi asperiores a sunt cum voluptatibus rem.', NULL, 'https://via.placeholder.com/200x200.png/00ffdd?text=nobis', 'all_branches', '2025-06-02 15:37:48', '2025-07-02 15:37:48', 1, 1, 7, 29, '2025-06-02 15:37:48', '2025-06-11 01:50:57'),
(2, 'et est dolor', 'Voluptatem incidunt harum ipsum velit illo. Recusandae nesciunt unde ipsa aut. Enim rerum iusto quia sunt dolorem. Quasi doloremque minima labore laborum omnis aliquid occaecati.', 'https://via.placeholder.com/800x400.png/0099dd?text=voluptates', 'https://via.placeholder.com/200x200.png/0066bb?text=omnis', 'all_branches', '2025-06-06 03:37:00', '2025-07-02 03:37:00', 1, 0, 1, 30, '2025-06-02 15:37:48', '2025-06-11 01:50:57'),
(3, 'voluptas sunt cumque', 'Aut qui nihil qui est molestiae consectetur. Iure inventore eos explicabo ut vero. Id consectetur quia in at.', NULL, 'https://via.placeholder.com/200x200.png/00ff44?text=mollitia', 'all_branches', '2025-06-02 15:37:48', '2025-07-02 15:37:48', 1, 0, 8, 31, '2025-06-02 15:37:48', '2025-06-11 01:50:57'),
(4, 'distinctio qui voluptatibus', 'Omnis repellat modi recusandae quibusdam omnis reprehenderit accusamus sit. Ipsam rem ipsum non dolorem.', 'https://via.placeholder.com/800x400.png/001111?text=sapiente', 'https://via.placeholder.com/200x200.png/008855?text=accusantium', 'specific_branches', '2025-06-02 15:37:48', '2025-07-02 15:37:48', 1, 0, 6, 32, '2025-06-02 15:37:48', '2025-06-11 01:50:57'),
(5, 'in modi sed', 'Molestias voluptatem qui fugit natus asperiores odit minus quis. Suscipit quasi dicta repellat rerum.', 'banners/Fm8tFVjEh8gP6ImKDfVBETJUUFIV4ATecwxLqeUm.png', 'thumbnails/ooGWVuPULvw0kstKme04voQOpVpQ5RJvhU5gxv3K.png', 'specific_branches', '2025-06-10 03:37:00', '2025-06-19 03:40:00', 1, 0, 0, 33, '2025-06-02 15:37:48', '2025-06-11 01:50:57'),
(6, 'maiores consequatur sed', 'Velit suscipit eligendi doloremque ea possimus maiores illum. Est sapiente vitae nemo magnam. Ea qui quasi quae non voluptas et quos. Dolorem ipsum facilis quia architecto vel eaque.', 'https://via.placeholder.com/800x400.png/00bb66?text=deserunt', 'https://via.placeholder.com/200x200.png/00bb44?text=velit', 'specific_branches', '2025-06-02 15:37:48', '2025-07-02 15:37:48', 1, 0, 6, 34, '2025-06-02 15:37:48', '2025-06-11 01:50:57'),
(7, 'et facere dolor', 'Est quibusdam vitae fugit et aut placeat. Dolor quo laboriosam perferendis. Aut cumque qui rerum distinctio et veniam architecto.', 'https://via.placeholder.com/800x400.png/003377?text=id', 'https://via.placeholder.com/200x200.png/00bb66?text=tempora', 'specific_branches', '2025-06-02 15:37:48', '2025-07-02 15:37:48', 1, 0, 1, 35, '2025-06-02 15:37:48', '2025-06-11 01:50:57'),
(8, 'veniam aut magni', 'Quis sed assumenda est ea ut et dolorum voluptatum. Velit nisi enim voluptatem voluptatem aut et cum rerum. Repellendus sapiente dolor quae deserunt laborum ab a. Doloremque assumenda eos veritatis qui.', NULL, NULL, 'specific_branches', '2025-06-02 15:37:48', '2025-07-02 15:37:48', 1, 1, 5, 36, '2025-06-02 15:37:48', '2025-06-11 01:50:57'),
(9, 'quod aut accusantium', 'Alias temporibus harum perspiciatis cum quae. Dolorum laborum accusantium quia voluptatibus possimus et. Dolores rerum odio vitae modi ea. Ipsam velit est rem itaque quod dolores fuga. Dolores nesciunt minima est voluptatem sunt.', NULL, NULL, 'all_branches', '2025-06-02 15:37:48', '2025-07-02 15:37:48', 1, 0, 7, 37, '2025-06-02 15:37:48', '2025-06-11 01:50:57'),
(10, 'qui ea praesentium', 'Atque quis rerum molestiae animi rem possimus. Repudiandae sed ut ut itaque doloremque eum. Eveniet provident dolorem eligendi harum. Fuga itaque impedit vitae et iste qui ut autem. Ut autem odit voluptatem eligendi.', NULL, NULL, 'specific_branches', '2025-06-02 15:37:48', '2025-07-02 15:37:48', 1, 1, 4, 38, '2025-06-02 15:37:48', '2025-06-11 01:50:57');

-- --------------------------------------------------------

--
-- Table structure for table `return_orders`
--

CREATE TABLE `return_orders` (
  `id` bigint UNSIGNED NOT NULL,
  `order_id` bigint UNSIGNED NOT NULL,
  `customer_id` bigint UNSIGNED NOT NULL,
  `requested_at` datetime NOT NULL,
  `reason` text COLLATE utf8mb4_unicode_ci,
  `status` enum('requested','approved','rejected','processing','completed') COLLATE utf8mb4_unicode_ci NOT NULL DEFAULT 'requested',
  `refunded_amount` decimal(10,2) NOT NULL DEFAULT '0.00',
  `responsible_party` varchar(191) COLLATE utf8mb4_unicode_ci DEFAULT NULL,
  `return_photo` varchar(191) COLLATE utf8mb4_unicode_ci DEFAULT NULL,
  `refunded_at` datetime DEFAULT NULL,
  `created_at` timestamp NULL DEFAULT NULL,
  `updated_at` timestamp NULL DEFAULT NULL
) ENGINE=InnoDB DEFAULT CHARSET=utf8mb4 COLLATE=utf8mb4_unicode_ci;

-- --------------------------------------------------------

--
-- Table structure for table `review_replies`
--

CREATE TABLE `review_replies` (
  `id` bigint UNSIGNED NOT NULL,
  `review_id` bigint UNSIGNED NOT NULL,
  `user_id` bigint UNSIGNED NOT NULL,
  `reply` text COLLATE utf8mb4_unicode_ci NOT NULL,
  `reply_date` datetime NOT NULL,
  `is_official` tinyint(1) NOT NULL DEFAULT '0',
  `is_hidden` tinyint(1) NOT NULL DEFAULT '0',
  `helpful_count` int NOT NULL DEFAULT '0',
  `report_count` int NOT NULL DEFAULT '0',
  `created_at` timestamp NULL DEFAULT NULL,
  `updated_at` timestamp NULL DEFAULT NULL
) ENGINE=InnoDB DEFAULT CHARSET=utf8mb4 COLLATE=utf8mb4_unicode_ci;

-- --------------------------------------------------------

--
-- Table structure for table `roles`
--

CREATE TABLE `roles` (
  `id` bigint UNSIGNED NOT NULL,
  `name` varchar(191) COLLATE utf8mb4_unicode_ci NOT NULL,
  `permissions` json NOT NULL,
  `created_at` timestamp NULL DEFAULT NULL,
  `updated_at` timestamp NULL DEFAULT NULL
) ENGINE=InnoDB DEFAULT CHARSET=utf8mb4 COLLATE=utf8mb4_unicode_ci;

--
-- Dumping data for table `roles`
--

INSERT INTO `roles` (`id`, `name`, `permissions`, `created_at`, `updated_at`) VALUES
(1, 'admin', '[\"*\"]', '2025-06-02 15:34:08', '2025-06-02 15:34:08'),
(2, 'manager', '[\"create\", \"edit\", \"view\"]', '2025-06-02 15:34:08', '2025-06-02 15:34:08'),
(3, 'staff', '[\"view\"]', '2025-06-02 15:34:08', '2025-06-02 15:34:08'),
(4, 'customer', '[\"view\"]', '2025-06-02 15:34:08', '2025-06-02 15:34:08'),
(5, 'driver', '[\"view\", \"driver_actions\"]', '2025-06-02 15:34:08', '2025-06-02 15:34:08');

-- --------------------------------------------------------

--
-- Table structure for table `sessions`
--

CREATE TABLE `sessions` (
  `id` varchar(191) COLLATE utf8mb4_unicode_ci NOT NULL,
  `user_id` bigint UNSIGNED DEFAULT NULL,
  `ip_address` varchar(45) COLLATE utf8mb4_unicode_ci DEFAULT NULL,
  `user_agent` text COLLATE utf8mb4_unicode_ci,
  `payload` longtext COLLATE utf8mb4_unicode_ci NOT NULL,
  `last_activity` int NOT NULL
) ENGINE=InnoDB DEFAULT CHARSET=utf8mb4 COLLATE=utf8mb4_unicode_ci;

--
-- Dumping data for table `sessions`
--

INSERT INTO `sessions` (`id`, `user_id`, `ip_address`, `user_agent`, `payload`, `last_activity`) VALUES
('I7NzqZmWCQTKzN9pQYs4VoUZcTcaODqVsRwdnNbm', 11, '127.0.0.1', 'Mozilla/5.0 (Windows NT 10.0; Win64; x64) AppleWebKit/537.36 (KHTML, like Gecko) Chrome/137.0.0.0 Safari/537.36', 'YTo2OntzOjY6Il90b2tlbiI7czo0MDoiQWowajAwQ29Ua2lvYUdlaW5LWWR3R2hUUkJ1OW9PUzVQakJNaHNhbSI7czoxNToic2VsZWN0ZWRfYnJhbmNoIjtzOjE6IjMiO3M6NjoiX2ZsYXNoIjthOjI6e3M6Mzoib2xkIjthOjA6e31zOjM6Im5ldyI7YTowOnt9fXM6MTA6ImNhcnRfY291bnQiO2k6MDtzOjk6Il9wcmV2aW91cyI7YToxOntzOjM6InVybCI7czo1MjoiaHR0cDovLzEyNy4wLjAuMTo4MDAwL2FkbWluL3VzZXJfcmFua19oaXN0b3J5P3BhZ2U9MiI7fXM6NTI6ImxvZ2luX2FkbWluXzU5YmEzNmFkZGMyYjJmOTQwMTU4MGYwMTRjN2Y1OGVhNGUzMDk4OWQiO2k6MTE7fQ==', 1749649175);

-- --------------------------------------------------------

--
-- Table structure for table `toppings`
--

CREATE TABLE `toppings` (
  `id` bigint UNSIGNED NOT NULL,
  `name` varchar(191) COLLATE utf8mb4_unicode_ci NOT NULL,
  `price` decimal(12,2) NOT NULL,
  `active` tinyint(1) NOT NULL DEFAULT '1',
  `image` varchar(191) COLLATE utf8mb4_unicode_ci DEFAULT NULL,
  `description` varchar(191) COLLATE utf8mb4_unicode_ci DEFAULT NULL,
  `created_at` timestamp NULL DEFAULT NULL,
  `updated_at` timestamp NULL DEFAULT NULL
) ENGINE=InnoDB DEFAULT CHARSET=utf8mb4 COLLATE=utf8mb4_unicode_ci;

--
-- Dumping data for table `toppings`
--

INSERT INTO `toppings` (`id`, `name`, `price`, `active`, `image`, `description`, `created_at`, `updated_at`) VALUES
(1, 'Phô Mai Thêm', '15000.00', 1, 'toppings/pho-mai-them.jpg', NULL, '2025-06-02 15:36:23', '2025-06-02 15:36:23'),
(2, 'Thịt Bò Thêm', '25000.00', 1, 'toppings/thit-bo-them.jpg', NULL, '2025-06-02 15:36:24', '2025-06-02 15:36:24'),
(3, 'Thịt Gà Thêm', '20000.00', 1, 'toppings/thit-ga-them.jpg', NULL, '2025-06-02 15:36:25', '2025-06-02 15:36:25'),
(4, 'Bacon', '18000.00', 1, 'toppings/bacon.jpg', NULL, '2025-06-02 15:36:27', '2025-06-02 15:36:27'),
(5, 'Trứng Ốp La', '12000.00', 1, 'toppings/trung-op-la.jpg', NULL, '2025-06-02 15:36:28', '2025-06-02 15:36:28'),
(6, 'Xà Lách Thêm', '5000.00', 1, 'toppings/xa-lach-them.jpg', NULL, '2025-06-02 15:36:30', '2025-06-02 15:36:30'),
(7, 'Cà Chua Thêm', '5000.00', 1, 'toppings/dfc524e4-1f05-4503-96c7-8ebaec8a20f3.jpg', NULL, '2025-06-02 15:36:36', '2025-06-02 15:36:36'),
(8, 'Hành Tây Thêm', '5000.00', 1, 'toppings/ce527923-01b3-42a3-af28-199b9735ee78.jpg', NULL, '2025-06-02 15:36:42', '2025-06-02 15:36:42'),
(9, 'Dưa Chuột Thêm', '5000.00', 1, 'toppings/376c5e21-59e3-4588-934d-43729c22eecf.jpg', NULL, '2025-06-02 15:36:47', '2025-06-02 15:36:47'),
(10, 'Sốt BBQ', '8000.00', 1, 'toppings/sot-bbq.jpg', NULL, '2025-06-02 15:36:48', '2025-06-02 15:36:48'),
(11, 'Sốt Cay', '8000.00', 1, 'toppings/sot-cay.jpg', NULL, '2025-06-02 15:36:49', '2025-06-02 15:36:49'),
(12, 'Sốt Mayonnaise', '8000.00', 1, 'toppings/sot-mayonnaise.jpg', NULL, '2025-06-02 15:36:51', '2025-06-02 15:36:51'),
(13, 'Sốt Tỏi', '8000.00', 1, 'toppings/sot-toi.jpg', NULL, '2025-06-02 15:36:53', '2025-06-02 15:36:53'),
(14, 'Nấm Thêm', '10000.00', 1, 'toppings/132133d4-737c-4cfa-9d0a-aa9be494de8d.jpg', NULL, '2025-06-02 15:37:04', '2025-06-02 15:37:04'),
(15, 'Ớt Jalapeño', '7000.00', 1, 'toppings/ot-jalapeno.jpg', NULL, '2025-06-02 15:37:05', '2025-06-02 15:37:05'),
(16, 'Tôm Thêm', '30000.00', 1, 'toppings/tom-them.jpg', NULL, '2025-06-02 15:37:06', '2025-06-02 15:37:06'),
(17, 'Mực Thêm', '25000.00', 1, 'toppings/muc-them.jpg', NULL, '2025-06-02 15:37:08', '2025-06-02 15:37:08'),
(18, 'Xúc Xích', '15000.00', 1, 'toppings/xuc-xich.jpg', NULL, '2025-06-02 15:37:10', '2025-06-02 15:37:10'),
(19, 'Pepperoni', '20000.00', 1, 'toppings/3342012f-fb2c-4eaf-8d18-fab4385ce17f.jpg', NULL, '2025-06-02 15:37:42', '2025-06-02 15:37:42'),
(20, 'Dứa Thêm', '8000.00', 1, 'toppings/94436f8d-bbe4-43b3-a04e-665a49021d82.jpg', NULL, '2025-06-02 15:37:43', '2025-06-02 15:37:43');

-- --------------------------------------------------------

--
-- Table structure for table `topping_stocks`
--

CREATE TABLE `topping_stocks` (
  `id` bigint UNSIGNED NOT NULL,
  `branch_id` bigint UNSIGNED NOT NULL,
  `topping_id` bigint UNSIGNED NOT NULL,
  `stock_quantity` int NOT NULL DEFAULT '0',
  `created_at` timestamp NULL DEFAULT NULL,
  `updated_at` timestamp NULL DEFAULT NULL
) ENGINE=InnoDB DEFAULT CHARSET=utf8mb4 COLLATE=utf8mb4_unicode_ci;

--
-- Dumping data for table `topping_stocks`
--

INSERT INTO `topping_stocks` (`id`, `branch_id`, `topping_id`, `stock_quantity`, `created_at`, `updated_at`) VALUES
(1, 1, 1, 97, '2025-06-02 15:36:23', '2025-06-02 15:36:23'),
(2, 2, 1, 46, '2025-06-02 15:36:23', '2025-06-02 15:36:23'),
(3, 3, 1, 6, '2025-06-02 15:36:23', '2025-06-02 15:36:23'),
(4, 1, 2, 17, '2025-06-02 15:36:24', '2025-06-02 15:36:24'),
(5, 2, 2, 57, '2025-06-02 15:36:24', '2025-06-02 15:36:24'),
(6, 3, 2, 81, '2025-06-02 15:36:24', '2025-06-02 15:36:24'),
(7, 1, 3, 25, '2025-06-02 15:36:25', '2025-06-02 15:36:25'),
(8, 2, 3, 49, '2025-06-02 15:36:25', '2025-06-02 15:36:25'),
(9, 3, 3, 22, '2025-06-02 15:36:25', '2025-06-02 15:36:25'),
(10, 1, 4, 80, '2025-06-02 15:36:27', '2025-06-02 15:36:27'),
(11, 2, 4, 68, '2025-06-02 15:36:27', '2025-06-02 15:36:27'),
(12, 3, 4, 49, '2025-06-02 15:36:27', '2025-06-02 15:36:27'),
(13, 1, 5, 50, '2025-06-02 15:36:28', '2025-06-02 15:36:28'),
(14, 2, 5, 52, '2025-06-02 15:36:28', '2025-06-02 15:36:28'),
(15, 3, 5, 39, '2025-06-02 15:36:28', '2025-06-02 15:36:28'),
(16, 1, 6, 49, '2025-06-02 15:36:30', '2025-06-02 15:36:30'),
(17, 2, 6, 95, '2025-06-02 15:36:30', '2025-06-02 15:36:30'),
(18, 3, 6, 87, '2025-06-02 15:36:30', '2025-06-02 15:36:30'),
(19, 1, 7, 34, '2025-06-02 15:36:36', '2025-06-02 15:36:36'),
(20, 2, 7, 82, '2025-06-02 15:36:36', '2025-06-02 15:36:36'),
(21, 3, 7, 27, '2025-06-02 15:36:36', '2025-06-02 15:36:36'),
(22, 1, 8, 16, '2025-06-02 15:36:42', '2025-06-02 15:36:42'),
(23, 2, 8, 78, '2025-06-02 15:36:42', '2025-06-02 15:36:42'),
(24, 3, 8, 18, '2025-06-02 15:36:42', '2025-06-02 15:36:42'),
(25, 1, 9, 40, '2025-06-02 15:36:47', '2025-06-02 15:36:47'),
(26, 2, 9, 31, '2025-06-02 15:36:47', '2025-06-02 15:36:47'),
(27, 3, 9, 20, '2025-06-02 15:36:47', '2025-06-02 15:36:47'),
(28, 1, 10, 66, '2025-06-02 15:36:48', '2025-06-02 15:36:48'),
(29, 2, 10, 77, '2025-06-02 15:36:48', '2025-06-02 15:36:48'),
(30, 3, 10, 45, '2025-06-02 15:36:48', '2025-06-02 15:36:48'),
(31, 1, 11, 100, '2025-06-02 15:36:49', '2025-06-02 15:36:49'),
(32, 2, 11, 57, '2025-06-02 15:36:49', '2025-06-02 15:36:49'),
(33, 3, 11, 26, '2025-06-02 15:36:49', '2025-06-02 15:36:49'),
(34, 1, 12, 6, '2025-06-02 15:36:51', '2025-06-02 15:36:51'),
(35, 2, 12, 23, '2025-06-02 15:36:51', '2025-06-02 15:36:51'),
(36, 3, 12, 65, '2025-06-02 15:36:51', '2025-06-02 15:36:51'),
(37, 1, 13, 51, '2025-06-02 15:36:53', '2025-06-02 15:36:53'),
(38, 2, 13, 49, '2025-06-02 15:36:53', '2025-06-02 15:36:53'),
(39, 3, 13, 69, '2025-06-02 15:36:53', '2025-06-02 15:36:53'),
(40, 1, 14, 77, '2025-06-02 15:37:04', '2025-06-02 15:37:04'),
(41, 2, 14, 71, '2025-06-02 15:37:04', '2025-06-02 15:37:04'),
(42, 3, 14, 57, '2025-06-02 15:37:04', '2025-06-02 15:37:04'),
(43, 1, 15, 85, '2025-06-02 15:37:05', '2025-06-02 15:37:05'),
(44, 2, 15, 43, '2025-06-02 15:37:05', '2025-06-02 15:37:05'),
(45, 3, 15, 65, '2025-06-02 15:37:05', '2025-06-02 15:37:05'),
(46, 1, 16, 30, '2025-06-02 15:37:06', '2025-06-02 15:37:06'),
(47, 2, 16, 86, '2025-06-02 15:37:06', '2025-06-02 15:37:06'),
(48, 3, 16, 98, '2025-06-02 15:37:06', '2025-06-02 15:37:06'),
(49, 1, 17, 96, '2025-06-02 15:37:08', '2025-06-02 15:37:08'),
(50, 2, 17, 33, '2025-06-02 15:37:08', '2025-06-02 15:37:08'),
(51, 3, 17, 89, '2025-06-02 15:37:08', '2025-06-02 15:37:08'),
(52, 1, 18, 69, '2025-06-02 15:37:10', '2025-06-02 15:37:10'),
(53, 2, 18, 41, '2025-06-02 15:37:10', '2025-06-02 15:37:10'),
(54, 3, 18, 95, '2025-06-02 15:37:10', '2025-06-02 15:37:10'),
(55, 1, 19, 34, '2025-06-02 15:37:42', '2025-06-02 15:37:42'),
(56, 2, 19, 4, '2025-06-02 15:37:42', '2025-06-02 15:37:42'),
(57, 3, 19, 91, '2025-06-02 15:37:42', '2025-06-02 15:37:42'),
(58, 1, 20, 60, '2025-06-02 15:37:43', '2025-06-02 15:37:43'),
(59, 2, 20, 28, '2025-06-02 15:37:43', '2025-06-02 15:37:43'),
(60, 3, 20, 39, '2025-06-02 15:37:43', '2025-06-02 15:37:43');

-- --------------------------------------------------------

--
-- Table structure for table `users`
--

CREATE TABLE `users` (
  `id` bigint UNSIGNED NOT NULL,
  `user_name` varchar(191) COLLATE utf8mb4_unicode_ci NOT NULL,
  `full_name` varchar(191) COLLATE utf8mb4_unicode_ci NOT NULL,
  `email` varchar(191) COLLATE utf8mb4_unicode_ci NOT NULL,
  `phone` varchar(191) COLLATE utf8mb4_unicode_ci DEFAULT NULL,
  `avatar` varchar(191) COLLATE utf8mb4_unicode_ci DEFAULT NULL,
  `google_id` varchar(191) COLLATE utf8mb4_unicode_ci DEFAULT NULL,
  `balance` decimal(10,2) NOT NULL DEFAULT '0.00',
  `user_rank_id` bigint UNSIGNED DEFAULT NULL,
  `total_spending` decimal(12,2) NOT NULL DEFAULT '0.00',
  `total_orders` int NOT NULL DEFAULT '0',
  `rank_updated_at` timestamp NULL DEFAULT NULL,
  `active` tinyint(1) NOT NULL DEFAULT '1',
  `email_verified_at` timestamp NULL DEFAULT NULL,
  `password` varchar(191) COLLATE utf8mb4_unicode_ci NOT NULL,
  `deleted_at` timestamp NULL DEFAULT NULL,
  `remember_token` varchar(100) COLLATE utf8mb4_unicode_ci DEFAULT NULL,
  `created_at` timestamp NULL DEFAULT NULL,
  `updated_at` timestamp NULL DEFAULT NULL
) ENGINE=InnoDB DEFAULT CHARSET=utf8mb4 COLLATE=utf8mb4_unicode_ci;

--
-- Dumping data for table `users`
--

INSERT INTO `users` (`id`, `user_name`, `full_name`, `email`, `phone`, `avatar`, `google_id`, `balance`, `user_rank_id`, `total_spending`, `total_orders`, `rank_updated_at`, `active`, `email_verified_at`, `password`, `deleted_at`, `remember_token`, `created_at`, `updated_at`) VALUES
(1, 'rogers39', 'Raoul Block Sr.', 'hudson.alberta@example.com', '(626) 690-2025', 'avatars/default.jpg', NULL, '427.24', 1, '528.06', 1, '2025-06-02 15:34:08', 1, '2025-06-02 15:34:08', '$2y$12$/7hgb9sgwOBU454RpEiwLeu2sQsuCa2bjq2LJ0lqkJaWRzmmI4zNO', NULL, 'TOqfyNHfWl', '2025-06-02 15:34:08', '2025-06-02 15:34:08'),
(2, 'fermin31', 'Hollis Williamson V', 'marquardt.emelie@example.org', '470-756-0839', 'avatars/default.jpg', NULL, '308.89', 1, '528.06', 1, '2025-06-02 15:34:08', 1, '2025-06-02 15:34:08', '$2y$12$/7hgb9sgwOBU454RpEiwLeu2sQsuCa2bjq2LJ0lqkJaWRzmmI4zNO', NULL, '1LhW87MRQm', '2025-06-02 15:34:08', '2025-06-02 15:34:08'),
(3, 'uberge', 'Chase Batz III', 'rhianna65@example.net', '1-938-776-1590', 'avatars/default.jpg', NULL, '753.57', 1, '528.06', 1, '2025-06-02 15:34:08', 1, '2025-06-02 15:34:08', '$2y$12$/7hgb9sgwOBU454RpEiwLeu2sQsuCa2bjq2LJ0lqkJaWRzmmI4zNO', NULL, 'fZ8bCTZy0E', '2025-06-02 15:34:08', '2025-06-02 15:34:08'),
(4, 'angelica.abbott', 'Janet Lueilwitz', 'fhodkiewicz@example.com', '281-894-5080', 'avatars/default.jpg', NULL, '723.57', 1, '528.06', 1, '2025-06-02 15:34:08', 1, '2025-06-02 15:34:08', '$2y$12$/7hgb9sgwOBU454RpEiwLeu2sQsuCa2bjq2LJ0lqkJaWRzmmI4zNO', NULL, 'yQr5ktntir', '2025-06-02 15:34:08', '2025-06-02 15:34:08'),
(5, 'vfay', 'Holly Stamm', 'ashlynn.zieme@example.net', '803.835.1674', 'avatars/default.jpg', NULL, '95.50', 1, '528.06', 1, '2025-06-02 15:34:08', 1, '2025-06-02 15:34:08', '$2y$12$/7hgb9sgwOBU454RpEiwLeu2sQsuCa2bjq2LJ0lqkJaWRzmmI4zNO', NULL, '9t6DitlkpZ', '2025-06-02 15:34:08', '2025-06-02 15:34:08'),
(6, 'ghaley', 'Brock Purdy', 'hudson.kellie@example.com', '+1-980-740-0917', 'avatars/default.jpg', NULL, '880.07', 1, '528.06', 1, '2025-06-02 15:34:08', 1, '2025-06-02 15:34:08', '$2y$12$/7hgb9sgwOBU454RpEiwLeu2sQsuCa2bjq2LJ0lqkJaWRzmmI4zNO', NULL, 'Kjj6RqJBfM', '2025-06-02 15:34:08', '2025-06-02 15:34:08'),
(7, 'predovic.arnoldo', 'Ronaldo Davis', 'jenkins.jannie@example.com', '1-754-647-1625', 'avatars/default.jpg', NULL, '319.12', 1, '528.06', 1, '2025-06-02 15:34:08', 1, '2025-06-02 15:34:08', '$2y$12$/7hgb9sgwOBU454RpEiwLeu2sQsuCa2bjq2LJ0lqkJaWRzmmI4zNO', NULL, 'h5VJYxXgfT', '2025-06-02 15:34:09', '2025-06-02 15:34:09'),
(8, 'addie69', 'Dayne Heller', 'eliseo.russel@example.net', '857-627-8544', 'avatars/default.jpg', NULL, '517.43', 1, '528.06', 1, '2025-06-02 15:34:08', 1, '2025-06-02 15:34:08', '$2y$12$/7hgb9sgwOBU454RpEiwLeu2sQsuCa2bjq2LJ0lqkJaWRzmmI4zNO', NULL, 'JtZRV8PV8i', '2025-06-02 15:34:09', '2025-06-02 15:34:09'),
(9, 'joyce97', 'Jarret Rolfson', 'hdonnelly@example.com', '813-542-9542', 'avatars/default.jpg', NULL, '198.48', 1, '528.06', 1, '2025-06-02 15:34:08', 1, '2025-06-02 15:34:08', '$2y$12$/7hgb9sgwOBU454RpEiwLeu2sQsuCa2bjq2LJ0lqkJaWRzmmI4zNO', NULL, 'ifqEEKWKPW', '2025-06-02 15:34:09', '2025-06-02 15:34:09'),
(10, 'dnicolas', 'Mrs. Erna Ledner', 'madelynn86@example.com', '+1-913-610-9434', 'avatars/default.jpg', NULL, '975.56', 1, '528.06', 1, '2025-06-02 15:34:08', 1, '2025-06-02 15:34:08', '$2y$12$/7hgb9sgwOBU454RpEiwLeu2sQsuCa2bjq2LJ0lqkJaWRzmmI4zNO', NULL, 'C3jLB2eScr', '2025-06-02 15:34:09', '2025-06-02 15:34:09'),
(11, 'spadmin', 'Administrator', 'admin@devfoods.com', '+1 (903) 403-7288', 'avatars/default.jpg', NULL, '31.98', 1, '0.00', 0, '2025-06-02 15:34:09', 1, '2025-06-02 15:34:09', '$2y$12$FfLaiMV5DvMI90Z9N2b.t.LnYA0zEfuqqMsBLeJoEE8zgy6jz7jqi', NULL, '1XgyvZewWaUcVX5dEAv0LRo2kLZ7Qtj2owYmTohQI5Xy0SRRB3pYuHGBl10i', '2025-06-02 15:34:09', '2025-06-04 13:48:42'),
(12, 'customer', 'Test Customer', 'customer@example.com', '(313) 395-0357', 'avatars/default.jpg', NULL, '260.13', 2, '1159.07', 6, '2025-06-02 15:34:09', 1, '2025-06-02 15:34:09', '$2y$12$/7hgb9sgwOBU454RpEiwLeu2sQsuCa2bjq2LJ0lqkJaWRzmmI4zNO', NULL, 'ymz7CkCLw5', '2025-06-02 15:34:09', '2025-06-02 15:34:09'),
(13, 'manager1', 'Nguyễn Văn Quản Lý', 'manager1@devfoods.com', '+1 (424) 907-0531', 'avatars/default.jpg', NULL, '855.27', 1, '0.00', 0, '2025-06-02 15:34:09', 1, '2025-06-02 15:34:09', '$2y$12$BqNE.Stpu9JoKW6K4JHIzeEh35Z8weGo.vbBTlva1HEpZb0HDtP9q', NULL, 'TbYJeGFvbw', '2025-06-02 15:34:09', '2025-06-02 15:34:09'),
(14, 'manager2', 'Trần Thị Quản Lý', 'manager2@devfoods.com', '+12052797034', 'avatars/default.jpg', NULL, '720.08', 1, '0.00', 0, '2025-06-02 15:34:09', 1, '2025-06-02 15:34:09', '$2y$12$mR33RTI8CLqsw/H4B.6cWOnsz/VgKGaBZQMAHIh3DHWfXh2zX5LCK', NULL, '5TSGIcJema', '2025-06-02 15:34:09', '2025-06-02 15:34:09'),
(15, 'manager3', 'Lê Minh Quản Lý', 'manager3@devfoods.com', '+17705671118', 'avatars/default.jpg', NULL, '580.94', 1, '0.00', 0, '2025-06-02 15:34:09', 1, '2025-06-02 15:34:09', '$2y$12$sW4qRhsgnjxDyt8cFiryNeRcn7uJB7f8MZUEDw73xYYvRbfmrTLnK', NULL, 'BtLDghsSh2', '2025-06-02 15:34:09', '2025-06-02 15:34:09'),
(16, 'manager1', 'Nguyễn Văn Quản Lý', 'manager1@example.com', '0901234567', NULL, NULL, '0.00', NULL, '0.00', 0, NULL, 1, NULL, '$2y$12$3FnOT/KFL9Av3i7SwxwdXusCjht6VSkJm2kzFUUVNAKSx3k/n6oFK', NULL, NULL, '2025-06-02 15:34:10', '2025-06-02 15:34:10'),
(17, 'manager2', 'Trần Thị Quản Lý', 'manager2@example.com', '0912345678', NULL, NULL, '0.00', NULL, '0.00', 0, NULL, 1, NULL, '$2y$12$jg8JRjWGBvc5uWRuU2WpVOgFoEEg4HonAKRvTOjD3tfF4OmeUSPHK', NULL, NULL, '2025-06-02 15:34:10', '2025-06-02 15:34:10'),
(18, 'manager3', 'Lê Văn Quản Lý', 'manager3@example.com', '0923456789', NULL, NULL, '0.00', NULL, '0.00', 0, NULL, 1, NULL, '$2y$12$Xbz3BntAdVDJL1bEP577c.Sa/q4lPLjdWFqcYdovBQIiT7PH7nxs.', NULL, NULL, '2025-06-02 15:34:10', '2025-06-02 15:34:10'),
(19, 'bcollins', 'Toby Herzog', 'uhessel@example.com', '+1.660.945.5585', 'avatars/default.jpg', NULL, '346.96', 1, '8699.30', 50, '2025-06-02 15:34:10', 1, '2025-06-02 15:34:10', '$2y$12$/7hgb9sgwOBU454RpEiwLeu2sQsuCa2bjq2LJ0lqkJaWRzmmI4zNO', NULL, 'qakn0f2YQw', '2025-06-02 15:34:10', '2025-06-02 15:34:10'),
(20, 'fbrekke', 'Elsie Veum', 'jbaumbach@example.net', '+1-351-992-8339', 'avatars/default.jpg', NULL, '20.54', 2, '7834.44', 13, '2025-06-02 15:34:10', 1, '2025-06-02 15:34:10', '$2y$12$/7hgb9sgwOBU454RpEiwLeu2sQsuCa2bjq2LJ0lqkJaWRzmmI4zNO', NULL, 'VvoNEEMcAi', '2025-06-02 15:34:10', '2025-06-02 15:34:10'),
(21, 'allan.farrell', 'Raquel Waelchi', 'bernice.turner@example.org', '+1 (574) 454-9709', 'avatars/default.jpg', NULL, '409.83', 5, '998.36', 36, '2025-06-02 15:34:10', 1, '2025-06-02 15:34:10', '$2y$12$/7hgb9sgwOBU454RpEiwLeu2sQsuCa2bjq2LJ0lqkJaWRzmmI4zNO', NULL, 'l5lkoJt50x', '2025-06-02 15:34:10', '2025-06-02 15:34:10'),
(22, 'darron49', 'Corine Beer', 'aliyah32@example.org', '570.615.6506', 'avatars/default.jpg', NULL, '897.35', 1, '636.56', 25, '2025-06-02 15:34:11', 1, '2025-06-02 15:34:11', '$2y$12$/7hgb9sgwOBU454RpEiwLeu2sQsuCa2bjq2LJ0lqkJaWRzmmI4zNO', NULL, 'kkQZqYVPqs', '2025-06-02 15:34:11', '2025-06-02 15:34:11'),
(23, 'luettgen.sabina', 'Carmela Yost', 'ignacio80@example.org', '+1-585-605-1818', 'avatars/default.jpg', NULL, '518.14', 5, '5803.04', 22, '2025-06-02 15:34:11', 1, '2025-06-02 15:34:11', '$2y$12$/7hgb9sgwOBU454RpEiwLeu2sQsuCa2bjq2LJ0lqkJaWRzmmI4zNO', NULL, '7eppcPG4TZ', '2025-06-02 15:34:11', '2025-06-02 15:34:11'),
(24, 'wjaskolski', 'Nathan Cummings', 'blanche.tromp@example.com', '+1-321-432-6334', 'avatars/default.jpg', NULL, '816.96', 2, '1620.83', 42, '2025-06-02 15:34:11', 1, '2025-06-02 15:34:11', '$2y$12$/7hgb9sgwOBU454RpEiwLeu2sQsuCa2bjq2LJ0lqkJaWRzmmI4zNO', NULL, 's5LxlNtRtt', '2025-06-02 15:34:11', '2025-06-02 15:34:11'),
(25, 'riley.medhurst', 'Cory Spencer Jr.', 'lockman.kristin@example.net', '(781) 964-8060', 'avatars/default.jpg', NULL, '909.62', 2, '6272.42', 40, '2025-06-02 15:34:11', 1, '2025-06-02 15:34:11', '$2y$12$/7hgb9sgwOBU454RpEiwLeu2sQsuCa2bjq2LJ0lqkJaWRzmmI4zNO', NULL, 'Qhz1SOvCzp', '2025-06-02 15:34:11', '2025-06-02 15:34:11'),
(26, 'jeramie40', 'Velma Daugherty PhD', 'edwardo.adams@example.org', '1-458-373-4035', 'avatars/default.jpg', NULL, '55.48', 1, '9294.41', 6, '2025-06-02 15:34:12', 1, '2025-06-02 15:34:12', '$2y$12$/7hgb9sgwOBU454RpEiwLeu2sQsuCa2bjq2LJ0lqkJaWRzmmI4zNO', NULL, 'NTGyImnG60', '2025-06-02 15:34:12', '2025-06-02 15:34:12'),
(27, 'leonel.tillman', 'Wilhelmine Stiedemann V', 'furman.hayes@example.com', '+17855560398', 'avatars/default.jpg', NULL, '394.57', 2, '2727.60', 0, '2025-06-02 15:34:12', 1, '2025-06-02 15:34:12', '$2y$12$/7hgb9sgwOBU454RpEiwLeu2sQsuCa2bjq2LJ0lqkJaWRzmmI4zNO', NULL, 'Ri3Y4FD65d', '2025-06-02 15:34:12', '2025-06-02 15:34:12'),
(28, 'gheaney', 'Madaline Berge', 'wehner.harley@example.com', '+1.515.661.7014', 'avatars/default.jpg', NULL, '974.76', 1, '6000.29', 11, '2025-06-02 15:34:12', 1, '2025-06-02 15:34:12', '$2y$12$/7hgb9sgwOBU454RpEiwLeu2sQsuCa2bjq2LJ0lqkJaWRzmmI4zNO', NULL, '8mLc8kF01Y', '2025-06-02 15:34:12', '2025-06-02 15:34:12'),
(29, 'presley95', 'Marcellus Ullrich III', 'chauncey83@example.org', '520.812.5999', 'avatars/default.jpg', NULL, '978.25', 1, '6960.15', 6, '2025-06-02 15:37:48', 1, '2025-06-02 15:37:48', '$2y$12$/7hgb9sgwOBU454RpEiwLeu2sQsuCa2bjq2LJ0lqkJaWRzmmI4zNO', NULL, 'ngyD6ql5EN', '2025-06-02 15:37:48', '2025-06-02 15:37:48'),
(30, 'auer.patricia', 'Francisca Moore', 'fbernier@example.org', '(229) 588-4964', 'avatars/default.jpg', NULL, '989.32', 5, '5730.14', 16, '2025-06-02 15:37:48', 1, '2025-06-02 15:37:48', '$2y$12$/7hgb9sgwOBU454RpEiwLeu2sQsuCa2bjq2LJ0lqkJaWRzmmI4zNO', NULL, 'fBOiOiOWkA', '2025-06-02 15:37:48', '2025-06-02 15:37:48'),
(31, 'kaleigh86', 'Marcia Hettinger', 'julie.schuppe@example.com', '(681) 740-9079', 'avatars/default.jpg', NULL, '93.71', 1, '2890.11', 3, '2025-06-02 15:37:48', 1, '2025-06-02 15:37:48', '$2y$12$/7hgb9sgwOBU454RpEiwLeu2sQsuCa2bjq2LJ0lqkJaWRzmmI4zNO', NULL, '1le4P7ZBBk', '2025-06-02 15:37:48', '2025-06-02 15:37:48'),
(32, 'ezra.gulgowski', 'Nyah Kris', 'lemke.nelda@example.net', '(743) 512-8514', 'avatars/default.jpg', NULL, '108.80', 5, '9683.15', 13, '2025-06-02 15:37:48', 1, '2025-06-02 15:37:48', '$2y$12$/7hgb9sgwOBU454RpEiwLeu2sQsuCa2bjq2LJ0lqkJaWRzmmI4zNO', NULL, 'L1uIct6k6q', '2025-06-02 15:37:48', '2025-06-02 15:37:48'),
(33, 'domenico24', 'Mr. Toby Howe III', 'alexandro.olson@example.net', '+1-864-581-6042', 'avatars/default.jpg', NULL, '948.18', 3, '4408.55', 40, '2025-06-02 15:37:48', 1, '2025-06-02 15:37:48', '$2y$12$/7hgb9sgwOBU454RpEiwLeu2sQsuCa2bjq2LJ0lqkJaWRzmmI4zNO', NULL, '1NZsf7TF6Z', '2025-06-02 15:37:48', '2025-06-02 15:37:48'),
(34, 'holden31', 'Reagan Gusikowski', 'russel.karianne@example.org', '(215) 545-0197', 'avatars/default.jpg', NULL, '611.67', 3, '9119.13', 28, '2025-06-02 15:37:48', 1, '2025-06-02 15:37:48', '$2y$12$/7hgb9sgwOBU454RpEiwLeu2sQsuCa2bjq2LJ0lqkJaWRzmmI4zNO', NULL, 'rv0OCqBi9I', '2025-06-02 15:37:48', '2025-06-02 15:37:48'),
(35, 'rosalyn.fritsch', 'Dr. Antonietta Cormier DDS', 'ambrose52@example.net', '440.560.5282', 'avatars/default.jpg', NULL, '473.75', 3, '7388.73', 44, '2025-06-02 15:37:48', 1, '2025-06-02 15:37:48', '$2y$12$/7hgb9sgwOBU454RpEiwLeu2sQsuCa2bjq2LJ0lqkJaWRzmmI4zNO', NULL, 'CxEWBdkxPw', '2025-06-02 15:37:48', '2025-06-02 15:37:48'),
(36, 'durgan.angelina', 'Vergie Ondricka', 'herman.brandon@example.com', '641.283.0232', 'avatars/default.jpg', NULL, '422.16', 5, '329.73', 20, '2025-06-02 15:37:48', 1, '2025-06-02 15:37:48', '$2y$12$/7hgb9sgwOBU454RpEiwLeu2sQsuCa2bjq2LJ0lqkJaWRzmmI4zNO', NULL, '56O9rMnisr', '2025-06-02 15:37:48', '2025-06-02 15:37:48'),
(37, 'herbert42', 'Francesca Cummings', 'eraynor@example.org', '(681) 571-6051', 'avatars/default.jpg', NULL, '319.50', 2, '7670.54', 48, '2025-06-02 15:37:48', 1, '2025-06-02 15:37:48', '$2y$12$/7hgb9sgwOBU454RpEiwLeu2sQsuCa2bjq2LJ0lqkJaWRzmmI4zNO', NULL, '3KmeGtxEPK', '2025-06-02 15:37:48', '2025-06-02 15:37:48'),
(38, 'smohr', 'Miss Melba Schuppe II', 'darryl07@example.org', '318.646.9180', 'avatars/default.jpg', NULL, '457.73', 1, '6176.02', 50, '2025-06-02 15:37:48', 1, '2025-06-02 15:37:48', '$2y$12$/7hgb9sgwOBU454RpEiwLeu2sQsuCa2bjq2LJ0lqkJaWRzmmI4zNO', NULL, 'uTu5so2B6Q', '2025-06-02 15:37:48', '2025-06-02 15:37:48'),
(39, 'bdavis', 'Marilou Altenwerth', 'wilhelmine.satterfield@example.org', '727.855.9373', 'avatars/default.jpg', NULL, '739.86', 3, '4646.28', 18, '2025-06-02 15:37:48', 1, '2025-06-02 15:37:48', '$2y$12$/7hgb9sgwOBU454RpEiwLeu2sQsuCa2bjq2LJ0lqkJaWRzmmI4zNO', NULL, 'NUIbfwke2Z', '2025-06-02 15:37:48', '2025-06-02 15:37:48'),
(40, 'lela.altenwerth', 'Salvatore Gerhold', 'carlie.flatley@example.net', '419.355.9927', 'avatars/default.jpg', NULL, '610.71', 4, '3120.02', 26, '2025-06-02 15:37:48', 1, '2025-06-02 15:37:48', '$2y$12$/7hgb9sgwOBU454RpEiwLeu2sQsuCa2bjq2LJ0lqkJaWRzmmI4zNO', NULL, 'FeEltD4v20', '2025-06-02 15:37:48', '2025-06-02 15:37:48'),
(41, 'kirstin16', 'Dorothy Kreiger', 'gulgowski.ivy@example.net', '(585) 651-4818', 'avatars/default.jpg', NULL, '478.27', 2, '8092.33', 44, '2025-06-02 15:37:48', 1, '2025-06-02 15:37:48', '$2y$12$/7hgb9sgwOBU454RpEiwLeu2sQsuCa2bjq2LJ0lqkJaWRzmmI4zNO', NULL, '87yT5WAXwL', '2025-06-02 15:37:48', '2025-06-02 15:37:48'),
(42, 'hernser', 'Nikko Feil', 'vilma.mccullough@example.org', '1-440-989-8100', 'avatars/default.jpg', NULL, '586.16', 4, '9470.62', 20, '2025-06-02 15:37:48', 1, '2025-06-02 15:37:48', '$2y$12$/7hgb9sgwOBU454RpEiwLeu2sQsuCa2bjq2LJ0lqkJaWRzmmI4zNO', NULL, 'Y6KouBcepW', '2025-06-02 15:37:48', '2025-06-02 15:37:48'),
(43, 'flo.kshlerin', 'Mr. Nikko Hills Jr.', 'sconroy@example.net', '+1 (678) 984-1810', 'avatars/default.jpg', NULL, '745.64', 4, '5307.89', 7, '2025-06-02 15:37:48', 1, '2025-06-02 15:37:48', '$2y$12$/7hgb9sgwOBU454RpEiwLeu2sQsuCa2bjq2LJ0lqkJaWRzmmI4zNO', NULL, 'vgNw0n1FXQ', '2025-06-02 15:37:48', '2025-06-02 15:37:48'),
(44, 'coby.greenholt', 'Dasia Muller', 'beer.deborah@example.org', '+1.262.600.8011', 'avatars/default.jpg', NULL, '138.57', 3, '7402.01', 37, '2025-06-02 15:37:48', 1, '2025-06-02 15:37:48', '$2y$12$/7hgb9sgwOBU454RpEiwLeu2sQsuCa2bjq2LJ0lqkJaWRzmmI4zNO', NULL, 'gizlNDoppy', '2025-06-02 15:37:48', '2025-06-02 15:37:48'),
(45, 'rpadberg', 'Casper Sauer DVM', 'bwilkinson@example.com', '1-434-716-7968', 'avatars/default.jpg', NULL, '813.37', 1, '4815.65', 50, '2025-06-02 15:37:48', 1, '2025-06-02 15:37:48', '$2y$12$/7hgb9sgwOBU454RpEiwLeu2sQsuCa2bjq2LJ0lqkJaWRzmmI4zNO', NULL, 'LbG39BQpyb', '2025-06-02 15:37:48', '2025-06-02 15:37:48'),
(46, 'mschmidt', 'Devan Pouros', 'qrunolfsdottir@example.org', '1-276-390-5400', 'avatars/default.jpg', NULL, '509.76', 3, '2942.98', 7, '2025-06-02 15:37:48', 1, '2025-06-02 15:37:48', '$2y$12$/7hgb9sgwOBU454RpEiwLeu2sQsuCa2bjq2LJ0lqkJaWRzmmI4zNO', NULL, '8LXthWAJ2G', '2025-06-02 15:37:48', '2025-06-02 15:37:48'),
(47, 'tristian85', 'Lexus Simonis', 'robb.schuster@example.org', '(843) 742-1549', 'avatars/default.jpg', NULL, '573.70', 1, '9151.24', 3, '2025-06-02 15:37:48', 1, '2025-06-02 15:37:48', '$2y$12$/7hgb9sgwOBU454RpEiwLeu2sQsuCa2bjq2LJ0lqkJaWRzmmI4zNO', NULL, 'c7Ho7wg3AO', '2025-06-02 15:37:48', '2025-06-02 15:37:48'),
(48, 'kub.maureen', 'Ernestine Denesik', 'hfeest@example.com', '603-464-5890', 'avatars/default.jpg', NULL, '390.74', 1, '3416.87', 32, '2025-06-02 15:37:48', 1, '2025-06-02 15:37:48', '$2y$12$/7hgb9sgwOBU454RpEiwLeu2sQsuCa2bjq2LJ0lqkJaWRzmmI4zNO', NULL, 's91pbvPg93', '2025-06-02 15:37:48', '2025-06-02 15:37:48'),
(49, 'hamill.rosina', 'Ibrahim Roberts', 'qblanda@example.org', '+1 (205) 405-4583', 'avatars/default.jpg', NULL, '751.09', 3, '6278.79', 48, '2025-06-02 15:37:48', 1, '2025-06-02 15:37:48', '$2y$12$/7hgb9sgwOBU454RpEiwLeu2sQsuCa2bjq2LJ0lqkJaWRzmmI4zNO', NULL, 'l7nz7i1YST', '2025-06-02 15:37:48', '2025-06-02 15:37:48'),
(50, 'ibeier', 'Dr. Loren Green', 'vandervort.jaycee@example.com', '+17695431277', 'avatars/default.jpg', NULL, '342.65', 5, '2995.10', 0, '2025-06-02 15:37:48', 1, '2025-06-02 15:37:48', '$2y$12$/7hgb9sgwOBU454RpEiwLeu2sQsuCa2bjq2LJ0lqkJaWRzmmI4zNO', NULL, '37Q6iJameJ', '2025-06-02 15:37:48', '2025-06-02 15:37:48'),
(51, 'okuneva.mattie', 'Dixie Friesen', 'qshields@example.org', '+1 (806) 966-7455', 'avatars/default.jpg', NULL, '105.19', 3, '5303.71', 13, '2025-06-02 15:37:48', 1, '2025-06-02 15:37:48', '$2y$12$/7hgb9sgwOBU454RpEiwLeu2sQsuCa2bjq2LJ0lqkJaWRzmmI4zNO', NULL, 'sz5LTfpNRw', '2025-06-02 15:37:48', '2025-06-02 15:37:48'),
(52, 'morton68', 'Efrain Herzog MD', 'breilly@example.com', '1-262-996-5097', 'avatars/default.jpg', NULL, '392.57', 2, '9468.72', 48, '2025-06-02 15:37:48', 1, '2025-06-02 15:37:48', '$2y$12$/7hgb9sgwOBU454RpEiwLeu2sQsuCa2bjq2LJ0lqkJaWRzmmI4zNO', NULL, 'pMGJHu7633', '2025-06-02 15:37:48', '2025-06-02 15:37:48'),
(53, 'zulauf.tabitha', 'Oral Howe', 'jonatan31@example.com', '443.990.0701', 'avatars/default.jpg', NULL, '293.50', 3, '5875.24', 10, '2025-06-02 15:37:48', 1, '2025-06-02 15:37:48', '$2y$12$/7hgb9sgwOBU454RpEiwLeu2sQsuCa2bjq2LJ0lqkJaWRzmmI4zNO', NULL, '3AQFhLpyou', '2025-06-02 15:37:48', '2025-06-02 15:37:48'),
(54, 'jackson18', 'Juliet Zemlak', 'ryan.johns@example.com', '+1 (609) 393-3831', 'avatars/default.jpg', NULL, '706.44', 2, '2172.15', 44, '2025-06-02 15:37:48', 1, '2025-06-02 15:37:48', '$2y$12$/7hgb9sgwOBU454RpEiwLeu2sQsuCa2bjq2LJ0lqkJaWRzmmI4zNO', NULL, 'POJIZqzAAt', '2025-06-02 15:37:48', '2025-06-02 15:37:48'),
(55, 'hbrown', 'Tia Hammes', 'beahan.jaylin@example.org', '316.789.0680', 'avatars/default.jpg', NULL, '280.21', 1, '3605.79', 25, '2025-06-02 15:37:48', 1, '2025-06-02 15:37:48', '$2y$12$/7hgb9sgwOBU454RpEiwLeu2sQsuCa2bjq2LJ0lqkJaWRzmmI4zNO', NULL, 'vigFtltqJJ', '2025-06-02 15:37:48', '2025-06-02 15:37:48'),
(56, 'murl57', 'Rosalind Anderson', 'delores.murphy@example.org', '858.888.7171', 'avatars/default.jpg', NULL, '335.30', 5, '78.87', 17, '2025-06-02 15:37:48', 1, '2025-06-02 15:37:48', '$2y$12$/7hgb9sgwOBU454RpEiwLeu2sQsuCa2bjq2LJ0lqkJaWRzmmI4zNO', NULL, 'g5CgHgmc0q', '2025-06-02 15:37:48', '2025-06-02 15:37:48'),
(57, 'ydaniel', 'Dayton Schuster', 'elisa13@example.com', '1-229-326-9738', 'avatars/default.jpg', NULL, '989.06', 1, '2807.12', 2, '2025-06-02 15:37:48', 1, '2025-06-02 15:37:48', '$2y$12$/7hgb9sgwOBU454RpEiwLeu2sQsuCa2bjq2LJ0lqkJaWRzmmI4zNO', NULL, '7aGtD78m4W', '2025-06-02 15:37:48', '2025-06-02 15:37:48'),
(58, 'dmetz', 'Efren Herzog', 'aglae87@example.net', '234.936.0179', 'avatars/default.jpg', NULL, '118.63', 4, '5398.27', 32, '2025-06-02 15:37:48', 1, '2025-06-02 15:37:48', '$2y$12$/7hgb9sgwOBU454RpEiwLeu2sQsuCa2bjq2LJ0lqkJaWRzmmI4zNO', NULL, '2IwCQZJAvl', '2025-06-02 15:37:48', '2025-06-02 15:37:48'),
(77, 'rhya3065', 'Bùi Đức Dương', 'rhya3065@gmail.com', '0355032605', NULL, NULL, '0.00', 5, '0.00', 0, NULL, 1, '2025-06-05 13:24:39', '$2y$12$.uQIW74OkI3Ev1bkLAcLdua23V58okuH9/2mpyRYCaF.beyWp/5Z2', NULL, '1NvMVZGC81yYv1KtVqSSgPS2CU2XGw0uRwj8FsJuZMbkHBOYj9Q4nyBzqGHh', '2025-06-05 13:24:14', '2025-06-08 04:58:47');

-- --------------------------------------------------------

--
-- Table structure for table `user_discount_codes`
--

CREATE TABLE `user_discount_codes` (
  `id` bigint UNSIGNED NOT NULL,
  `user_id` bigint UNSIGNED NOT NULL,
  `discount_code_id` bigint UNSIGNED NOT NULL,
  `usage_count` int NOT NULL DEFAULT '0',
  `status` enum('available','used_up','expired') COLLATE utf8mb4_unicode_ci NOT NULL DEFAULT 'available',
  `assigned_at` timestamp NOT NULL DEFAULT CURRENT_TIMESTAMP,
  `first_used_at` timestamp NULL DEFAULT NULL,
  `last_used_at` timestamp NULL DEFAULT NULL
) ENGINE=InnoDB DEFAULT CHARSET=utf8mb4 COLLATE=utf8mb4_unicode_ci;

--
-- Dumping data for table `user_discount_codes`
--

INSERT INTO `user_discount_codes` (`id`, `user_id`, `discount_code_id`, `usage_count`, `status`, `assigned_at`, `first_used_at`, `last_used_at`) VALUES
(2, 1, 14, 0, 'available', '2025-06-02 15:37:48', NULL, NULL),
(3, 1, 20, 0, 'used_up', '2025-06-02 15:37:48', '2025-01-30 17:19:35', '2025-04-15 03:12:11'),
(4, 2, 3, 1, 'available', '2025-06-02 15:37:48', '2025-04-10 20:21:22', '2025-05-22 02:54:00'),
(5, 2, 5, 3, 'expired', '2025-06-02 15:37:48', NULL, '2025-01-04 16:38:42'),
(6, 2, 12, 1, 'used_up', '2025-06-02 15:37:48', NULL, '2025-04-08 20:28:27'),
(7, 3, 12, 2, 'expired', '2025-06-02 15:37:48', NULL, '2025-03-20 22:49:33'),
(8, 3, 20, 1, 'expired', '2025-06-02 15:37:48', NULL, '2025-02-23 10:40:58'),
(10, 4, 10, 3, 'used_up', '2025-06-02 15:37:48', NULL, NULL),
(11, 4, 12, 3, 'used_up', '2025-06-02 15:37:48', NULL, NULL),
(12, 5, 12, 2, 'available', '2025-06-02 15:37:48', '2025-01-13 06:30:32', '2025-02-01 09:42:02'),
(13, 6, 11, 3, 'expired', '2025-06-02 15:37:48', NULL, '2025-03-31 10:36:36'),
(14, 6, 19, 3, 'expired', '2025-06-02 15:37:48', '2025-05-09 03:52:28', NULL),
(15, 7, 1, 3, 'used_up', '2025-06-02 15:37:48', NULL, NULL),
(16, 7, 6, 0, 'used_up', '2025-06-02 15:37:48', '2025-03-18 04:22:06', '2025-01-22 16:34:03'),
(17, 7, 12, 0, 'used_up', '2025-06-02 15:37:48', NULL, '2025-02-24 20:35:14'),
(18, 8, 9, 2, 'used_up', '2025-06-02 15:37:48', '2025-04-26 06:49:25', NULL),
(19, 8, 14, 2, 'available', '2025-06-02 15:37:48', '2025-04-27 13:51:16', '2025-05-13 18:33:31'),
(20, 8, 17, 3, 'available', '2025-06-02 15:37:48', '2025-02-14 10:40:21', '2025-04-02 05:48:06'),
(22, 9, 11, 3, 'expired', '2025-06-02 15:37:48', NULL, '2025-01-30 13:46:39'),
(23, 9, 13, 0, 'expired', '2025-06-02 15:37:48', '2025-04-05 15:21:21', NULL),
(24, 10, 8, 3, 'used_up', '2025-06-02 15:37:48', '2025-02-03 11:06:49', '2025-05-12 00:25:47'),
(25, 10, 11, 3, 'used_up', '2025-06-02 15:37:48', '2025-01-20 17:03:32', '2025-02-17 07:46:51'),
(26, 11, 14, 1, 'available', '2025-06-02 15:37:48', NULL, '2025-01-10 18:26:44'),
(27, 11, 19, 0, 'available', '2025-06-02 15:37:48', NULL, '2025-05-26 09:52:46'),
(28, 11, 20, 0, 'used_up', '2025-06-02 15:37:48', NULL, '2025-02-01 06:53:31'),
(29, 12, 17, 0, 'available', '2025-06-02 15:37:48', '2025-03-24 18:04:20', '2025-04-07 06:16:36'),
(30, 13, 6, 3, 'available', '2025-06-02 15:37:48', NULL, NULL),
(31, 13, 9, 1, 'used_up', '2025-06-02 15:37:48', '2025-01-30 01:44:08', NULL),
(32, 14, 7, 3, 'available', '2025-06-02 15:37:48', '2025-03-03 19:32:09', '2025-01-30 09:06:50'),
(33, 14, 10, 0, 'available', '2025-06-02 15:37:48', '2025-05-04 22:17:24', '2025-04-17 18:45:58'),
(34, 14, 11, 1, 'available', '2025-06-02 15:37:48', '2025-01-01 16:19:21', '2025-05-12 21:19:01'),
(35, 15, 4, 2, 'expired', '2025-06-02 15:37:48', '2025-01-01 23:42:23', NULL),
(36, 16, 7, 0, 'expired', '2025-06-02 15:37:48', '2025-04-13 05:02:27', NULL),
(37, 16, 13, 1, 'used_up', '2025-06-02 15:37:48', NULL, '2025-01-13 02:25:40'),
(38, 16, 20, 0, 'used_up', '2025-06-02 15:37:48', '2025-02-06 08:32:31', '2025-01-27 05:29:58'),
(39, 17, 5, 2, 'expired', '2025-06-02 15:37:48', NULL, '2025-05-30 13:24:28'),
(40, 17, 14, 2, 'expired', '2025-06-02 15:37:48', '2025-01-30 03:19:00', '2025-04-28 18:01:16'),
(41, 17, 19, 1, 'used_up', '2025-06-02 15:37:48', NULL, NULL),
(42, 18, 10, 3, 'available', '2025-06-02 15:37:48', NULL, '2025-04-01 07:24:42'),
(43, 18, 13, 3, 'available', '2025-06-02 15:37:48', '2025-01-06 11:20:05', NULL),
(44, 18, 14, 0, 'expired', '2025-06-02 15:37:48', '2025-04-15 06:53:01', NULL),
(45, 19, 1, 1, 'used_up', '2025-06-02 15:37:48', '2025-02-06 11:41:37', NULL),
(46, 19, 4, 0, 'used_up', '2025-06-02 15:37:48', '2025-01-26 09:17:35', '2025-02-12 23:25:02'),
(47, 20, 13, 0, 'available', '2025-06-02 15:37:48', NULL, '2025-05-15 14:27:36'),
(49, 21, 1, 0, 'used_up', '2025-06-02 15:37:48', NULL, NULL),
(50, 21, 5, 1, 'available', '2025-06-02 15:37:48', '2025-04-16 22:45:36', NULL),
(51, 21, 7, 1, 'available', '2025-06-02 15:37:48', NULL, NULL),
(52, 22, 18, 3, 'available', '2025-06-02 15:37:48', '2025-05-08 20:25:37', NULL),
(53, 23, 7, 2, 'expired', '2025-06-02 15:37:48', '2025-01-13 14:05:40', '2025-04-17 06:29:25'),
(54, 24, 5, 1, 'expired', '2025-06-02 15:37:48', '2025-05-30 23:42:22', '2025-05-11 02:50:24'),
(56, 24, 16, 2, 'available', '2025-06-02 15:37:48', '2025-03-20 23:09:43', NULL),
(57, 25, 1, 2, 'used_up', '2025-06-02 15:37:48', NULL, NULL),
(58, 25, 12, 2, 'used_up', '2025-06-02 15:37:48', '2025-03-14 22:12:04', '2025-01-31 12:54:51'),
(59, 25, 14, 1, 'expired', '2025-06-02 15:37:48', '2025-02-20 09:58:30', NULL),
(60, 26, 4, 0, 'expired', '2025-06-02 15:37:48', NULL, '2025-03-11 23:24:18'),
(61, 26, 9, 2, 'used_up', '2025-06-02 15:37:48', '2025-04-14 16:28:20', NULL),
(62, 26, 18, 1, 'available', '2025-06-02 15:37:48', '2025-05-10 04:32:17', NULL),
(64, 28, 5, 2, 'used_up', '2025-06-02 15:37:48', NULL, '2025-01-05 19:09:06'),
(66, 29, 18, 3, 'used_up', '2025-06-02 15:37:48', NULL, '2025-02-04 17:16:58'),
(67, 30, 11, 1, 'used_up', '2025-06-02 15:37:48', NULL, NULL),
(68, 30, 13, 1, 'used_up', '2025-06-02 15:37:48', NULL, NULL),
(69, 30, 18, 1, 'used_up', '2025-06-02 15:37:48', '2025-05-06 08:57:56', NULL),
(70, 31, 7, 1, 'used_up', '2025-06-02 15:37:48', '2025-03-01 23:30:26', '2025-05-07 04:11:24'),
(71, 31, 12, 2, 'available', '2025-06-02 15:37:48', NULL, NULL),
(72, 31, 19, 3, 'used_up', '2025-06-02 15:37:48', '2025-01-29 03:59:16', NULL),
(73, 32, 1, 3, 'used_up', '2025-06-02 15:37:48', '2025-01-10 20:10:08', NULL),
(74, 32, 4, 3, 'used_up', '2025-06-02 15:37:48', NULL, '2025-03-08 07:39:58'),
(75, 32, 12, 3, 'expired', '2025-06-02 15:37:48', NULL, '2025-04-27 19:37:57'),
(76, 33, 6, 1, 'expired', '2025-06-02 15:37:48', NULL, '2025-04-10 01:06:26'),
(77, 33, 10, 2, 'used_up', '2025-06-02 15:37:48', NULL, NULL),
(78, 34, 8, 0, 'available', '2025-06-02 15:37:48', '2025-02-01 03:16:53', NULL),
(79, 34, 13, 3, 'available', '2025-06-02 15:37:48', '2025-01-01 14:45:09', NULL),
(80, 35, 3, 0, 'available', '2025-06-02 15:37:48', NULL, '2025-02-27 05:23:59'),
(81, 35, 19, 0, 'used_up', '2025-06-02 15:37:48', NULL, NULL),
(82, 36, 11, 1, 'available', '2025-06-02 15:37:48', NULL, '2025-01-01 15:59:50'),
(83, 37, 1, 3, 'used_up', '2025-06-02 15:37:48', NULL, NULL),
(84, 37, 18, 0, 'available', '2025-06-02 15:37:48', NULL, NULL),
(85, 38, 6, 0, 'expired', '2025-06-02 15:37:48', NULL, NULL),
(86, 39, 5, 2, 'used_up', '2025-06-02 15:37:48', NULL, NULL),
(87, 39, 7, 0, 'used_up', '2025-06-02 15:37:48', NULL, '2025-04-17 13:43:52'),
(88, 40, 5, 0, 'available', '2025-06-02 15:37:48', '2025-04-30 22:21:59', NULL),
(89, 40, 8, 1, 'used_up', '2025-06-02 15:37:48', NULL, '2025-01-18 07:04:03'),
(90, 40, 12, 1, 'available', '2025-06-02 15:37:48', NULL, '2025-03-07 05:44:14'),
(91, 41, 16, 0, 'used_up', '2025-06-02 15:37:48', NULL, '2025-03-27 02:28:56'),
(92, 42, 3, 2, 'used_up', '2025-06-02 15:37:48', NULL, NULL),
(93, 42, 8, 2, 'available', '2025-06-02 15:37:48', NULL, '2025-03-03 00:07:55'),
(94, 43, 10, 0, 'available', '2025-06-02 15:37:48', NULL, NULL),
(95, 43, 16, 2, 'expired', '2025-06-02 15:37:48', '2025-03-25 17:01:10', '2025-05-14 11:13:02'),
(96, 43, 19, 3, 'expired', '2025-06-02 15:37:48', NULL, '2025-04-25 18:42:55'),
(97, 44, 13, 0, 'expired', '2025-06-02 15:37:48', '2025-05-01 22:35:14', NULL),
(98, 44, 14, 2, 'expired', '2025-06-02 15:37:48', NULL, '2025-04-15 02:33:30'),
(99, 45, 9, 0, 'used_up', '2025-06-02 15:37:48', '2025-05-09 23:48:05', NULL),
(100, 46, 1, 0, 'available', '2025-06-02 15:37:48', NULL, '2025-01-16 23:14:00'),
(101, 46, 10, 1, 'expired', '2025-06-02 15:37:48', '2025-02-26 01:33:47', '2025-05-26 11:00:51'),
(102, 47, 9, 3, 'available', '2025-06-02 15:37:48', '2025-04-26 12:31:41', NULL),
(103, 48, 3, 1, 'expired', '2025-06-02 15:37:48', NULL, NULL),
(104, 48, 9, 3, 'used_up', '2025-06-02 15:37:48', '2025-02-28 00:20:10', NULL),
(105, 49, 8, 0, 'used_up', '2025-06-02 15:37:48', NULL, NULL),
(106, 49, 19, 0, 'used_up', '2025-06-02 15:37:48', '2025-05-12 19:17:06', '2025-03-16 16:10:26'),
(107, 50, 5, 0, 'expired', '2025-06-02 15:37:48', '2025-03-24 01:57:52', '2025-05-20 08:47:50'),
(108, 50, 10, 3, 'used_up', '2025-06-02 15:37:48', '2025-03-03 21:41:57', NULL),
(109, 50, 18, 0, 'expired', '2025-06-02 15:37:48', NULL, '2025-05-13 21:35:39'),
(110, 51, 16, 3, 'available', '2025-06-02 15:37:48', '2025-02-10 06:29:44', '2025-05-17 01:46:58'),
(111, 52, 6, 2, 'used_up', '2025-06-02 15:37:48', '2025-04-02 07:49:11', NULL),
(112, 53, 14, 3, 'available', '2025-06-02 15:37:48', NULL, '2025-02-08 21:52:26'),
(113, 53, 16, 1, 'available', '2025-06-02 15:37:48', NULL, NULL),
(114, 53, 18, 1, 'expired', '2025-06-02 15:37:48', NULL, '2025-03-05 16:39:18'),
(115, 54, 4, 3, 'used_up', '2025-06-02 15:37:48', '2025-03-18 19:36:02', NULL),
(116, 54, 9, 0, 'used_up', '2025-06-02 15:37:48', '2025-04-07 06:22:04', NULL),
(117, 55, 9, 0, 'available', '2025-06-02 15:37:48', '2025-04-22 01:33:08', '2025-02-28 15:04:03'),
(118, 55, 11, 0, 'available', '2025-06-02 15:37:48', '2025-05-16 12:00:31', NULL),
(119, 55, 12, 1, 'used_up', '2025-06-02 15:37:48', NULL, '2025-03-16 05:33:24'),
(120, 56, 1, 1, 'expired', '2025-06-02 15:37:48', '2025-03-08 08:25:31', '2025-01-07 04:44:25'),
(121, 56, 13, 0, 'available', '2025-06-02 15:37:48', '2025-02-03 14:12:57', '2025-01-07 18:56:35'),
(122, 57, 1, 3, 'available', '2025-06-02 15:37:48', NULL, NULL),
(123, 58, 8, 0, 'expired', '2025-06-02 15:37:48', NULL, '2025-05-09 16:57:02'),
(124, 58, 13, 2, 'expired', '2025-06-02 15:37:48', NULL, NULL),
(125, 6, 2, 0, 'available', '2025-06-08 05:36:16', NULL, NULL),
(126, 77, 2, 0, 'available', '2025-06-08 05:36:16', NULL, NULL),
(127, 4, 2, 0, 'available', '2025-06-08 05:36:16', NULL, NULL),
(128, 9, 2, 0, 'available', '2025-06-08 05:36:16', NULL, NULL),
(129, 29, 2, 0, 'available', '2025-06-08 05:36:16', NULL, NULL),
(130, 1, 2, 0, 'available', '2025-06-08 05:36:16', NULL, NULL),
(131, 27, 2, 0, 'available', '2025-06-08 05:36:16', NULL, NULL),
(139, 24, 15, 0, 'available', '2025-06-08 06:46:17', NULL, NULL),
(140, 77, 15, 0, 'available', '2025-06-08 06:46:17', NULL, NULL);

-- --------------------------------------------------------

--
-- Table structure for table `user_ranks`
--

CREATE TABLE `user_ranks` (
  `id` bigint UNSIGNED NOT NULL,
  `name` varchar(191) COLLATE utf8mb4_unicode_ci NOT NULL,
  `slug` varchar(191) COLLATE utf8mb4_unicode_ci NOT NULL,
  `color` varchar(7) COLLATE utf8mb4_unicode_ci NOT NULL DEFAULT '#CD7F32',
  `icon` varchar(191) COLLATE utf8mb4_unicode_ci DEFAULT NULL,
  `min_spending` decimal(12,2) NOT NULL DEFAULT '0.00',
  `min_orders` int NOT NULL DEFAULT '0',
  `discount_percentage` decimal(5,2) NOT NULL DEFAULT '0.00',
  `benefits` json DEFAULT NULL,
  `display_order` int NOT NULL DEFAULT '0',
  `is_active` tinyint(1) NOT NULL DEFAULT '1',
  `created_at` timestamp NULL DEFAULT NULL,
  `updated_at` timestamp NULL DEFAULT NULL
) ENGINE=InnoDB DEFAULT CHARSET=utf8mb4 COLLATE=utf8mb4_unicode_ci;

--
-- Dumping data for table `user_ranks`
--

INSERT INTO `user_ranks` (`id`, `name`, `slug`, `color`, `icon`, `min_spending`, `min_orders`, `discount_percentage`, `benefits`, `display_order`, `is_active`, `created_at`, `updated_at`) VALUES
(1, 'Đồng', 'dong', '#cd7f32', 'icons/bronze.png', '0.00', 0, '0.00', '[\"Tích điểm cơ bản\"]', 1, 1, '2025-06-02 15:34:08', '2025-06-11 11:48:24'),
(2, 'Bạc', 'bac', '#c0c0c0', 'icons/silver.png', '1000.00', 5, '5.00', '[\"Tích điểm cơ bản\"]', 2, 1, '2025-06-02 15:34:08', '2025-06-11 11:48:24'),
(3, 'Vàng', 'vang', '#ffd700', 'icons/gold.png', '5000.00', 10, '10.00', '[\"Tích điểm cơ bản\"]', 3, 1, '2025-06-02 15:34:08', '2025-06-11 11:48:24'),
(4, 'Bạch Kim', 'bach-kim', '#e5e4e2', 'icons/platinum.png', '10000.00', 20, '15.00', '[\"Tích điểm cơ bản\"]', 4, 1, '2025-06-02 15:34:08', '2025-06-11 11:48:24'),
(5, 'Kim Cương', 'kim-cuong', '#b9f2ff', 'icons/diamond.png', '20000.00', 50, '20.00', '[\"Tích điểm cơ bản\"]', 5, 1, '2025-06-02 15:34:08', '2025-06-11 11:48:24');

-- --------------------------------------------------------

--
-- Table structure for table `user_rank_history`
--

CREATE TABLE `user_rank_history` (
  `id` bigint UNSIGNED NOT NULL,
  `user_id` bigint UNSIGNED NOT NULL,
  `old_rank_id` bigint UNSIGNED DEFAULT NULL,
  `new_rank_id` bigint UNSIGNED NOT NULL,
  `total_spending` decimal(12,2) NOT NULL,
  `total_orders` int NOT NULL,
  `reason` text COLLATE utf8mb4_unicode_ci,
  `changed_at` timestamp NOT NULL DEFAULT CURRENT_TIMESTAMP
) ENGINE=InnoDB DEFAULT CHARSET=utf8mb4 COLLATE=utf8mb4_unicode_ci;

--
-- Dumping data for table `user_rank_history`
--

INSERT INTO `user_rank_history` (`id`, `user_id`, `old_rank_id`, `new_rank_id`, `total_spending`, `total_orders`, `reason`, `changed_at`) VALUES
(1, 1, NULL, 1, '9502.80', 9, 'Sit magni dolor blanditiis.', '2025-06-02 15:37:49'),
(2, 1, 5, 1, '4996.05', 38, 'Nesciunt voluptas ipsa ipsum dolor iste.', '2025-06-02 15:37:49'),
(3, 2, NULL, 5, '9406.53', 44, 'Illum occaecati assumenda inventore et laudantium.', '2025-06-02 15:37:49'),
(4, 2, 4, 3, '3811.12', 5, 'Fuga reiciendis similique ut laborum.', '2025-06-02 15:37:49'),
(5, 2, 3, 4, '2731.26', 15, 'Nemo sed dignissimos illum aspernatur voluptatum atque.', '2025-06-02 15:37:49'),
(6, 3, NULL, 1, '3579.54', 24, 'Minima ut quia quaerat est aliquam.', '2025-06-02 15:37:49'),
(7, 4, NULL, 2, '4737.33', 18, 'Quod in laborum dolorem aut voluptatibus recusandae pariatur.', '2025-06-02 15:37:49'),
(8, 4, 3, 4, '5410.45', 18, 'Cumque iure enim ad.', '2025-06-02 15:37:49'),
(9, 5, NULL, 1, '4873.52', 23, 'Est alias nihil qui ad non.', '2025-06-02 15:37:49'),
(10, 6, NULL, 2, '4007.15', 41, 'Iure voluptatem aut debitis iusto qui consectetur.', '2025-06-02 15:37:49'),
(11, 6, 5, 1, '2516.13', 36, 'Ut architecto quia ex iusto.', '2025-06-02 15:37:49'),
(12, 6, 4, 3, '9198.44', 17, 'Eligendi odit necessitatibus iusto quis voluptas optio omnis deleniti.', '2025-06-02 15:37:49'),
(13, 7, NULL, 4, '4541.66', 26, 'Blanditiis vel velit est non amet repudiandae iste.', '2025-06-02 15:37:49'),
(14, 8, NULL, 1, '6686.16', 14, 'Animi tempore nihil voluptas libero facere rerum.', '2025-06-02 15:37:49'),
(15, 8, 2, 3, '7006.55', 2, 'Fugiat officiis voluptatem ipsam iure magni dolores asperiores.', '2025-06-02 15:37:49'),
(16, 9, NULL, 3, '6867.57', 40, 'Beatae aut omnis esse nihil.', '2025-06-02 15:37:49'),
(17, 10, NULL, 5, '3312.62', 17, 'Voluptatum sit debitis aut non quibusdam dolor impedit.', '2025-06-02 15:37:49'),
(18, 10, 3, 1, '2676.16', 6, 'Consequuntur delectus omnis ipsum aliquam voluptatibus illum repudiandae.', '2025-06-02 15:37:49'),
(19, 11, NULL, 2, '1260.90', 22, 'Explicabo consequatur placeat deserunt quae.', '2025-06-02 15:37:49'),
(20, 12, NULL, 4, '2389.64', 34, 'Asperiores debitis consequuntur omnis porro doloremque.', '2025-06-02 15:37:49'),
(21, 12, 3, 3, '8052.64', 31, 'Molestiae delectus ut ab dolor voluptas.', '2025-06-02 15:37:49'),
(22, 12, 2, 2, '1372.77', 32, 'Repudiandae in sunt laborum dolor et et.', '2025-06-02 15:37:49'),
(23, 13, NULL, 1, '9781.84', 5, 'Aliquid eveniet necessitatibus aliquid est aut qui error.', '2025-06-02 15:37:49'),
(24, 13, 3, 5, '3288.13', 34, 'Voluptate accusantium saepe similique ducimus culpa.', '2025-06-02 15:37:49'),
(25, 14, NULL, 2, '3844.48', 6, 'Eos nobis rerum ut nulla non animi.', '2025-06-02 15:37:49'),
(26, 14, 5, 5, '8889.25', 6, 'Cum et et vel porro est quos veritatis.', '2025-06-02 15:37:49'),
(27, 14, 5, 2, '2436.72', 3, 'Ut dolorum quibusdam voluptatum eveniet sunt consectetur.', '2025-06-02 15:37:49'),
(28, 15, NULL, 4, '8609.33', 38, 'Ratione non vitae numquam eos facere alias ipsum.', '2025-06-02 15:37:49'),
(29, 15, 1, 2, '9361.91', 21, 'Quod labore perspiciatis sed est magni nam numquam.', '2025-06-02 15:37:49'),
(30, 16, NULL, 4, '5520.64', 41, 'Qui qui voluptatem nulla sequi incidunt.', '2025-06-02 15:37:49'),
(31, 17, NULL, 5, '9830.52', 47, 'In excepturi modi sint id quisquam.', '2025-06-02 15:37:49'),
(32, 17, 5, 4, '7825.62', 31, 'Asperiores recusandae ut dolores incidunt labore aut quos.', '2025-06-02 15:37:49'),
(33, 17, 2, 2, '7333.03', 47, 'Vel saepe quibusdam dicta vero dolor corrupti quos.', '2025-06-02 15:37:49'),
(34, 18, NULL, 2, '2489.04', 49, 'Sit distinctio sunt aliquid voluptate in nemo dolore.', '2025-06-02 15:37:49'),
(35, 19, NULL, 2, '2310.70', 20, 'Voluptatem officiis facilis est.', '2025-06-02 15:37:49'),
(36, 20, NULL, 1, '4859.11', 42, 'Similique aspernatur est qui quidem.', '2025-06-02 15:37:49'),
(37, 20, 1, 3, '9207.84', 15, 'Assumenda explicabo repellat ut ut et.', '2025-06-02 15:37:49'),
(38, 20, 3, 1, '8517.90', 12, 'Quos consequatur animi eius repudiandae eos.', '2025-06-02 15:37:49'),
(39, 21, NULL, 1, '5679.07', 50, 'Hic voluptas corrupti natus tempora modi dignissimos ut quod.', '2025-06-02 15:37:49'),
(40, 21, 5, 3, '9298.31', 24, 'Et voluptatem temporibus ipsa nobis.', '2025-06-02 15:37:49'),
(41, 22, NULL, 1, '7363.20', 23, 'Adipisci voluptas corporis quas doloribus itaque porro ipsa quibusdam.', '2025-06-02 15:37:49'),
(42, 22, 1, 3, '1067.13', 39, 'Id ea voluptas doloribus ipsa illo eveniet et.', '2025-06-02 15:37:49'),
(43, 22, 5, 4, '7034.65', 3, 'Ipsum voluptas quo a quis non animi.', '2025-06-02 15:37:49'),
(44, 23, NULL, 2, '5348.39', 41, 'Maxime exercitationem vero quae deserunt eligendi ut qui.', '2025-06-02 15:37:49'),
(45, 24, NULL, 1, '9752.13', 11, 'Vero impedit qui aut quis accusamus.', '2025-06-02 15:37:49'),
(46, 24, 1, 3, '5766.02', 32, 'Necessitatibus ut temporibus excepturi qui voluptatum illo.', '2025-06-02 15:37:49'),
(47, 25, NULL, 5, '2583.66', 34, 'Excepturi autem officia enim sit.', '2025-06-02 15:37:49'),
(48, 26, NULL, 2, '9914.13', 19, 'Qui aut voluptas libero ex et ea dicta consectetur.', '2025-06-02 15:37:49'),
(49, 27, NULL, 2, '462.98', 43, 'Et tempora totam ullam in dolor doloribus.', '2025-06-02 15:37:49'),
(50, 27, 5, 2, '809.11', 30, 'Cupiditate quia necessitatibus est repellat.', '2025-06-02 15:37:49'),
(51, 28, NULL, 5, '4288.98', 41, 'Quis velit veritatis et ut sed.', '2025-06-02 15:37:49'),
(52, 28, 5, 2, '6647.24', 47, 'Quia rem ut qui eius qui.', '2025-06-02 15:37:49'),
(53, 28, 5, 4, '5111.97', 32, 'Ipsa harum quo commodi doloremque dolores exercitationem in.', '2025-06-02 15:37:49'),
(54, 29, NULL, 5, '3953.40', 34, 'Et ea reprehenderit minima voluptatibus omnis.', '2025-06-02 15:37:49'),
(55, 29, 1, 2, '3216.62', 48, 'Praesentium eveniet cupiditate voluptas doloremque non.', '2025-06-02 15:37:49'),
(56, 29, 4, 5, '2318.75', 32, 'Illo aut quas et.', '2025-06-02 15:37:49'),
(57, 30, NULL, 1, '3721.71', 1, 'Sed sed eos omnis modi.', '2025-06-02 15:37:49'),
(58, 31, NULL, 4, '3746.36', 24, 'Velit et quis odio voluptates.', '2025-06-02 15:37:49'),
(59, 32, NULL, 2, '5587.80', 21, 'Voluptatem qui aut voluptatibus dolor id.', '2025-06-02 15:37:49'),
(60, 32, 4, 5, '3794.77', 34, 'Qui nihil itaque cum ut.', '2025-06-02 15:37:49'),
(61, 32, 2, 4, '1668.74', 9, 'Reiciendis fugit est cumque aut voluptas.', '2025-06-02 15:37:49'),
(62, 33, NULL, 3, '4971.70', 7, 'Voluptas ut fugiat adipisci iste et nobis aspernatur.', '2025-06-02 15:37:49'),
(63, 33, 2, 4, '9533.32', 32, 'Minima voluptatibus blanditiis dolore fugiat id dolorum ipsum.', '2025-06-02 15:37:49'),
(64, 33, 2, 1, '6762.26', 1, 'Vitae quo optio repudiandae assumenda ipsam.', '2025-06-02 15:37:49'),
(65, 34, NULL, 3, '8745.56', 47, 'Illum accusamus et ab possimus quis rerum.', '2025-06-02 15:37:49'),
(66, 35, NULL, 2, '9794.53', 5, 'Ullam eius quod est sequi reiciendis.', '2025-06-02 15:37:49'),
(67, 35, 2, 1, '996.57', 37, 'Voluptas labore veniam quos ad debitis nesciunt saepe.', '2025-06-02 15:37:49'),
(68, 35, 1, 5, '5939.18', 7, 'Perferendis exercitationem ducimus modi nihil.', '2025-06-02 15:37:49'),
(69, 36, NULL, 1, '9686.66', 41, 'Doloremque distinctio odio accusantium sunt.', '2025-06-02 15:37:49'),
(70, 36, 2, 3, '1636.55', 38, 'Est consequuntur consequuntur iste repudiandae ad consequuntur rem.', '2025-06-02 15:37:49'),
(71, 36, 4, 5, '3689.52', 33, 'Cum assumenda officiis porro et.', '2025-06-02 15:37:49'),
(72, 37, NULL, 2, '6423.20', 18, 'Accusamus sit voluptatibus et minus aut praesentium fugit.', '2025-06-02 15:37:49'),
(73, 38, NULL, 1, '6680.12', 21, 'Accusantium reprehenderit maxime sed sit quae.', '2025-06-02 15:37:49'),
(74, 39, NULL, 1, '3082.32', 3, 'Quos sit corrupti consequatur fugit et.', '2025-06-02 15:37:49'),
(75, 40, NULL, 1, '550.52', 23, 'Assumenda sint est suscipit quos.', '2025-06-02 15:37:49'),
(76, 40, 4, 3, '524.59', 12, 'Accusamus libero optio ducimus ab.', '2025-06-02 15:37:49'),
(77, 40, 1, 2, '2110.89', 36, 'Rem magnam rerum at nihil vitae natus.', '2025-06-02 15:37:49'),
(78, 41, NULL, 4, '3545.95', 35, 'Quod at asperiores minima eaque ipsam.', '2025-06-02 15:37:49'),
(79, 42, NULL, 4, '7660.33', 7, 'Magni aut qui quaerat est doloribus earum sed.', '2025-06-02 15:37:49'),
(80, 43, NULL, 3, '889.38', 1, 'Vero consequuntur sed et eaque nihil expedita quis.', '2025-06-02 15:37:49'),
(81, 43, 2, 1, '2720.63', 41, 'Molestiae impedit explicabo perspiciatis excepturi voluptate est.', '2025-06-02 15:37:49'),
(82, 44, NULL, 3, '608.43', 1, 'Modi hic sit qui omnis itaque alias.', '2025-06-02 15:37:49'),
(83, 44, 4, 4, '8284.75', 10, 'Velit qui atque sunt necessitatibus.', '2025-06-02 15:37:49'),
(84, 44, 2, 4, '8900.90', 36, 'Quae quia animi minima perferendis tempora atque.', '2025-06-02 15:37:49'),
(85, 45, NULL, 1, '4054.72', 26, 'Sint repudiandae vero dolores eaque at consequatur.', '2025-06-02 15:37:49'),
(86, 45, 2, 1, '4866.86', 21, 'Aut corrupti non natus et omnis.', '2025-06-02 15:37:49'),
(87, 45, 3, 5, '1402.94', 45, 'Corporis aspernatur veniam occaecati.', '2025-06-02 15:37:49'),
(88, 46, NULL, 2, '9043.72', 34, 'Et sed doloribus modi nam occaecati.', '2025-06-02 15:37:49'),
(89, 46, 4, 2, '3009.01', 28, 'Cumque in placeat non error.', '2025-06-02 15:37:49'),
(90, 46, 4, 3, '7462.11', 10, 'Accusantium nihil nam dicta distinctio reiciendis qui.', '2025-06-02 15:37:49'),
(91, 47, NULL, 4, '7142.55', 19, 'Incidunt numquam est explicabo accusamus ad ad accusamus.', '2025-06-02 15:37:49'),
(92, 48, NULL, 3, '2487.47', 18, 'Et et dolores reiciendis.', '2025-06-02 15:37:49'),
(93, 48, 2, 3, '4742.26', 32, 'Facere officiis facilis tenetur autem saepe et aperiam.', '2025-06-02 15:37:49'),
(94, 48, 1, 2, '4727.45', 18, 'Deserunt cum nostrum sit ut.', '2025-06-02 15:37:49'),
(95, 49, NULL, 3, '8324.82', 32, 'Ipsam et ex et quod quisquam earum.', '2025-06-02 15:37:49'),
(96, 50, NULL, 5, '9387.11', 2, 'Doloribus praesentium sed deserunt et hic architecto soluta rerum.', '2025-06-02 15:37:49'),
(97, 50, 1, 5, '3533.90', 3, 'Eos maxime dolor sed aspernatur.', '2025-06-02 15:37:49'),
(98, 51, NULL, 4, '2056.28', 47, 'Qui culpa autem excepturi in consequatur accusamus.', '2025-06-02 15:37:49'),
(99, 52, NULL, 3, '1455.23', 6, 'Consectetur excepturi rerum placeat alias officiis aut.', '2025-06-02 15:37:49'),
(100, 52, 1, 3, '5766.22', 40, 'Minima dolore mollitia ut et quisquam quisquam.', '2025-06-02 15:37:49'),
(101, 53, NULL, 4, '7345.45', 31, 'Accusamus autem perspiciatis minima minima aut rem.', '2025-06-02 15:37:49'),
(102, 54, NULL, 4, '5704.19', 29, 'Velit aperiam ipsa optio aut necessitatibus sit.', '2025-06-02 15:37:49'),
(103, 54, 3, 2, '1683.19', 45, 'Consequuntur quis voluptatem nihil culpa eos nemo voluptates.', '2025-06-02 15:37:49'),
(104, 55, NULL, 3, '2894.31', 31, 'Minima qui quia error nihil eveniet accusamus occaecati.', '2025-06-02 15:37:49'),
(105, 55, 1, 3, '1246.20', 21, 'Repellat quis excepturi expedita aut eveniet dolore voluptatem.', '2025-06-02 15:37:49'),
(106, 56, NULL, 3, '5134.35', 1, 'Magni itaque eius voluptas.', '2025-06-02 15:37:49'),
(107, 56, 4, 4, '9544.63', 20, 'Reprehenderit aspernatur magni ut et numquam.', '2025-06-02 15:37:49'),
(108, 56, 5, 4, '2202.12', 11, 'Explicabo sunt asperiores enim et aut et.', '2025-06-02 15:37:49'),
(109, 57, NULL, 2, '6149.09', 15, 'In nihil soluta similique quas autem aut hic id.', '2025-06-02 15:37:49'),
(110, 58, NULL, 5, '5197.57', 43, 'Deserunt aut recusandae et minus dolores provident delectus.', '2025-06-02 15:37:49'),
(111, 58, 2, 1, '4853.55', 13, 'Adipisci non officiis cupiditate quibusdam id similique.', '2025-06-02 15:37:49'),
(112, 1, NULL, 2, '1735.37', 46, 'Et impedit omnis quia occaecati molestias in aperiam.', '2025-06-08 21:10:43'),
(113, 2, NULL, 3, '3780.91', 2, 'Dolore neque inventore molestias laboriosam et illo est.', '2025-06-08 21:10:43'),
(114, 2, 3, 1, '2618.62', 38, 'Mollitia vel quis ex reprehenderit sapiente facilis dicta accusamus.', '2025-06-08 21:10:43'),
(115, 2, 4, 3, '9525.01', 20, 'Eos sed perspiciatis debitis fugit distinctio.', '2025-06-08 21:10:43'),
(116, 3, NULL, 2, '2112.54', 10, 'Voluptatem quae sit et.', '2025-06-08 21:10:43'),
(117, 3, 2, 4, '6275.23', 38, 'Quasi nihil et qui nesciunt sed nisi sed corrupti.', '2025-06-08 21:10:43'),
(118, 3, 5, 3, '7481.71', 17, 'Beatae exercitationem ut dolorem.', '2025-06-08 21:10:43'),
(119, 4, NULL, 2, '5034.68', 13, 'Molestias dolores debitis maiores laborum animi sunt esse.', '2025-06-08 21:10:43'),
(120, 4, 1, 3, '6753.27', 48, 'Non possimus et odio iusto laboriosam quidem nihil.', '2025-06-08 21:10:43'),
(121, 5, NULL, 5, '3904.92', 43, 'Omnis qui dignissimos maxime.', '2025-06-08 21:10:43'),
(122, 5, 4, 4, '5675.21', 45, 'Quas vel impedit inventore officia recusandae omnis.', '2025-06-08 21:10:43'),
(123, 6, NULL, 5, '9485.87', 50, 'In rem quisquam dolorem qui.', '2025-06-08 21:10:43'),
(124, 7, NULL, 1, '3985.82', 23, 'Id optio a minus sit.', '2025-06-08 21:10:43'),
(125, 8, NULL, 2, '6433.70', 17, 'Nostrum est voluptatem aut deserunt aut numquam dolorem.', '2025-06-08 21:10:43'),
(126, 8, 4, 5, '7598.58', 12, 'Dolore dolore doloremque et quidem dolore minima nihil unde.', '2025-06-08 21:10:43'),
(127, 8, 3, 4, '9073.69', 15, 'Omnis aut quia sit autem facilis eos facilis vel.', '2025-06-08 21:10:43'),
(128, 9, NULL, 5, '8191.15', 44, 'Ut id omnis nobis laborum.', '2025-06-08 21:10:43'),
(129, 9, 5, 3, '6672.81', 46, 'Tempora nihil quam in quod non odio vel.', '2025-06-08 21:10:43'),
(130, 9, 5, 1, '1463.32', 37, 'Iusto voluptatibus placeat repudiandae reprehenderit velit.', '2025-06-08 21:10:43'),
(131, 10, NULL, 1, '2508.26', 40, 'Ducimus accusantium et assumenda autem neque omnis deleniti.', '2025-06-08 21:10:43'),
(132, 10, 5, 5, '7631.98', 15, 'Doloremque officiis voluptatem dicta perferendis rerum omnis quidem.', '2025-06-08 21:10:43'),
(133, 11, NULL, 2, '7866.94', 9, 'Eos ex harum sit accusamus.', '2025-06-08 21:10:43'),
(134, 12, NULL, 1, '7682.41', 16, 'Molestias iusto nostrum tempore repellendus totam.', '2025-06-08 21:10:43'),
(135, 13, NULL, 1, '1957.45', 24, 'Dicta quae deleniti debitis qui voluptatem.', '2025-06-08 21:10:43'),
(136, 13, 4, 1, '8219.48', 21, 'In molestias doloremque omnis illo velit.', '2025-06-08 21:10:43'),
(137, 13, 3, 1, '4659.18', 8, 'Nisi maiores ullam laborum reprehenderit quasi animi et placeat.', '2025-06-08 21:10:43'),
(138, 14, NULL, 2, '2027.97', 18, 'Nulla error exercitationem earum repellat.', '2025-06-08 21:10:43'),
(139, 14, 5, 2, '9310.22', 22, 'Quo unde atque officiis rerum perferendis odit sit.', '2025-06-08 21:10:43'),
(140, 14, 5, 1, '8373.02', 21, 'Quasi quia aut ea sequi nobis error quis incidunt.', '2025-06-08 21:10:43'),
(141, 15, NULL, 5, '516.54', 43, 'Accusantium dolor illo cum ut corporis.', '2025-06-08 21:10:43'),
(142, 15, 4, 5, '8143.05', 6, 'Consequatur ut omnis fuga expedita repellat ut repellendus voluptas.', '2025-06-08 21:10:43'),
(143, 16, NULL, 1, '7063.29', 30, 'Voluptate est neque magni consequatur nobis.', '2025-06-08 21:10:43'),
(144, 16, 3, 1, '4948.25', 25, 'Sit sed ut odio facere distinctio ipsa repellat.', '2025-06-08 21:10:43'),
(145, 17, NULL, 2, '1428.72', 15, 'Deserunt est qui nihil libero voluptatum et.', '2025-06-08 21:10:43'),
(146, 18, NULL, 4, '9131.95', 21, 'Et velit provident omnis optio molestiae ut.', '2025-06-08 21:10:43'),
(147, 18, 4, 3, '4924.09', 7, 'Sit nostrum dicta nihil error porro nobis maiores.', '2025-06-08 21:10:43'),
(148, 18, 5, 5, '4095.04', 49, 'Dolore tempora rerum cumque cum et.', '2025-06-08 21:10:43'),
(149, 19, NULL, 1, '8486.09', 18, 'Omnis eos ullam in rerum asperiores vitae.', '2025-06-08 21:10:43'),
(150, 19, 2, 4, '3176.16', 42, 'Ad facere sed quo sunt minima labore.', '2025-06-08 21:10:43'),
(151, 20, NULL, 1, '6210.57', 38, 'Quam ab dignissimos dolor hic quia natus et.', '2025-06-08 21:10:43'),
(152, 20, 1, 5, '6154.02', 43, 'Qui quia possimus rerum qui pariatur.', '2025-06-08 21:10:43'),
(153, 21, NULL, 2, '3299.26', 1, 'Nobis nihil ut reiciendis hic.', '2025-06-08 21:10:43'),
(154, 22, NULL, 4, '8915.53', 7, 'Tempore earum dolor sunt deleniti est officiis ut.', '2025-06-08 21:10:43'),
(155, 22, 3, 3, '1264.71', 36, 'Dignissimos voluptatem laborum non aspernatur ratione ea.', '2025-06-08 21:10:43'),
(156, 22, 5, 3, '4429.68', 28, 'Ipsum occaecati minus quaerat eum et occaecati.', '2025-06-08 21:10:43'),
(157, 23, NULL, 3, '1963.31', 12, 'Corrupti expedita libero ab.', '2025-06-08 21:10:43'),
(158, 23, 2, 5, '4766.12', 4, 'Temporibus voluptatem porro quas incidunt repudiandae doloribus.', '2025-06-08 21:10:43'),
(159, 23, 5, 4, '899.60', 28, 'Quis voluptates voluptates hic et voluptatem libero ea.', '2025-06-08 21:10:43'),
(160, 24, NULL, 4, '7208.50', 40, 'Repellat explicabo eligendi veritatis quia sapiente deleniti eum magni.', '2025-06-08 21:10:43'),
(161, 24, 4, 4, '2023.14', 9, 'Est placeat soluta et asperiores delectus omnis odit.', '2025-06-08 21:10:43'),
(162, 25, NULL, 4, '6909.70', 10, 'Non occaecati eos perferendis quisquam.', '2025-06-08 21:10:43'),
(163, 26, NULL, 3, '3688.09', 6, 'Voluptas molestiae voluptatem quia sunt eos nesciunt omnis.', '2025-06-08 21:10:43'),
(164, 27, NULL, 5, '7783.67', 9, 'Deserunt consectetur tempore id enim.', '2025-06-08 21:10:43'),
(165, 27, 5, 3, '2462.62', 7, 'Porro voluptatem ea quasi consequatur est quia ut.', '2025-06-08 21:10:43'),
(166, 28, NULL, 1, '1181.51', 21, 'Consequatur provident aut dignissimos eveniet mollitia quas.', '2025-06-08 21:10:43'),
(167, 29, NULL, 3, '7017.48', 27, 'Et qui non omnis harum.', '2025-06-08 21:10:43'),
(168, 29, 1, 4, '2281.32', 14, 'Rem aut aut aspernatur sint dolorem perspiciatis eius.', '2025-06-08 21:10:43'),
(169, 29, 3, 4, '4595.37', 44, 'Mollitia quia earum ut sit.', '2025-06-08 21:10:43'),
(170, 30, NULL, 2, '1085.34', 18, 'Consequuntur vel nulla quia nisi delectus laboriosam.', '2025-06-08 21:10:43'),
(171, 30, 1, 5, '6629.62', 49, 'Velit rerum aut quam nulla debitis voluptatibus nobis.', '2025-06-08 21:10:43'),
(172, 31, NULL, 5, '7714.54', 24, 'Perferendis veniam repellendus aut sunt nisi.', '2025-06-08 21:10:43'),
(173, 31, 3, 4, '9205.15', 18, 'Maxime veritatis consequuntur pariatur aut autem suscipit.', '2025-06-08 21:10:43'),
(174, 32, NULL, 2, '4066.07', 36, 'Magnam labore voluptatem aut sed.', '2025-06-08 21:10:43'),
(175, 33, NULL, 3, '6511.57', 38, 'A suscipit sit veniam voluptatem.', '2025-06-08 21:10:43'),
(176, 33, 2, 4, '9422.09', 18, 'Debitis voluptatem amet pariatur.', '2025-06-08 21:10:43'),
(177, 33, 5, 1, '9559.72', 35, 'Blanditiis quam similique sunt repudiandae possimus commodi ea.', '2025-06-08 21:10:43'),
(178, 34, NULL, 4, '1736.28', 13, 'Qui libero quaerat aut autem recusandae sunt facere.', '2025-06-08 21:10:43'),
(179, 34, 1, 4, '2194.01', 27, 'Reprehenderit aspernatur aut amet soluta qui sed quia.', '2025-06-08 21:10:43'),
(180, 34, 5, 4, '7909.14', 41, 'Tempora ut perferendis suscipit commodi debitis.', '2025-06-08 21:10:43'),
(181, 35, NULL, 1, '7320.17', 23, 'Saepe nemo ab ut velit est necessitatibus perspiciatis.', '2025-06-08 21:10:43'),
(182, 35, 1, 4, '3529.82', 41, 'Sapiente totam aperiam omnis cumque quas.', '2025-06-08 21:10:43'),
(183, 36, NULL, 2, '7394.86', 26, 'Aut vitae unde ut accusantium aut aut et.', '2025-06-08 21:10:43'),
(184, 37, NULL, 2, '7330.36', 29, 'Animi mollitia corporis tempore est qui quisquam aut.', '2025-06-08 21:10:43'),
(185, 38, NULL, 4, '9237.70', 38, 'Aut optio enim iste repellat.', '2025-06-08 21:10:43'),
(186, 38, 2, 1, '8811.26', 35, 'Fugiat odit provident quam quaerat consequatur.', '2025-06-08 21:10:43'),
(187, 39, NULL, 5, '3953.85', 6, 'Commodi sed necessitatibus nesciunt veniam doloremque quo.', '2025-06-08 21:10:43'),
(188, 40, NULL, 4, '6590.70', 13, 'Consectetur animi non consequatur nam est.', '2025-06-08 21:10:43'),
(189, 40, 4, 4, '7355.38', 46, 'Esse voluptatem quasi rerum quis magnam occaecati.', '2025-06-08 21:10:43'),
(190, 40, 1, 3, '2689.28', 24, 'Laborum nisi cupiditate iusto aliquam consequatur.', '2025-06-08 21:10:43'),
(191, 41, NULL, 5, '8378.75', 41, 'Odio necessitatibus sunt est est aut.', '2025-06-08 21:10:43'),
(192, 41, 4, 4, '1327.67', 33, 'Est odit modi et tempora ut voluptatibus.', '2025-06-08 21:10:43'),
(193, 42, NULL, 2, '8097.74', 30, 'Voluptatem ullam velit ab vitae laborum.', '2025-06-08 21:10:43'),
(194, 42, 1, 2, '8989.55', 40, 'Itaque totam aperiam impedit dolor voluptates esse.', '2025-06-08 21:10:43'),
(195, 42, 1, 2, '8405.77', 4, 'Repellat earum dolorem ducimus aliquid aut quam distinctio.', '2025-06-08 21:10:43'),
(196, 43, NULL, 2, '1371.87', 30, 'Reiciendis cum eligendi ullam facilis autem.', '2025-06-08 21:10:43'),
(197, 44, NULL, 2, '3613.43', 39, 'Reiciendis explicabo accusantium inventore rerum dolores tempora ullam voluptate.', '2025-06-08 21:10:43'),
(198, 45, NULL, 4, '1261.03', 4, 'Voluptatem et nihil recusandae nesciunt et distinctio.', '2025-06-08 21:10:43'),
(199, 46, NULL, 1, '3516.68', 36, 'Cumque recusandae soluta laborum deserunt voluptatem possimus.', '2025-06-08 21:10:43'),
(200, 46, 5, 3, '654.29', 5, 'Mollitia et eos et perferendis nihil quo.', '2025-06-08 21:10:43'),
(201, 46, 4, 2, '6065.54', 36, 'Nobis dignissimos esse dicta optio voluptatem.', '2025-06-08 21:10:43'),
(202, 47, NULL, 2, '2884.46', 47, 'Sint architecto cupiditate maxime a sit illum.', '2025-06-08 21:10:43'),
(203, 48, NULL, 2, '8786.39', 42, 'Cupiditate ex et aut tempore.', '2025-06-08 21:10:43'),
(204, 48, 3, 5, '8398.82', 8, 'Illo assumenda sed magni unde.', '2025-06-08 21:10:43'),
(205, 48, 2, 5, '2854.10', 41, 'Est mollitia quisquam nesciunt.', '2025-06-08 21:10:43'),
(206, 49, NULL, 1, '5209.16', 8, 'Et sed omnis et modi reiciendis est labore voluptates.', '2025-06-08 21:10:43'),
(207, 50, NULL, 3, '5245.17', 39, 'Veniam qui ex aut sit vel sed sed voluptates.', '2025-06-08 21:10:43'),
(208, 50, 2, 5, '4430.92', 32, 'Cumque dolor asperiores maxime suscipit rem et.', '2025-06-08 21:10:43'),
(209, 50, 4, 3, '5715.77', 3, 'Doloremque est asperiores voluptatem expedita et incidunt.', '2025-06-08 21:10:43'),
(210, 51, NULL, 4, '9114.70', 33, 'Et et necessitatibus numquam aut occaecati nulla.', '2025-06-08 21:10:43'),
(211, 52, NULL, 5, '5937.49', 6, 'Consequatur labore ullam ea iure voluptatem vitae.', '2025-06-08 21:10:43'),
(212, 53, NULL, 5, '2485.25', 8, 'Dolores veritatis expedita non architecto corporis et.', '2025-06-08 21:10:43'),
(213, 53, 2, 4, '2685.25', 39, 'Dignissimos eos eum autem et.', '2025-06-08 21:10:43'),
(214, 53, 3, 4, '6433.58', 26, 'Aut voluptate alias dolorum eligendi facere rerum.', '2025-06-08 21:10:43'),
(215, 54, NULL, 3, '6498.66', 21, 'Sed est consequatur quos.', '2025-06-08 21:10:43'),
(216, 54, 5, 2, '3654.85', 27, 'Ut cum expedita quia est.', '2025-06-08 21:10:43'),
(217, 54, 3, 5, '6864.24', 44, 'Dolores laboriosam aliquam omnis.', '2025-06-08 21:10:43'),
(218, 55, NULL, 3, '1190.00', 1, 'Harum quae occaecati qui harum numquam.', '2025-06-08 21:10:43'),
(219, 55, 2, 2, '1038.93', 14, 'Illo minus impedit earum vel nam ipsa sint.', '2025-06-08 21:10:43'),
(220, 56, NULL, 4, '1858.21', 10, 'Quibusdam voluptates fugiat qui quia qui voluptatem.', '2025-06-08 21:10:43'),
(221, 57, NULL, 3, '2554.01', 29, 'Distinctio consequatur ut sunt voluptatem eum.', '2025-06-08 21:10:43'),
(222, 57, 5, 4, '433.36', 4, 'Cumque quos voluptatem sed quasi.', '2025-06-08 21:10:43'),
(223, 58, NULL, 5, '2653.51', 35, 'Consectetur omnis facere quia sed eos.', '2025-06-08 21:10:43'),
(224, 58, 3, 5, '4529.79', 24, 'Velit quos magnam tempora iure magni.', '2025-06-08 21:10:43'),
(225, 58, 1, 5, '4826.07', 42, 'Consectetur tenetur dicta ratione est est.', '2025-06-08 21:10:43'),
(226, 77, NULL, 2, '6852.59', 14, 'Ipsa enim non distinctio velit consequatur voluptatem a sunt.', '2025-06-08 21:10:43'),
(227, 77, 3, 3, '1983.94', 6, 'Dolores tempore fugiat dicta.', '2025-06-08 21:10:43');

-- --------------------------------------------------------

--
-- Table structure for table `user_roles`
--

CREATE TABLE `user_roles` (
  `id` bigint UNSIGNED NOT NULL,
  `user_id` bigint UNSIGNED NOT NULL,
  `role_id` bigint UNSIGNED NOT NULL,
  `created_at` timestamp NULL DEFAULT NULL,
  `updated_at` timestamp NULL DEFAULT NULL
) ENGINE=InnoDB DEFAULT CHARSET=utf8mb4 COLLATE=utf8mb4_unicode_ci;

--
-- Dumping data for table `user_roles`
--

INSERT INTO `user_roles` (`id`, `user_id`, `role_id`, `created_at`, `updated_at`) VALUES
(1, 11, 1, '2025-06-02 15:34:12', '2025-06-02 15:34:12'),
(2, 12, 4, '2025-06-02 15:34:12', '2025-06-02 15:34:12'),
(3, 13, 2, '2025-06-02 15:34:12', '2025-06-02 15:34:12'),
(4, 14, 2, '2025-06-02 15:34:12', '2025-06-02 15:34:12'),
(5, 15, 2, '2025-06-02 15:34:12', '2025-06-02 15:34:12'),
(6, 16, 2, '2025-06-02 15:34:12', '2025-06-02 15:34:12'),
(7, 17, 2, '2025-06-02 15:34:12', '2025-06-02 15:34:12'),
(8, 18, 2, '2025-06-02 15:34:12', '2025-06-02 15:34:12'),
(27, 77, 4, '2025-06-05 13:24:14', '2025-06-05 13:24:14');

-- --------------------------------------------------------

--
-- Table structure for table `variant_attributes`
--

CREATE TABLE `variant_attributes` (
  `id` bigint UNSIGNED NOT NULL,
  `name` varchar(191) COLLATE utf8mb4_unicode_ci NOT NULL,
  `created_at` timestamp NULL DEFAULT NULL,
  `updated_at` timestamp NULL DEFAULT NULL
) ENGINE=InnoDB DEFAULT CHARSET=utf8mb4 COLLATE=utf8mb4_unicode_ci;

--
-- Dumping data for table `variant_attributes`
--

INSERT INTO `variant_attributes` (`id`, `name`, `created_at`, `updated_at`) VALUES
(1, 'Size', '2025-06-02 15:36:13', '2025-06-02 15:36:13'),
(2, 'Spice Level', '2025-06-02 15:36:13', '2025-06-02 15:36:13');

-- --------------------------------------------------------

--
-- Table structure for table `variant_values`
--

CREATE TABLE `variant_values` (
  `id` bigint UNSIGNED NOT NULL,
  `variant_attribute_id` bigint UNSIGNED NOT NULL,
  `value` varchar(191) COLLATE utf8mb4_unicode_ci NOT NULL,
  `price_adjustment` decimal(12,2) NOT NULL DEFAULT '0.00',
  `created_at` timestamp NULL DEFAULT NULL,
  `updated_at` timestamp NULL DEFAULT NULL
) ENGINE=InnoDB DEFAULT CHARSET=utf8mb4 COLLATE=utf8mb4_unicode_ci;

--
-- Dumping data for table `variant_values`
--

INSERT INTO `variant_values` (`id`, `variant_attribute_id`, `value`, `price_adjustment`, `created_at`, `updated_at`) VALUES
(1, 1, 'Small', '14903.00', '2025-06-02 15:36:13', '2025-06-02 15:36:13'),
(2, 1, 'Medium', '10271.00', '2025-06-02 15:36:13', '2025-06-02 15:36:13'),
(3, 1, 'Large', '11708.00', '2025-06-02 15:36:13', '2025-06-02 15:36:13'),
(4, 2, 'Mild', '18364.00', '2025-06-02 15:36:13', '2025-06-02 15:36:13'),
(5, 2, 'Medium', '13295.00', '2025-06-02 15:36:13', '2025-06-02 15:36:13'),
(6, 2, 'Hot', '19393.00', '2025-06-02 15:36:13', '2025-06-02 15:36:13');

-- --------------------------------------------------------

--
-- Table structure for table `wishlist_items`
--

CREATE TABLE `wishlist_items` (
  `id` bigint UNSIGNED NOT NULL,
  `user_id` bigint UNSIGNED NOT NULL,
  `product_id` bigint UNSIGNED NOT NULL,
  `created_at` timestamp NULL DEFAULT NULL,
  `updated_at` timestamp NULL DEFAULT NULL
) ENGINE=InnoDB DEFAULT CHARSET=utf8mb4 COLLATE=utf8mb4_unicode_ci;

--
-- Indexes for dumped tables
--

--
-- Indexes for table `addresses`
--
ALTER TABLE `addresses`
  ADD PRIMARY KEY (`id`),
  ADD KEY `addresses_user_id_foreign` (`user_id`);

--
-- Indexes for table `banners`
--
ALTER TABLE `banners`
  ADD PRIMARY KEY (`id`);

--
-- Indexes for table `branches`
--
ALTER TABLE `branches`
  ADD PRIMARY KEY (`id`),
  ADD UNIQUE KEY `branches_branch_code_unique` (`branch_code`),
  ADD UNIQUE KEY `branches_name_unique` (`name`),
  ADD UNIQUE KEY `branches_address_unique` (`address`),
  ADD UNIQUE KEY `branches_phone_unique` (`phone`),
  ADD UNIQUE KEY `branches_email_unique` (`email`);

--
-- Indexes for table `branch_images`
--
ALTER TABLE `branch_images`
  ADD PRIMARY KEY (`id`),
  ADD KEY `branch_images_branch_id_foreign` (`branch_id`);

--
-- Indexes for table `branch_stocks`
--
ALTER TABLE `branch_stocks`
  ADD PRIMARY KEY (`id`),
  ADD UNIQUE KEY `branch_stocks_branch_id_product_variant_id_unique` (`branch_id`,`product_variant_id`),
  ADD KEY `branch_stocks_product_variant_id_foreign` (`product_variant_id`);

--
-- Indexes for table `cache`
--
ALTER TABLE `cache`
  ADD PRIMARY KEY (`key`);

--
-- Indexes for table `cache_locks`
--
ALTER TABLE `cache_locks`
  ADD PRIMARY KEY (`key`);

--
-- Indexes for table `carts`
--
ALTER TABLE `carts`
  ADD PRIMARY KEY (`id`),
  ADD KEY `carts_user_id_foreign` (`user_id`);

--
-- Indexes for table `cart_items`
--
ALTER TABLE `cart_items`
  ADD PRIMARY KEY (`id`),
  ADD UNIQUE KEY `cart_items_cart_id_product_variant_id_combo_id_unique` (`cart_id`,`product_variant_id`,`combo_id`),
  ADD KEY `cart_items_product_variant_id_foreign` (`product_variant_id`),
  ADD KEY `cart_items_combo_id_foreign` (`combo_id`);

--
-- Indexes for table `cart_item_toppings`
--
ALTER TABLE `cart_item_toppings`
  ADD PRIMARY KEY (`id`),
  ADD KEY `cart_item_toppings_cart_item_id_foreign` (`cart_item_id`),
  ADD KEY `cart_item_toppings_topping_id_foreign` (`topping_id`);

--
-- Indexes for table `categories`
--
ALTER TABLE `categories`
  ADD PRIMARY KEY (`id`);

--
-- Indexes for table `chat_messages`
--
ALTER TABLE `chat_messages`
  ADD PRIMARY KEY (`id`),
  ADD KEY `chat_messages_sender_id_foreign` (`sender_id`),
  ADD KEY `chat_messages_receiver_id_foreign` (`receiver_id`),
  ADD KEY `chat_messages_branch_id_foreign` (`branch_id`),
  ADD KEY `chat_messages_related_order_id_foreign` (`related_order_id`);

--
-- Indexes for table `combos`
--
ALTER TABLE `combos`
  ADD PRIMARY KEY (`id`);

--
-- Indexes for table `combo_items`
--
ALTER TABLE `combo_items`
  ADD PRIMARY KEY (`id`),
  ADD UNIQUE KEY `combo_items_combo_id_product_variant_id_unique` (`combo_id`,`product_variant_id`),
  ADD KEY `combo_items_product_variant_id_foreign` (`product_variant_id`);

--
-- Indexes for table `contacts`
--
ALTER TABLE `contacts`
  ADD PRIMARY KEY (`id`),
  ADD UNIQUE KEY `contacts_email_unique` (`email`),
  ADD UNIQUE KEY `contacts_phone_unique` (`phone`);

--
-- Indexes for table `discount_codes`
--
ALTER TABLE `discount_codes`
  ADD PRIMARY KEY (`id`),
  ADD UNIQUE KEY `discount_codes_code_unique` (`code`),
  ADD KEY `discount_codes_created_by_foreign` (`created_by`),
  ADD KEY `discount_codes_is_active_start_date_end_date_index` (`is_active`,`start_date`,`end_date`),
  ADD KEY `discount_codes_discount_type_is_active_index` (`discount_type`,`is_active`);

--
-- Indexes for table `discount_code_branches`
--
ALTER TABLE `discount_code_branches`
  ADD PRIMARY KEY (`id`),
  ADD UNIQUE KEY `discount_code_branches_discount_code_id_branch_id_unique` (`discount_code_id`,`branch_id`),
  ADD KEY `discount_code_branches_branch_id_foreign` (`branch_id`);

--
-- Indexes for table `discount_code_products`
--
ALTER TABLE `discount_code_products`
  ADD PRIMARY KEY (`id`),
  ADD KEY `discount_code_products_discount_code_id_foreign` (`discount_code_id`),
  ADD KEY `discount_code_products_product_id_foreign` (`product_id`),
  ADD KEY `discount_code_products_category_id_foreign` (`category_id`),
  ADD KEY `discount_code_products_combo_id_foreign` (`combo_id`);

--
-- Indexes for table `discount_usage_history`
--
ALTER TABLE `discount_usage_history`
  ADD PRIMARY KEY (`id`),
  ADD KEY `discount_usage_history_order_id_foreign` (`order_id`),
  ADD KEY `discount_usage_history_branch_id_foreign` (`branch_id`),
  ADD KEY `discount_usage_history_discount_code_id_used_at_index` (`discount_code_id`,`used_at`),
  ADD KEY `discount_usage_history_user_id_used_at_index` (`user_id`,`used_at`);

--
-- Indexes for table `drivers`
--
ALTER TABLE `drivers`
  ADD PRIMARY KEY (`id`),
  ADD UNIQUE KEY `drivers_email_unique` (`email`),
  ADD UNIQUE KEY `drivers_license_number_unique` (`license_number`),
  ADD KEY `drivers_application_id_foreign` (`application_id`),
  ADD KEY `drivers_status_is_available_index` (`status`,`is_available`),
  ADD KEY `drivers_created_at_index` (`created_at`),
  ADD KEY `drivers_updated_at_index` (`updated_at`),
  ADD KEY `drivers_updated_by_foreign` (`updated_by`),
  ADD KEY `drivers_locked_by_foreign` (`locked_by`),
  ADD KEY `drivers_unlocked_by_foreign` (`unlocked_by`),
  ADD KEY `drivers_status_changed_by_foreign` (`status_changed_by`);

--
-- Indexes for table `driver_applications`
--
ALTER TABLE `driver_applications`
  ADD PRIMARY KEY (`id`),
  ADD UNIQUE KEY `driver_applications_email_unique` (`email`),
  ADD UNIQUE KEY `driver_applications_phone_number_unique` (`phone_number`),
  ADD UNIQUE KEY `driver_applications_id_card_number_unique` (`id_card_number`),
  ADD UNIQUE KEY `driver_applications_license_plate_unique` (`license_plate`),
  ADD UNIQUE KEY `driver_applications_driver_license_number_unique` (`driver_license_number`);

--
-- Indexes for table `driver_violations`
--
ALTER TABLE `driver_violations`
  ADD PRIMARY KEY (`id`),
  ADD KEY `driver_violations_driver_id_foreign` (`driver_id`),
  ADD KEY `driver_violations_reported_by_foreign` (`reported_by`);

--
-- Indexes for table `failed_jobs`
--
ALTER TABLE `failed_jobs`
  ADD PRIMARY KEY (`id`),
  ADD UNIQUE KEY `failed_jobs_uuid_unique` (`uuid`);

--
-- Indexes for table `jobs`
--
ALTER TABLE `jobs`
  ADD PRIMARY KEY (`id`),
  ADD KEY `jobs_queue_index` (`queue`);

--
-- Indexes for table `job_batches`
--
ALTER TABLE `job_batches`
  ADD PRIMARY KEY (`id`);

--
-- Indexes for table `migrations`
--
ALTER TABLE `migrations`
  ADD PRIMARY KEY (`id`);

--
-- Indexes for table `orders`
--
ALTER TABLE `orders`
  ADD PRIMARY KEY (`id`),
  ADD KEY `orders_customer_id_foreign` (`customer_id`),
  ADD KEY `orders_branch_id_foreign` (`branch_id`),
  ADD KEY `orders_driver_id_foreign` (`driver_id`),
  ADD KEY `orders_address_id_foreign` (`address_id`),
  ADD KEY `orders_discount_code_id_foreign` (`discount_code_id`),
  ADD KEY `orders_payment_id_foreign` (`payment_id`);

--
-- Indexes for table `order_cancellations`
--
ALTER TABLE `order_cancellations`
  ADD PRIMARY KEY (`id`),
  ADD KEY `order_cancellations_order_id_foreign` (`order_id`),
  ADD KEY `order_cancellations_cancelled_by_foreign` (`cancelled_by`);

--
-- Indexes for table `order_items`
--
ALTER TABLE `order_items`
  ADD PRIMARY KEY (`id`),
  ADD KEY `order_items_order_id_foreign` (`order_id`),
  ADD KEY `order_items_product_variant_id_foreign` (`product_variant_id`),
  ADD KEY `order_items_combo_id_foreign` (`combo_id`);

--
-- Indexes for table `order_item_toppings`
--
ALTER TABLE `order_item_toppings`
  ADD PRIMARY KEY (`id`),
  ADD KEY `order_item_toppings_order_item_id_foreign` (`order_item_id`),
  ADD KEY `order_item_toppings_topping_id_foreign` (`topping_id`);

--
-- Indexes for table `order_status_histories`
--
ALTER TABLE `order_status_histories`
  ADD PRIMARY KEY (`id`),
  ADD KEY `order_status_histories_order_id_foreign` (`order_id`),
  ADD KEY `order_status_histories_changed_by_foreign` (`changed_by`);

--
-- Indexes for table `password_reset_tokens`
--
ALTER TABLE `password_reset_tokens`
  ADD PRIMARY KEY (`email`);

--
-- Indexes for table `payments`
--
ALTER TABLE `payments`
  ADD PRIMARY KEY (`id`),
  ADD UNIQUE KEY `payments_txn_ref_unique` (`txn_ref`),
  ADD KEY `payments_payment_method_id_foreign` (`payment_method_id`);

--
-- Indexes for table `payment_methods`
--
ALTER TABLE `payment_methods`
  ADD PRIMARY KEY (`id`);

--
-- Indexes for table `points_transactions`
--
ALTER TABLE `points_transactions`
  ADD PRIMARY KEY (`id`),
  ADD KEY `points_transactions_user_id_foreign` (`user_id`),
  ADD KEY `points_transactions_order_id_foreign` (`order_id`),
  ADD KEY `points_transactions_review_id_foreign` (`review_id`),
  ADD KEY `points_transactions_created_by_foreign` (`created_by`);

--
-- Indexes for table `point_rules`
--
ALTER TABLE `point_rules`
  ADD PRIMARY KEY (`id`);

--
-- Indexes for table `products`
--
ALTER TABLE `products`
  ADD PRIMARY KEY (`id`),
  ADD UNIQUE KEY `products_sku_unique` (`sku`),
  ADD KEY `products_category_id_foreign` (`category_id`),
  ADD KEY `products_created_by_foreign` (`created_by`),
  ADD KEY `products_updated_by_foreign` (`updated_by`);

--
-- Indexes for table `product_imgs`
--
ALTER TABLE `product_imgs`
  ADD PRIMARY KEY (`id`),
  ADD KEY `product_imgs_product_id_foreign` (`product_id`);

--
-- Indexes for table `product_reviews`
--
ALTER TABLE `product_reviews`
  ADD PRIMARY KEY (`id`),
  ADD KEY `product_reviews_user_id_foreign` (`user_id`),
  ADD KEY `product_reviews_product_id_foreign` (`product_id`),
  ADD KEY `product_reviews_order_id_foreign` (`order_id`),
  ADD KEY `product_reviews_branch_id_foreign` (`branch_id`);

--
-- Indexes for table `product_toppings`
--
ALTER TABLE `product_toppings`
  ADD PRIMARY KEY (`id`),
  ADD UNIQUE KEY `product_toppings_product_id_topping_id_unique` (`product_id`,`topping_id`),
  ADD KEY `product_toppings_topping_id_foreign` (`topping_id`);

--
-- Indexes for table `product_variants`
--
ALTER TABLE `product_variants`
  ADD PRIMARY KEY (`id`),
  ADD KEY `product_variants_product_id_foreign` (`product_id`);

--
-- Indexes for table `product_variant_details`
--
ALTER TABLE `product_variant_details`
  ADD PRIMARY KEY (`id`),
  ADD UNIQUE KEY `pvd_product_variant_value_unique` (`product_variant_id`,`variant_value_id`),
  ADD KEY `product_variant_details_variant_value_id_foreign` (`variant_value_id`);

--
-- Indexes for table `promotion_branches`
--
ALTER TABLE `promotion_branches`
  ADD PRIMARY KEY (`id`),
  ADD UNIQUE KEY `promotion_branches_promotion_program_id_branch_id_unique` (`promotion_program_id`,`branch_id`),
  ADD KEY `promotion_branches_branch_id_foreign` (`branch_id`);

--
-- Indexes for table `promotion_discount_codes`
--
ALTER TABLE `promotion_discount_codes`
  ADD PRIMARY KEY (`id`),
  ADD UNIQUE KEY `promotion_discount_unique` (`promotion_program_id`,`discount_code_id`),
  ADD KEY `promotion_discount_codes_discount_code_id_foreign` (`discount_code_id`);

--
-- Indexes for table `promotion_programs`
--
ALTER TABLE `promotion_programs`
  ADD PRIMARY KEY (`id`),
  ADD KEY `promotion_programs_created_by_foreign` (`created_by`);

--
-- Indexes for table `return_orders`
--
ALTER TABLE `return_orders`
  ADD PRIMARY KEY (`id`),
  ADD KEY `return_orders_order_id_foreign` (`order_id`),
  ADD KEY `return_orders_customer_id_foreign` (`customer_id`);

--
-- Indexes for table `review_replies`
--
ALTER TABLE `review_replies`
  ADD PRIMARY KEY (`id`),
  ADD KEY `review_replies_review_id_foreign` (`review_id`),
  ADD KEY `review_replies_user_id_foreign` (`user_id`);

--
-- Indexes for table `roles`
--
ALTER TABLE `roles`
  ADD PRIMARY KEY (`id`);

--
-- Indexes for table `sessions`
--
ALTER TABLE `sessions`
  ADD PRIMARY KEY (`id`),
  ADD KEY `sessions_user_id_index` (`user_id`),
  ADD KEY `sessions_last_activity_index` (`last_activity`);

--
-- Indexes for table `toppings`
--
ALTER TABLE `toppings`
  ADD PRIMARY KEY (`id`);

--
-- Indexes for table `topping_stocks`
--
ALTER TABLE `topping_stocks`
  ADD PRIMARY KEY (`id`),
  ADD UNIQUE KEY `topping_stocks_branch_id_topping_id_unique` (`branch_id`,`topping_id`),
  ADD KEY `topping_stocks_topping_id_foreign` (`topping_id`);

--
-- Indexes for table `users`
--
ALTER TABLE `users`
  ADD PRIMARY KEY (`id`),
  ADD UNIQUE KEY `users_email_unique` (`email`),
  ADD KEY `users_user_rank_id_foreign` (`user_rank_id`);

--
-- Indexes for table `user_discount_codes`
--
ALTER TABLE `user_discount_codes`
  ADD PRIMARY KEY (`id`),
  ADD UNIQUE KEY `user_discount_codes_user_id_discount_code_id_unique` (`user_id`,`discount_code_id`),
  ADD KEY `user_discount_codes_discount_code_id_foreign` (`discount_code_id`);

--
-- Indexes for table `user_ranks`
--
ALTER TABLE `user_ranks`
  ADD PRIMARY KEY (`id`),
  ADD UNIQUE KEY `user_ranks_slug_unique` (`slug`);

--
-- Indexes for table `user_rank_history`
--
ALTER TABLE `user_rank_history`
  ADD PRIMARY KEY (`id`),
  ADD KEY `user_rank_history_user_id_foreign` (`user_id`),
  ADD KEY `user_rank_history_old_rank_id_foreign` (`old_rank_id`),
  ADD KEY `user_rank_history_new_rank_id_foreign` (`new_rank_id`);

--
-- Indexes for table `user_roles`
--
ALTER TABLE `user_roles`
  ADD PRIMARY KEY (`id`),
  ADD UNIQUE KEY `user_roles_user_id_role_id_unique` (`user_id`,`role_id`),
  ADD KEY `user_roles_role_id_foreign` (`role_id`);

--
-- Indexes for table `variant_attributes`
--
ALTER TABLE `variant_attributes`
  ADD PRIMARY KEY (`id`),
  ADD UNIQUE KEY `variant_attributes_name_unique` (`name`);

--
-- Indexes for table `variant_values`
--
ALTER TABLE `variant_values`
  ADD PRIMARY KEY (`id`),
  ADD KEY `variant_values_variant_attribute_id_foreign` (`variant_attribute_id`);

--
-- Indexes for table `wishlist_items`
--
ALTER TABLE `wishlist_items`
  ADD PRIMARY KEY (`id`),
  ADD UNIQUE KEY `wishlist_items_user_id_product_id_unique` (`user_id`,`product_id`),
  ADD KEY `wishlist_items_product_id_foreign` (`product_id`);

--
-- AUTO_INCREMENT for dumped tables
--

--
-- AUTO_INCREMENT for table `addresses`
--
ALTER TABLE `addresses`
  MODIFY `id` bigint UNSIGNED NOT NULL AUTO_INCREMENT;

--
-- AUTO_INCREMENT for table `banners`
--
ALTER TABLE `banners`
  MODIFY `id` bigint UNSIGNED NOT NULL AUTO_INCREMENT, AUTO_INCREMENT=9;

--
-- AUTO_INCREMENT for table `branches`
--
ALTER TABLE `branches`
  MODIFY `id` bigint UNSIGNED NOT NULL AUTO_INCREMENT, AUTO_INCREMENT=4;

--
-- AUTO_INCREMENT for table `branch_images`
--
ALTER TABLE `branch_images`
  MODIFY `id` bigint UNSIGNED NOT NULL AUTO_INCREMENT;

--
-- AUTO_INCREMENT for table `branch_stocks`
--
ALTER TABLE `branch_stocks`
  MODIFY `id` bigint UNSIGNED NOT NULL AUTO_INCREMENT, AUTO_INCREMENT=2431;

--
-- AUTO_INCREMENT for table `carts`
--
ALTER TABLE `carts`
  MODIFY `id` bigint UNSIGNED NOT NULL AUTO_INCREMENT;

--
-- AUTO_INCREMENT for table `cart_items`
--
ALTER TABLE `cart_items`
  MODIFY `id` bigint UNSIGNED NOT NULL AUTO_INCREMENT;

--
-- AUTO_INCREMENT for table `cart_item_toppings`
--
ALTER TABLE `cart_item_toppings`
  MODIFY `id` bigint UNSIGNED NOT NULL AUTO_INCREMENT;

--
-- AUTO_INCREMENT for table `categories`
--
ALTER TABLE `categories`
  MODIFY `id` bigint UNSIGNED NOT NULL AUTO_INCREMENT, AUTO_INCREMENT=7;

--
-- AUTO_INCREMENT for table `chat_messages`
--
ALTER TABLE `chat_messages`
  MODIFY `id` bigint UNSIGNED NOT NULL AUTO_INCREMENT;

--
-- AUTO_INCREMENT for table `combos`
--
ALTER TABLE `combos`
  MODIFY `id` bigint UNSIGNED NOT NULL AUTO_INCREMENT, AUTO_INCREMENT=11;

--
-- AUTO_INCREMENT for table `combo_items`
--
ALTER TABLE `combo_items`
  MODIFY `id` bigint UNSIGNED NOT NULL AUTO_INCREMENT, AUTO_INCREMENT=30;

--
-- AUTO_INCREMENT for table `contacts`
--
ALTER TABLE `contacts`
  MODIFY `id` bigint UNSIGNED NOT NULL AUTO_INCREMENT;

--
-- AUTO_INCREMENT for table `discount_codes`
--
ALTER TABLE `discount_codes`
  MODIFY `id` bigint UNSIGNED NOT NULL AUTO_INCREMENT, AUTO_INCREMENT=21;

--
-- AUTO_INCREMENT for table `discount_code_branches`
--
ALTER TABLE `discount_code_branches`
  MODIFY `id` bigint UNSIGNED NOT NULL AUTO_INCREMENT, AUTO_INCREMENT=69;

--
-- AUTO_INCREMENT for table `discount_code_products`
--
ALTER TABLE `discount_code_products`
  MODIFY `id` bigint UNSIGNED NOT NULL AUTO_INCREMENT, AUTO_INCREMENT=62;

--
-- AUTO_INCREMENT for table `discount_usage_history`
--
ALTER TABLE `discount_usage_history`
  MODIFY `id` bigint UNSIGNED NOT NULL AUTO_INCREMENT, AUTO_INCREMENT=54;

--
-- AUTO_INCREMENT for table `drivers`
--
ALTER TABLE `drivers`
  MODIFY `id` bigint UNSIGNED NOT NULL AUTO_INCREMENT, AUTO_INCREMENT=11;

--
-- AUTO_INCREMENT for table `driver_applications`
--
ALTER TABLE `driver_applications`
  MODIFY `id` bigint UNSIGNED NOT NULL AUTO_INCREMENT, AUTO_INCREMENT=21;

--
-- AUTO_INCREMENT for table `driver_violations`
--
ALTER TABLE `driver_violations`
  MODIFY `id` bigint UNSIGNED NOT NULL AUTO_INCREMENT;

--
-- AUTO_INCREMENT for table `failed_jobs`
--
ALTER TABLE `failed_jobs`
  MODIFY `id` bigint UNSIGNED NOT NULL AUTO_INCREMENT;

--
-- AUTO_INCREMENT for table `jobs`
--
ALTER TABLE `jobs`
  MODIFY `id` bigint UNSIGNED NOT NULL AUTO_INCREMENT, AUTO_INCREMENT=44;

--
-- AUTO_INCREMENT for table `migrations`
--
ALTER TABLE `migrations`
  MODIFY `id` int UNSIGNED NOT NULL AUTO_INCREMENT, AUTO_INCREMENT=46;

--
-- AUTO_INCREMENT for table `orders`
--
ALTER TABLE `orders`
  MODIFY `id` bigint UNSIGNED NOT NULL AUTO_INCREMENT, AUTO_INCREMENT=101;

--
-- AUTO_INCREMENT for table `order_cancellations`
--
ALTER TABLE `order_cancellations`
  MODIFY `id` bigint UNSIGNED NOT NULL AUTO_INCREMENT;

--
-- AUTO_INCREMENT for table `order_items`
--
ALTER TABLE `order_items`
  MODIFY `id` bigint UNSIGNED NOT NULL AUTO_INCREMENT, AUTO_INCREMENT=318;

--
-- AUTO_INCREMENT for table `order_item_toppings`
--
ALTER TABLE `order_item_toppings`
  MODIFY `id` bigint UNSIGNED NOT NULL AUTO_INCREMENT;

--
-- AUTO_INCREMENT for table `order_status_histories`
--
ALTER TABLE `order_status_histories`
  MODIFY `id` bigint UNSIGNED NOT NULL AUTO_INCREMENT;

--
-- AUTO_INCREMENT for table `payments`
--
ALTER TABLE `payments`
  MODIFY `id` bigint UNSIGNED NOT NULL AUTO_INCREMENT;

--
-- AUTO_INCREMENT for table `payment_methods`
--
ALTER TABLE `payment_methods`
  MODIFY `id` bigint UNSIGNED NOT NULL AUTO_INCREMENT;

--
-- AUTO_INCREMENT for table `points_transactions`
--
ALTER TABLE `points_transactions`
  MODIFY `id` bigint UNSIGNED NOT NULL AUTO_INCREMENT;

--
-- AUTO_INCREMENT for table `point_rules`
--
ALTER TABLE `point_rules`
  MODIFY `id` bigint UNSIGNED NOT NULL AUTO_INCREMENT;

--
-- AUTO_INCREMENT for table `products`
--
ALTER TABLE `products`
  MODIFY `id` bigint UNSIGNED NOT NULL AUTO_INCREMENT, AUTO_INCREMENT=91;

--
-- AUTO_INCREMENT for table `product_imgs`
--
ALTER TABLE `product_imgs`
  MODIFY `id` bigint UNSIGNED NOT NULL AUTO_INCREMENT, AUTO_INCREMENT=222;

--
-- AUTO_INCREMENT for table `product_reviews`
--
ALTER TABLE `product_reviews`
  MODIFY `id` bigint UNSIGNED NOT NULL AUTO_INCREMENT, AUTO_INCREMENT=901;

--
-- AUTO_INCREMENT for table `product_toppings`
--
ALTER TABLE `product_toppings`
  MODIFY `id` bigint UNSIGNED NOT NULL AUTO_INCREMENT, AUTO_INCREMENT=461;

--
-- AUTO_INCREMENT for table `product_variants`
--
ALTER TABLE `product_variants`
  MODIFY `id` bigint UNSIGNED NOT NULL AUTO_INCREMENT, AUTO_INCREMENT=811;

--
-- AUTO_INCREMENT for table `product_variant_details`
--
ALTER TABLE `product_variant_details`
  MODIFY `id` bigint UNSIGNED NOT NULL AUTO_INCREMENT, AUTO_INCREMENT=1621;

--
-- AUTO_INCREMENT for table `promotion_branches`
--
ALTER TABLE `promotion_branches`
  MODIFY `id` bigint UNSIGNED NOT NULL AUTO_INCREMENT, AUTO_INCREMENT=17;

--
-- AUTO_INCREMENT for table `promotion_discount_codes`
--
ALTER TABLE `promotion_discount_codes`
  MODIFY `id` bigint UNSIGNED NOT NULL AUTO_INCREMENT, AUTO_INCREMENT=33;

--
-- AUTO_INCREMENT for table `promotion_programs`
--
ALTER TABLE `promotion_programs`
  MODIFY `id` bigint UNSIGNED NOT NULL AUTO_INCREMENT, AUTO_INCREMENT=12;

--
-- AUTO_INCREMENT for table `return_orders`
--
ALTER TABLE `return_orders`
  MODIFY `id` bigint UNSIGNED NOT NULL AUTO_INCREMENT;

--
-- AUTO_INCREMENT for table `review_replies`
--
ALTER TABLE `review_replies`
  MODIFY `id` bigint UNSIGNED NOT NULL AUTO_INCREMENT;

--
-- AUTO_INCREMENT for table `roles`
--
ALTER TABLE `roles`
  MODIFY `id` bigint UNSIGNED NOT NULL AUTO_INCREMENT, AUTO_INCREMENT=6;

--
-- AUTO_INCREMENT for table `toppings`
--
ALTER TABLE `toppings`
  MODIFY `id` bigint UNSIGNED NOT NULL AUTO_INCREMENT, AUTO_INCREMENT=21;

--
-- AUTO_INCREMENT for table `topping_stocks`
--
ALTER TABLE `topping_stocks`
  MODIFY `id` bigint UNSIGNED NOT NULL AUTO_INCREMENT, AUTO_INCREMENT=61;

--
-- AUTO_INCREMENT for table `users`
--
ALTER TABLE `users`
  MODIFY `id` bigint UNSIGNED NOT NULL AUTO_INCREMENT, AUTO_INCREMENT=78;

--
-- AUTO_INCREMENT for table `user_discount_codes`
--
ALTER TABLE `user_discount_codes`
  MODIFY `id` bigint UNSIGNED NOT NULL AUTO_INCREMENT, AUTO_INCREMENT=141;

--
-- AUTO_INCREMENT for table `user_ranks`
--
ALTER TABLE `user_ranks`
  MODIFY `id` bigint UNSIGNED NOT NULL AUTO_INCREMENT, AUTO_INCREMENT=6;

--
-- AUTO_INCREMENT for table `user_rank_history`
--
ALTER TABLE `user_rank_history`
  MODIFY `id` bigint UNSIGNED NOT NULL AUTO_INCREMENT, AUTO_INCREMENT=228;

--
-- AUTO_INCREMENT for table `user_roles`
--
ALTER TABLE `user_roles`
  MODIFY `id` bigint UNSIGNED NOT NULL AUTO_INCREMENT, AUTO_INCREMENT=28;

--
-- AUTO_INCREMENT for table `variant_attributes`
--
ALTER TABLE `variant_attributes`
  MODIFY `id` bigint UNSIGNED NOT NULL AUTO_INCREMENT, AUTO_INCREMENT=3;

--
-- AUTO_INCREMENT for table `variant_values`
--
ALTER TABLE `variant_values`
  MODIFY `id` bigint UNSIGNED NOT NULL AUTO_INCREMENT, AUTO_INCREMENT=7;

--
-- AUTO_INCREMENT for table `wishlist_items`
--
ALTER TABLE `wishlist_items`
  MODIFY `id` bigint UNSIGNED NOT NULL AUTO_INCREMENT;

--
-- Constraints for dumped tables
--

--
-- Constraints for table `addresses`
--
ALTER TABLE `addresses`
  ADD CONSTRAINT `addresses_user_id_foreign` FOREIGN KEY (`user_id`) REFERENCES `users` (`id`);

--
-- Constraints for table `branch_images`
--
ALTER TABLE `branch_images`
  ADD CONSTRAINT `branch_images_branch_id_foreign` FOREIGN KEY (`branch_id`) REFERENCES `branches` (`id`) ON DELETE CASCADE;

--
-- Constraints for table `branch_stocks`
--
ALTER TABLE `branch_stocks`
  ADD CONSTRAINT `branch_stocks_branch_id_foreign` FOREIGN KEY (`branch_id`) REFERENCES `branches` (`id`) ON DELETE CASCADE,
  ADD CONSTRAINT `branch_stocks_product_variant_id_foreign` FOREIGN KEY (`product_variant_id`) REFERENCES `product_variants` (`id`) ON DELETE CASCADE;

--
-- Constraints for table `carts`
--
ALTER TABLE `carts`
  ADD CONSTRAINT `carts_user_id_foreign` FOREIGN KEY (`user_id`) REFERENCES `users` (`id`) ON DELETE CASCADE;

--
-- Constraints for table `cart_items`
--
ALTER TABLE `cart_items`
  ADD CONSTRAINT `cart_items_cart_id_foreign` FOREIGN KEY (`cart_id`) REFERENCES `carts` (`id`) ON DELETE CASCADE,
  ADD CONSTRAINT `cart_items_combo_id_foreign` FOREIGN KEY (`combo_id`) REFERENCES `combos` (`id`) ON DELETE CASCADE,
  ADD CONSTRAINT `cart_items_product_variant_id_foreign` FOREIGN KEY (`product_variant_id`) REFERENCES `product_variants` (`id`) ON DELETE CASCADE;

--
-- Constraints for table `cart_item_toppings`
--
ALTER TABLE `cart_item_toppings`
  ADD CONSTRAINT `cart_item_toppings_cart_item_id_foreign` FOREIGN KEY (`cart_item_id`) REFERENCES `cart_items` (`id`) ON DELETE CASCADE,
  ADD CONSTRAINT `cart_item_toppings_topping_id_foreign` FOREIGN KEY (`topping_id`) REFERENCES `toppings` (`id`) ON DELETE CASCADE;

--
-- Constraints for table `chat_messages`
--
ALTER TABLE `chat_messages`
  ADD CONSTRAINT `chat_messages_branch_id_foreign` FOREIGN KEY (`branch_id`) REFERENCES `branches` (`id`),
  ADD CONSTRAINT `chat_messages_receiver_id_foreign` FOREIGN KEY (`receiver_id`) REFERENCES `users` (`id`),
  ADD CONSTRAINT `chat_messages_related_order_id_foreign` FOREIGN KEY (`related_order_id`) REFERENCES `orders` (`id`),
  ADD CONSTRAINT `chat_messages_sender_id_foreign` FOREIGN KEY (`sender_id`) REFERENCES `users` (`id`);

--
-- Constraints for table `combo_items`
--
ALTER TABLE `combo_items`
  ADD CONSTRAINT `combo_items_combo_id_foreign` FOREIGN KEY (`combo_id`) REFERENCES `combos` (`id`) ON DELETE CASCADE,
  ADD CONSTRAINT `combo_items_product_variant_id_foreign` FOREIGN KEY (`product_variant_id`) REFERENCES `product_variants` (`id`) ON DELETE CASCADE;

--
-- Constraints for table `discount_codes`
--
ALTER TABLE `discount_codes`
  ADD CONSTRAINT `discount_codes_created_by_foreign` FOREIGN KEY (`created_by`) REFERENCES `users` (`id`);

--
-- Constraints for table `discount_code_branches`
--
ALTER TABLE `discount_code_branches`
  ADD CONSTRAINT `discount_code_branches_branch_id_foreign` FOREIGN KEY (`branch_id`) REFERENCES `branches` (`id`) ON DELETE CASCADE,
  ADD CONSTRAINT `discount_code_branches_discount_code_id_foreign` FOREIGN KEY (`discount_code_id`) REFERENCES `discount_codes` (`id`) ON DELETE CASCADE;

--
-- Constraints for table `discount_code_products`
--
ALTER TABLE `discount_code_products`
  ADD CONSTRAINT `discount_code_products_category_id_foreign` FOREIGN KEY (`category_id`) REFERENCES `categories` (`id`) ON DELETE CASCADE,
  ADD CONSTRAINT `discount_code_products_combo_id_foreign` FOREIGN KEY (`combo_id`) REFERENCES `combos` (`id`) ON DELETE CASCADE,
  ADD CONSTRAINT `discount_code_products_discount_code_id_foreign` FOREIGN KEY (`discount_code_id`) REFERENCES `discount_codes` (`id`) ON DELETE CASCADE,
  ADD CONSTRAINT `discount_code_products_product_id_foreign` FOREIGN KEY (`product_id`) REFERENCES `products` (`id`) ON DELETE CASCADE;

--
-- Constraints for table `discount_usage_history`
--
ALTER TABLE `discount_usage_history`
  ADD CONSTRAINT `discount_usage_history_branch_id_foreign` FOREIGN KEY (`branch_id`) REFERENCES `branches` (`id`),
  ADD CONSTRAINT `discount_usage_history_discount_code_id_foreign` FOREIGN KEY (`discount_code_id`) REFERENCES `discount_codes` (`id`),
  ADD CONSTRAINT `discount_usage_history_order_id_foreign` FOREIGN KEY (`order_id`) REFERENCES `orders` (`id`) ON DELETE CASCADE,
  ADD CONSTRAINT `discount_usage_history_user_id_foreign` FOREIGN KEY (`user_id`) REFERENCES `users` (`id`);

--
-- Constraints for table `drivers`
--
ALTER TABLE `drivers`
  ADD CONSTRAINT `drivers_application_id_foreign` FOREIGN KEY (`application_id`) REFERENCES `driver_applications` (`id`) ON DELETE CASCADE,
  ADD CONSTRAINT `drivers_locked_by_foreign` FOREIGN KEY (`locked_by`) REFERENCES `users` (`id`) ON DELETE SET NULL,
  ADD CONSTRAINT `drivers_status_changed_by_foreign` FOREIGN KEY (`status_changed_by`) REFERENCES `users` (`id`) ON DELETE SET NULL,
  ADD CONSTRAINT `drivers_unlocked_by_foreign` FOREIGN KEY (`unlocked_by`) REFERENCES `users` (`id`) ON DELETE SET NULL,
  ADD CONSTRAINT `drivers_updated_by_foreign` FOREIGN KEY (`updated_by`) REFERENCES `users` (`id`) ON DELETE SET NULL;

--
-- Constraints for table `driver_violations`
--
ALTER TABLE `driver_violations`
  ADD CONSTRAINT `driver_violations_driver_id_foreign` FOREIGN KEY (`driver_id`) REFERENCES `drivers` (`id`) ON DELETE CASCADE,
  ADD CONSTRAINT `driver_violations_reported_by_foreign` FOREIGN KEY (`reported_by`) REFERENCES `users` (`id`) ON DELETE CASCADE;

--
-- Constraints for table `orders`
--
ALTER TABLE `orders`
  ADD CONSTRAINT `orders_address_id_foreign` FOREIGN KEY (`address_id`) REFERENCES `addresses` (`id`),
  ADD CONSTRAINT `orders_branch_id_foreign` FOREIGN KEY (`branch_id`) REFERENCES `branches` (`id`),
  ADD CONSTRAINT `orders_customer_id_foreign` FOREIGN KEY (`customer_id`) REFERENCES `users` (`id`),
  ADD CONSTRAINT `orders_discount_code_id_foreign` FOREIGN KEY (`discount_code_id`) REFERENCES `discount_codes` (`id`),
  ADD CONSTRAINT `orders_driver_id_foreign` FOREIGN KEY (`driver_id`) REFERENCES `drivers` (`id`),
  ADD CONSTRAINT `orders_payment_id_foreign` FOREIGN KEY (`payment_id`) REFERENCES `payments` (`id`);

--
-- Constraints for table `order_cancellations`
--
ALTER TABLE `order_cancellations`
  ADD CONSTRAINT `order_cancellations_cancelled_by_foreign` FOREIGN KEY (`cancelled_by`) REFERENCES `users` (`id`),
  ADD CONSTRAINT `order_cancellations_order_id_foreign` FOREIGN KEY (`order_id`) REFERENCES `orders` (`id`);

--
-- Constraints for table `order_items`
--
ALTER TABLE `order_items`
  ADD CONSTRAINT `order_items_combo_id_foreign` FOREIGN KEY (`combo_id`) REFERENCES `combos` (`id`) ON DELETE CASCADE,
  ADD CONSTRAINT `order_items_order_id_foreign` FOREIGN KEY (`order_id`) REFERENCES `orders` (`id`) ON DELETE CASCADE,
  ADD CONSTRAINT `order_items_product_variant_id_foreign` FOREIGN KEY (`product_variant_id`) REFERENCES `product_variants` (`id`) ON DELETE CASCADE;

--
-- Constraints for table `order_item_toppings`
--
ALTER TABLE `order_item_toppings`
  ADD CONSTRAINT `order_item_toppings_order_item_id_foreign` FOREIGN KEY (`order_item_id`) REFERENCES `order_items` (`id`) ON DELETE CASCADE,
  ADD CONSTRAINT `order_item_toppings_topping_id_foreign` FOREIGN KEY (`topping_id`) REFERENCES `toppings` (`id`) ON DELETE CASCADE;

--
-- Constraints for table `order_status_histories`
--
ALTER TABLE `order_status_histories`
  ADD CONSTRAINT `order_status_histories_changed_by_foreign` FOREIGN KEY (`changed_by`) REFERENCES `users` (`id`) ON DELETE SET NULL,
  ADD CONSTRAINT `order_status_histories_order_id_foreign` FOREIGN KEY (`order_id`) REFERENCES `orders` (`id`) ON DELETE CASCADE;

--
-- Constraints for table `payments`
--
ALTER TABLE `payments`
  ADD CONSTRAINT `payments_payment_method_id_foreign` FOREIGN KEY (`payment_method_id`) REFERENCES `payment_methods` (`id`);

--
-- Constraints for table `points_transactions`
--
ALTER TABLE `points_transactions`
  ADD CONSTRAINT `points_transactions_created_by_foreign` FOREIGN KEY (`created_by`) REFERENCES `users` (`id`),
  ADD CONSTRAINT `points_transactions_order_id_foreign` FOREIGN KEY (`order_id`) REFERENCES `orders` (`id`),
  ADD CONSTRAINT `points_transactions_review_id_foreign` FOREIGN KEY (`review_id`) REFERENCES `product_reviews` (`id`),
  ADD CONSTRAINT `points_transactions_user_id_foreign` FOREIGN KEY (`user_id`) REFERENCES `users` (`id`);

--
-- Constraints for table `products`
--
ALTER TABLE `products`
  ADD CONSTRAINT `products_category_id_foreign` FOREIGN KEY (`category_id`) REFERENCES `categories` (`id`),
  ADD CONSTRAINT `products_created_by_foreign` FOREIGN KEY (`created_by`) REFERENCES `users` (`id`),
  ADD CONSTRAINT `products_updated_by_foreign` FOREIGN KEY (`updated_by`) REFERENCES `users` (`id`);

--
-- Constraints for table `product_imgs`
--
ALTER TABLE `product_imgs`
  ADD CONSTRAINT `product_imgs_product_id_foreign` FOREIGN KEY (`product_id`) REFERENCES `products` (`id`) ON DELETE CASCADE;

--
-- Constraints for table `product_reviews`
--
ALTER TABLE `product_reviews`
  ADD CONSTRAINT `product_reviews_branch_id_foreign` FOREIGN KEY (`branch_id`) REFERENCES `branches` (`id`),
  ADD CONSTRAINT `product_reviews_order_id_foreign` FOREIGN KEY (`order_id`) REFERENCES `orders` (`id`),
  ADD CONSTRAINT `product_reviews_product_id_foreign` FOREIGN KEY (`product_id`) REFERENCES `products` (`id`),
  ADD CONSTRAINT `product_reviews_user_id_foreign` FOREIGN KEY (`user_id`) REFERENCES `users` (`id`);

--
-- Constraints for table `product_toppings`
--
ALTER TABLE `product_toppings`
  ADD CONSTRAINT `product_toppings_product_id_foreign` FOREIGN KEY (`product_id`) REFERENCES `products` (`id`) ON DELETE CASCADE,
  ADD CONSTRAINT `product_toppings_topping_id_foreign` FOREIGN KEY (`topping_id`) REFERENCES `toppings` (`id`) ON DELETE CASCADE;

--
-- Constraints for table `product_variants`
--
ALTER TABLE `product_variants`
  ADD CONSTRAINT `product_variants_product_id_foreign` FOREIGN KEY (`product_id`) REFERENCES `products` (`id`) ON DELETE CASCADE;

--
-- Constraints for table `product_variant_details`
--
ALTER TABLE `product_variant_details`
  ADD CONSTRAINT `product_variant_details_product_variant_id_foreign` FOREIGN KEY (`product_variant_id`) REFERENCES `product_variants` (`id`) ON DELETE CASCADE,
  ADD CONSTRAINT `product_variant_details_variant_value_id_foreign` FOREIGN KEY (`variant_value_id`) REFERENCES `variant_values` (`id`) ON DELETE CASCADE;

--
-- Constraints for table `promotion_branches`
--
ALTER TABLE `promotion_branches`
  ADD CONSTRAINT `promotion_branches_branch_id_foreign` FOREIGN KEY (`branch_id`) REFERENCES `branches` (`id`) ON DELETE CASCADE,
  ADD CONSTRAINT `promotion_branches_promotion_program_id_foreign` FOREIGN KEY (`promotion_program_id`) REFERENCES `promotion_programs` (`id`) ON DELETE CASCADE;

--
-- Constraints for table `promotion_discount_codes`
--
ALTER TABLE `promotion_discount_codes`
  ADD CONSTRAINT `promotion_discount_codes_discount_code_id_foreign` FOREIGN KEY (`discount_code_id`) REFERENCES `discount_codes` (`id`) ON DELETE CASCADE,
  ADD CONSTRAINT `promotion_discount_codes_promotion_program_id_foreign` FOREIGN KEY (`promotion_program_id`) REFERENCES `promotion_programs` (`id`) ON DELETE CASCADE;

--
-- Constraints for table `promotion_programs`
--
ALTER TABLE `promotion_programs`
  ADD CONSTRAINT `promotion_programs_created_by_foreign` FOREIGN KEY (`created_by`) REFERENCES `users` (`id`);

--
-- Constraints for table `return_orders`
--
ALTER TABLE `return_orders`
  ADD CONSTRAINT `return_orders_customer_id_foreign` FOREIGN KEY (`customer_id`) REFERENCES `users` (`id`),
  ADD CONSTRAINT `return_orders_order_id_foreign` FOREIGN KEY (`order_id`) REFERENCES `orders` (`id`) ON DELETE CASCADE;

--
-- Constraints for table `review_replies`
--
ALTER TABLE `review_replies`
  ADD CONSTRAINT `review_replies_review_id_foreign` FOREIGN KEY (`review_id`) REFERENCES `product_reviews` (`id`),
  ADD CONSTRAINT `review_replies_user_id_foreign` FOREIGN KEY (`user_id`) REFERENCES `users` (`id`);

--
-- Constraints for table `topping_stocks`
--
ALTER TABLE `topping_stocks`
  ADD CONSTRAINT `topping_stocks_branch_id_foreign` FOREIGN KEY (`branch_id`) REFERENCES `branches` (`id`) ON DELETE CASCADE,
  ADD CONSTRAINT `topping_stocks_topping_id_foreign` FOREIGN KEY (`topping_id`) REFERENCES `toppings` (`id`) ON DELETE CASCADE;

--
-- Constraints for table `users`
--
ALTER TABLE `users`
  ADD CONSTRAINT `users_user_rank_id_foreign` FOREIGN KEY (`user_rank_id`) REFERENCES `user_ranks` (`id`);

--
-- Constraints for table `user_discount_codes`
--
ALTER TABLE `user_discount_codes`
  ADD CONSTRAINT `user_discount_codes_discount_code_id_foreign` FOREIGN KEY (`discount_code_id`) REFERENCES `discount_codes` (`id`) ON DELETE CASCADE,
  ADD CONSTRAINT `user_discount_codes_user_id_foreign` FOREIGN KEY (`user_id`) REFERENCES `users` (`id`) ON DELETE CASCADE;

--
-- Constraints for table `user_rank_history`
--
ALTER TABLE `user_rank_history`
  ADD CONSTRAINT `user_rank_history_new_rank_id_foreign` FOREIGN KEY (`new_rank_id`) REFERENCES `user_ranks` (`id`),
  ADD CONSTRAINT `user_rank_history_old_rank_id_foreign` FOREIGN KEY (`old_rank_id`) REFERENCES `user_ranks` (`id`),
  ADD CONSTRAINT `user_rank_history_user_id_foreign` FOREIGN KEY (`user_id`) REFERENCES `users` (`id`) ON DELETE CASCADE;

--
-- Constraints for table `user_roles`
--
ALTER TABLE `user_roles`
  ADD CONSTRAINT `user_roles_role_id_foreign` FOREIGN KEY (`role_id`) REFERENCES `roles` (`id`) ON DELETE CASCADE,
  ADD CONSTRAINT `user_roles_user_id_foreign` FOREIGN KEY (`user_id`) REFERENCES `users` (`id`) ON DELETE CASCADE;

--
-- Constraints for table `variant_values`
--
ALTER TABLE `variant_values`
  ADD CONSTRAINT `variant_values_variant_attribute_id_foreign` FOREIGN KEY (`variant_attribute_id`) REFERENCES `variant_attributes` (`id`) ON DELETE CASCADE;

--
-- Constraints for table `wishlist_items`
--
ALTER TABLE `wishlist_items`
  ADD CONSTRAINT `wishlist_items_product_id_foreign` FOREIGN KEY (`product_id`) REFERENCES `products` (`id`) ON DELETE CASCADE,
  ADD CONSTRAINT `wishlist_items_user_id_foreign` FOREIGN KEY (`user_id`) REFERENCES `users` (`id`) ON DELETE CASCADE;
COMMIT;

/*!40101 SET CHARACTER_SET_CLIENT=@OLD_CHARACTER_SET_CLIENT */;
/*!40101 SET CHARACTER_SET_RESULTS=@OLD_CHARACTER_SET_RESULTS */;
/*!40101 SET COLLATION_CONNECTION=@OLD_COLLATION_CONNECTION */;
